"miu","be","sig","a","LogL","AIC","BIC"
0.435744796,0.846897094,0.362882086,0.494376872,-9265.947575,18539.89515,18566.82888
0.451214755,0.880902173,0.272067455,0.463503336,-9269.574873,18547.14975,18574.08348
0.440436755,0.90522763,0.224793313,0.445225905,-9271.504578,18551.00916,18577.94289
0.486481994,0.886705198,0.27440196,0.486251362,-9272.035172,18552.07034,18579.00407
0.402760106,0.820026691,0.334634775,0.506097695,-9273.369805,18554.73961,18581.67334
0.374276151,0.916960147,0.238881355,0.433894732,-9273.546058,18555.09212,18582.02585
0.421787917,0.914672242,0.233145683,0.459730863,-9273.812292,18555.62458,18582.55832
0.455318699,0.864487292,0.359882267,0.593334045,-9274.339619,18556.67924,18583.61297
0.49543247,0.901225198,0.315588898,0.495178035,-9276.015341,18560.03068,18586.96441
0.315100808,0.864779862,0.330782683,0.551795833,-9276.373849,18560.7477,18587.68143
0.610057809,0.900983269,0.264217822,0.444488288,-9278.558374,18565.11675,18592.05048
0.632443702,0.92369914,0.263197958,0.436457198,-9278.711927,18565.42385,18592.35759
0.601162469,0.897924937,0.279498464,0.494942403,-9279.416589,18566.83318,18593.76691
0.343905554,0.917091072,0.246654523,0.388755184,-9281.311811,18570.62362,18597.55735
0.538065782,0.854965187,0.332740206,0.460758673,-9281.556834,18571.11367,18598.0474
0.413238071,0.845428188,0.410463405,0.576805864,-9281.767563,18571.53513,18598.46886
0.485179616,0.783080818,0.457302239,0.593220663,-9282.235861,18572.47172,18599.40545
0.562382854,0.845675293,0.338013585,0.531382097,-9283.449583,18574.89917,18601.8329
0.630206207,0.889931569,0.273153372,0.443538633,-9283.487171,18574.97434,18601.90807
0.460834326,0.912911545,0.235408855,0.400827546,-9283.770077,18575.54015,18602.47389
0.497872705,0.863560182,0.340507921,0.575336583,-9285.323084,18578.64617,18605.5799
0.544743579,0.940823649,0.236459716,0.500311417,-9285.955333,18579.91067,18606.8444
0.455043149,0.946454823,0.2017158,0.427902317,-9286.291389,18580.58278,18607.51651
0.492437382,0.94680939,0.223269395,0.435710634,-9286.692616,18581.38523,18608.31896
0.526294028,0.930323752,0.261705191,0.485381057,-9286.833828,18581.66766,18608.60139
0.36646732,0.73555915,0.515245099,0.720149442,-9287.891551,18583.7831,18610.71683
0.49289021,0.890530722,0.325442443,0.471840267,-9288.431263,18584.86253,18611.79626
0.547564659,0.952123461,0.224993549,0.450824789,-9288.895283,18585.79057,18612.7243
0.604242815,0.932723568,0.242740444,0.452112674,-9289.165292,18586.33058,18613.26432
0.645895002,0.888706864,0.288212834,0.460003562,-9289.336564,18586.67313,18613.60686
0.445323415,0.803777535,0.394614018,0.466379346,-9289.488522,18586.97704,18613.91078
0.472455333,0.925738581,0.323157426,0.534564628,-9289.667476,18587.33495,18614.26868
0.432751265,0.728323094,0.454041479,0.609503483,-9289.746255,18587.49251,18614.42624
0.559979025,0.85028837,0.320874008,0.447119175,-9289.83797,18587.67594,18614.60967
0.608251953,0.932486975,0.197819807,0.409107565,-9290.259424,18588.51885,18615.45258
0.548437676,0.819102242,0.429003702,0.540056994,-9290.385057,18588.77011,18615.70385
0.527093108,0.874558056,0.310002188,0.567042282,-9290.939791,18589.87958,18616.81331
0.62503474,0.9468532,0.224204811,0.454652737,-9291.046523,18590.09305,18617.02678
0.443975724,0.87228991,0.270313733,0.392398216,-9291.193028,18590.38606,18617.31979
0.554427435,0.922054069,0.23644707,0.381311093,-9291.237209,18590.47442,18617.40815
0.445465677,0.806271474,0.407934452,0.663460254,-9291.50427,18591.00854,18617.94227
0.600590635,0.933189428,0.242598541,0.478135988,-9291.843311,18591.68662,18618.62035
0.387672959,0.778171852,0.500806983,0.663964934,-9291.944528,18591.88906,18618.82279
0.588077008,0.90302625,0.235801722,0.421696588,-9291.96582,18591.93164,18618.86537
0.384248234,0.902332514,0.325487023,0.576366991,-9292.127068,18592.25414,18619.18787
0.568087723,0.803879148,0.448435064,0.576974696,-9292.131078,18592.26216,18619.19589
0.336894138,0.82736758,0.293657992,0.511159348,-9292.207226,18592.41445,18619.34818
0.584400587,0.897549982,0.295718016,0.567633839,-9292.232981,18592.46596,18619.39969
0.485552773,0.914526971,0.212300593,0.496604078,-9292.295093,18592.59019,18619.52392
0.57613327,0.919647649,0.228007252,0.360263064,-9292.580707,18593.16141,18620.09514
0.551511958,0.904740715,0.283923335,0.404940969,-9292.644531,18593.28906,18620.22279
0.630641174,0.927970376,0.238480512,0.490963937,-9292.6725,18593.345,18620.27873
0.446678243,0.7471943,0.470940629,0.663909257,-9292.945041,18593.89008,18620.82381
0.487103814,0.896776476,0.245285499,0.392257646,-9293.211747,18594.42349,18621.35722
0.569889944,0.904654317,0.334406541,0.479577666,-9293.433808,18594.86762,18621.80135
0.402796086,0.84441179,0.334293179,0.413137069,-9294.140906,18596.28181,18623.21554
0.484366714,0.945885963,0.192834424,0.421809561,-9294.196954,18596.39391,18623.32764
0.717494637,0.885704849,0.317724924,0.499359926,-9294.313224,18596.62645,18623.56018
0.707260352,0.892730371,0.287650294,0.518979237,-9294.386924,18596.77385,18623.70758
0.411056325,0.796683854,0.46828349,0.517192533,-9294.750727,18597.50145,18624.43519
0.743586384,0.940874133,0.268571324,0.466846247,-9294.845184,18597.69037,18624.6241
0.564428642,0.878059624,0.309722607,0.404374572,-9295.003758,18598.00752,18624.94125
0.55910565,0.924859373,0.207208353,0.430768382,-9295.047895,18598.09579,18625.02952
0.545304583,0.923790292,0.316430608,0.475957904,-9295.367974,18598.73595,18625.66968
0.472485218,0.962702027,0.2008804,0.43903559,-9295.389595,18598.77919,18625.71292
0.565957872,0.906670442,0.321642603,0.478725161,-9295.478022,18598.95604,18625.88978
0.569318366,0.830284241,0.314415637,0.496255369,-9295.482563,18598.96513,18625.89886
0.319983628,0.74822597,0.563262624,0.709314469,-9295.66211,18599.32422,18626.25795
0.609397207,0.832506937,0.395244217,0.531234157,-9295.72412,18599.44824,18626.38197
0.333842957,0.926066743,0.278205141,0.38777226,-9295.817734,18599.63547,18626.5692
0.475841659,0.960625025,0.163124142,0.361466152,-9295.897276,18599.79455,18626.72828
0.637320119,0.954567281,0.216195332,0.461212868,-9296.178079,18600.35616,18627.28989
0.644783791,0.933295619,0.235496982,0.395390321,-9296.239306,18600.47861,18627.41234
0.53198468,0.916866686,0.210261056,0.488159841,-9296.396979,18600.79396,18627.72769
0.450721727,0.947251397,0.2516645,0.389891483,-9297.29677,18602.59354,18629.52727
0.719952924,0.9424783,0.217456623,0.435661277,-9297.40903,18602.81806,18629.75179
0.665755034,0.925385921,0.285175878,0.474315669,-9297.713963,18603.42793,18630.36166
0.263598478,0.579516321,0.629212616,0.648082351,-9297.847076,18603.69415,18630.62788
0.306791819,0.778471695,0.543495774,0.644765164,-9297.884856,18603.76971,18630.70344
0.291642449,0.904046795,0.287029513,0.597512056,-9298.258947,18604.51789,18631.45162
0.661758829,0.884082954,0.280116834,0.434540762,-9298.551526,18605.10305,18632.03678
0.749163607,0.940748717,0.234396682,0.422793874,-9298.597681,18605.19536,18632.12909
0.674633397,0.921927934,0.2486,0.530517736,-9299.322773,18606.64555,18633.57928
0.616297775,0.904988489,0.230853658,0.477453149,-9299.349124,18606.69825,18633.63198
0.269139351,0.686206071,0.507832507,0.733424717,-9299.423255,18606.84651,18633.78024
0.415629474,0.766025792,0.402705194,0.44130647,-9299.850875,18607.70175,18634.63548
0.458732266,0.858611766,0.421474824,0.504607158,-9299.879982,18607.75996,18634.6937
0.696854744,0.90836021,0.26638652,0.475372026,-9300.02793,18608.05586,18634.98959
0.49064686,0.924670007,0.296053327,0.404980626,-9301.159841,18610.31968,18637.25341
0.746028729,0.944691051,0.215564193,0.4351984,-9301.304842,18610.60968,18637.54342
0.677652659,0.946190958,0.223698557,0.406108315,-9301.414054,18610.82811,18637.76184
0.278320529,0.693190602,0.43952297,0.548932759,-9301.715549,18611.4311,18638.36483
0.615748785,0.931247866,0.19477577,0.381263965,-9302.070117,18612.14023,18639.07397
0.585232151,0.904651352,0.296563791,0.40167921,-9302.939124,18613.87825,18640.81198
0.291091313,0.652724441,0.612496815,0.637905093,-9303.2709,18614.5418,18641.47553
0.746360138,0.905137068,0.300214155,0.487063088,-9303.501823,18615.00365,18641.93738
0.406357177,0.846141126,0.364135309,0.401016002,-9303.735246,18615.47049,18642.40422
0.641673094,0.938767304,0.180059745,0.380118426,-9303.79317,18615.58634,18642.52007
0.61893221,0.938407847,0.233761478,0.493809654,-9303.863405,18615.72681,18642.66054
0.576404063,0.91099514,0.206663331,0.473764968,-9304.200472,18616.40094,18643.33468
0.666522264,0.893584983,0.330761825,0.571917323,-9304.559019,18617.11804,18644.05177
0.791814694,0.949835284,0.20470644,0.447045087,-9304.569806,18617.13961,18644.07334
0.632890872,0.925834502,0.286654376,0.561759476,-9304.595338,18617.19068,18644.12441
0.756269758,0.921297444,0.27638197,0.543464616,-9304.619791,18617.23958,18644.17331
0.719243601,0.943175282,0.264560545,0.471981714,-9304.877398,18617.7548,18644.68853
0.726033837,0.950686313,0.237567103,0.4188824,-9305.044004,18618.08801,18645.02174
0.699468864,0.904724997,0.305690932,0.580714393,-9305.347248,18618.6945,18645.62823
0.537057313,0.873988989,0.291257788,0.386101345,-9305.475828,18618.95166,18645.88539
0.607946219,0.954080256,0.214062296,0.385680777,-9305.561773,18619.12355,18646.05728
0.731828724,0.907748906,0.29033976,0.534342525,-9305.590875,18619.18175,18646.11548
0.547880366,0.953576825,0.173693169,0.408212628,-9305.636314,18619.27263,18646.20636
0.564566364,0.917913735,0.318393982,0.565878975,-9305.687051,18619.3741,18646.30783
0.570514337,0.926177023,0.299072074,0.551176368,-9305.869505,18619.73901,18646.67274
0.595354855,0.961118408,0.218811895,0.435382729,-9306.092134,18620.18427,18647.118
0.685874522,0.906601855,0.248903301,0.405171658,-9306.322331,18620.64466,18647.57839
0.769974223,0.964817662,0.193113449,0.433126753,-9306.624206,18621.24841,18648.18214
0.670661892,0.942935364,0.245020076,0.527843198,-9306.686518,18621.37304,18648.30677
0.573272324,0.962511024,0.230433256,0.419995709,-9306.780532,18621.56106,18648.4948
0.65454629,0.907449663,0.274278987,0.565980536,-9306.804262,18621.60852,18648.54226
0.735392613,0.90711123,0.244342763,0.501035527,-9306.829115,18621.65823,18648.59196
0.556663766,0.956739069,0.268415274,0.448078172,-9306.913993,18621.82799,18648.76172
0.706392116,0.965008212,0.218169439,0.438154432,-9307.107804,18622.21561,18649.14934
0.70895549,0.93563909,0.179837977,0.41101446,-9307.112342,18622.22468,18649.15842
0.50619014,0.964009757,0.230961839,0.507036276,-9307.191949,18622.3839,18649.31763
0.574275358,0.9366549,0.176911655,0.470329071,-9307.410529,18622.82106,18649.75479
0.562262187,0.779919718,0.435864702,0.484374723,-9307.465325,18622.93065,18649.86438
0.58792655,0.9412286,0.277872656,0.559276002,-9307.610592,18623.22118,18650.15491
0.580286286,0.911556128,0.296219614,0.592053677,-9307.927085,18623.85417,18650.7879
0.678146137,0.905696186,0.318120841,0.447519428,-9307.937488,18623.87498,18650.80871
0.637906633,0.917067703,0.221202944,0.424008394,-9308.10896,18624.21792,18651.15165
0.683239111,0.948108066,0.181495769,0.427317221,-9308.265096,18624.53019,18651.46392
0.511532486,0.876355915,0.247529201,0.378489915,-9308.38232,18624.76464,18651.69837
0.842250415,0.965514993,0.200678798,0.450775961,-9308.405577,18624.81115,18651.74489
0.189410499,0.811082562,0.491340313,0.619307381,-9308.672023,18625.34405,18652.27778
0.710478609,0.959847974,0.209552736,0.384671031,-9308.674176,18625.34835,18652.28208
0.741487351,0.950501588,0.186223403,0.408385252,-9309.466534,18626.93307,18653.8668
0.315554027,0.840141554,0.39990027,0.697295794,-9309.905021,18627.81004,18654.74377
0.716973187,0.945560382,0.175082766,0.446069128,-9309.941442,18627.88288,18654.81662
0.618358004,0.796621596,0.402178947,0.554560684,-9310.053914,18628.10783,18655.04156
0.755468205,0.952477144,0.196565375,0.465463318,-9310.397211,18628.79442,18655.72815
0.649735019,0.963705786,0.197529991,0.392686646,-9310.542688,18629.08538,18656.01911
0.58094929,0.810362755,0.383552277,0.600834424,-9310.822873,18629.64575,18656.57948
0.583658996,0.955389893,0.253215527,0.49846217,-9310.984085,18629.96817,18656.9019
0.575542387,0.952775331,0.165812468,0.401006029,-9311.113007,18630.22601,18657.15975
0.481251702,0.965838336,0.21053137,0.383426743,-9311.429069,18630.85814,18657.79187
0.494868545,0.779105148,0.50900295,0.639478945,-9311.573012,18631.14602,18658.07976
0.509101939,0.963396168,0.162540156,0.402394677,-9311.770864,18631.54173,18658.47546
0.248973472,0.779418347,0.512018009,0.729342323,-9312.186318,18632.37264,18659.30637
0.808329693,0.957646727,0.19331518,0.416285334,-9312.508086,18633.01617,18659.9499
0.307120047,0.814103714,0.332556375,0.396076571,-9312.82172,18633.64344,18660.57717
0.49506206,0.942774886,0.262407011,0.445925412,-9312.841608,18633.68322,18660.61695
0.634968874,0.955122822,0.249140416,0.441428579,-9312.977711,18633.95542,18660.88915
0.604083367,0.898655247,0.253256379,0.562271115,-9312.981814,18633.96363,18660.89736
0.590497888,0.97062622,0.186167096,0.412562387,-9313.007636,18634.01527,18660.949
0.710774702,0.90287154,0.247798383,0.443103655,-9313.110566,18634.22113,18661.15486
0.435554834,0.914454876,0.376675603,0.535851088,-9313.128925,18634.25785,18661.19158
0.76365076,0.953099029,0.253845199,0.469802769,-9313.3455,18634.691,18661.62473
0.562305785,0.911158448,0.266411058,0.579974853,-9313.824797,18635.64959,18662.58333
0.828500152,0.956124749,0.239097476,0.402345389,-9313.949684,18635.89937,18662.8331
0.474377771,0.821234705,0.398081728,0.422117777,-9314.055125,18636.11025,18663.04398
0.753247207,0.943277851,0.232431796,0.511303029,-9314.272152,18636.5443,18663.47804
0.697466868,0.951906907,0.206762733,0.409026967,-9314.302888,18636.60578,18663.53951
0.699596139,0.96255805,0.176456738,0.440066567,-9314.335027,18636.67005,18663.60379
0.725692394,0.904959987,0.251232574,0.412589817,-9314.573089,18637.14618,18664.07991
0.588860055,0.961994271,0.233843478,0.472295945,-9314.662417,18637.32483,18664.25857
0.669286479,0.954150265,0.203739677,0.382804071,-9314.996806,18637.99361,18664.92734
0.734339113,0.946636854,0.197100696,0.47835359,-9315.344059,18638.68812,18665.62185
0.231024117,0.749164445,0.562035187,0.594277317,-9316.061978,18640.12396,18667.05769
0.698134361,0.878454426,0.311415496,0.511219992,-9316.187619,18640.37524,18667.30897
0.515477581,0.715746287,0.456583295,0.568467182,-9316.217486,18640.43497,18667.3687
0.540516239,0.964479561,0.236069319,0.462040013,-9316.29951,18640.59902,18667.53275
0.795832213,0.91013957,0.268064094,0.501396786,-9316.300772,18640.60154,18667.53528
0.637678056,0.790907063,0.425947405,0.545491015,-9316.558279,18641.11656,18668.05029
0.596034169,0.962936024,0.196211757,0.382707686,-9317.531171,18643.06234,18669.99607
0.292035496,0.455147092,0.74114321,0.904253645,-9317.613008,18643.22602,18670.15975
0.643158643,0.960302355,0.17592542,0.373921453,-9317.6775,18643.355,18670.28873
0.500717146,0.886754772,0.340126336,0.393638592,-9317.825901,18643.6518,18670.58553
0.333814116,0.940976079,0.317668509,0.525246194,-9318.011251,18644.0225,18670.95623
0.515416691,0.913188959,0.18044529,0.472419176,-9318.027218,18644.05444,18670.98817
0.571947964,0.973962049,0.177781971,0.401876709,-9318.291901,18644.5838,18671.51753
0.473126368,0.897654062,0.234559419,0.545363861,-9318.388487,18644.77697,18671.71071
0.546670379,0.965222326,0.148783853,0.385303535,-9318.543384,18645.08677,18672.0205
0.743790012,0.913991217,0.219456347,0.424930168,-9318.659275,18645.31855,18672.25228
0.341796658,0.897291766,0.201839608,0.429579078,-9318.936158,18645.87232,18672.80605
0.630605315,0.967284375,0.152694906,0.385542749,-9318.945553,18645.89111,18672.82484
0.303781364,0.964802104,0.142498667,0.372794677,-9319.068797,18646.13759,18673.07133
0.673190128,0.922363541,0.202493707,0.379643948,-9319.103416,18646.20683,18673.14056
0.661718905,0.906654061,0.262364194,0.38014689,-9319.145633,18646.29127,18673.225
0.575165268,0.913598217,0.193452398,0.363463687,-9319.468971,18646.93794,18673.87167
0.723025744,0.868960057,0.350340985,0.463893204,-9319.967432,18647.93486,18674.8686
0.681868758,0.96257883,0.206887759,0.377412164,-9320.539562,18649.07912,18676.01285
0.404310455,0.969295923,0.159697831,0.371700966,-9320.645016,18649.29003,18676.22376
0.664585051,0.968504118,0.149676599,0.415307108,-9320.703852,18649.4077,18676.34143
0.664847504,0.908565597,0.268487202,0.591902379,-9320.801957,18649.60391,18676.53765
0.488089037,0.710608727,0.435184434,0.611791428,-9320.827865,18649.65573,18676.58946
0.730636869,0.944851417,0.187826194,0.449079663,-9321.015866,18650.03173,18676.96546
0.444552124,0.958099116,0.161878214,0.345389098,-9321.123831,18650.24766,18677.18139
0.657117871,0.951303439,0.16006996,0.409443529,-9321.667147,18651.33429,18678.26803
0.644228865,0.897348161,0.372085283,0.468788832,-9321.673836,18651.34767,18678.2814
0.671675764,0.960185238,0.198061169,0.350248829,-9321.974505,18651.94901,18678.88274
0.358685927,0.868013542,0.24056837,0.362816546,-9322.642181,18653.28436,18680.21809
0.571685534,0.952860871,0.301969741,0.478778921,-9322.658657,18653.31731,18680.25105
0.53388364,0.974186655,0.16377915,0.423841092,-9322.733524,18653.46705,18680.40078
0.385001693,0.656651573,0.65434658,0.642007185,-9322.876806,18653.75361,18680.68734
0.787837511,0.891169594,0.310260585,0.518479864,-9323.291523,18654.58305,18681.51678
0.566264995,0.889846717,0.428802841,0.563248015,-9323.48625,18654.9725,18681.90623
0.715146146,0.907642841,0.360627446,0.474353785,-9323.582289,18655.16458,18682.09831
0.478559021,0.80698279,0.287418238,0.50418098,-9323.962174,18655.92435,18682.85808
0.837530527,0.933253494,0.305108051,0.514599435,-9324.199214,18656.39843,18683.33216
0.75795818,0.918837643,0.280047686,0.405140586,-9324.476411,18656.95282,18683.88655
0.70453412,0.964396715,0.155959275,0.367453599,-9324.501454,18657.00291,18683.93664
0.624943069,0.815939909,0.471792384,0.589622063,-9324.508147,18657.01629,18683.95003
0.697466918,0.8963212,0.293801235,0.379396829,-9324.653534,18657.30707,18684.2408
0.493926192,0.972716542,0.186574624,0.365744866,-9324.925783,18657.85157,18684.7853
0.618727061,0.949395587,0.277438611,0.415210287,-9324.991335,18657.98267,18684.9164
0.724238199,0.897288586,0.292224359,0.557293142,-9325.206529,18658.41306,18685.34679
0.518268313,0.698888584,0.437641368,0.519549798,-9325.304426,18658.60885,18685.54258
0.69764599,0.935714039,0.218449028,0.523443897,-9325.490605,18658.98121,18685.91494
0.645878609,0.807885152,0.467741239,0.565583232,-9325.562349,18659.1247,18686.05843
0.668736886,0.950419094,0.290980158,0.543360148,-9325.575989,18659.15198,18686.08571
0.808899793,0.926024709,0.222963842,0.426791485,-9326.005089,18660.01018,18686.94391
0.763510003,0.93590036,0.307992899,0.511404335,-9326.149091,18660.29818,18687.23191
0.61779427,0.839424661,0.278643873,0.417787767,-9326.239527,18660.47905,18687.41279
0.594425536,0.877078518,0.264934194,0.349905672,-9326.482882,18660.96576,18687.8995
0.634787994,0.918920295,0.221908192,0.342055082,-9326.813774,18661.62755,18688.56128
0.434703859,0.957708525,0.146857055,0.472479012,-9326.964992,18661.92998,18688.86372
0.575252089,0.936905859,0.342672423,0.548203554,-9327.410491,18662.82098,18689.75471
0.622522189,0.961985818,0.269078932,0.467369224,-9327.446725,18662.89345,18689.82718
0.65940755,0.867319504,0.258050609,0.451754307,-9327.468835,18662.93767,18689.8714
0.582529655,0.735340795,0.420775878,0.531568379,-9327.75079,18663.50158,18690.43531
0.663052734,0.933337134,0.247693752,0.563913552,-9329.033073,18666.06615,18692.99988
0.687481618,0.966669993,0.166476455,0.475896801,-9329.322423,18666.64485,18693.57858
0.57490488,0.793926172,0.44608154,0.461994559,-9329.34043,18666.68086,18693.61459
0.818369213,0.933222795,0.22413264,0.430886622,-9329.478088,18666.95618,18693.88991
0.538324239,0.809341029,0.5149368,0.589192855,-9330.217678,18668.43536,18695.36909
0.534234215,0.953549334,0.281746944,0.431299046,-9330.252109,18668.50422,18695.43795
0.672784068,0.980978025,0.150700192,0.455204025,-9330.421442,18668.84288,18695.77662
0.833627613,0.954978364,0.218979623,0.515017041,-9330.54103,18669.08206,18696.01579
0.793843852,0.929248307,0.206484311,0.389701815,-9330.580079,18669.16016,18696.09389
0.600160728,0.90275091,0.209812067,0.355364675,-9330.676993,18669.35399,18696.28772
0.33056605,0.972699347,0.197599321,0.371674907,-9331.001487,18670.00297,18696.93671
0.763590542,0.959080147,0.268509387,0.541875001,-9331.353105,18670.70621,18697.63994
0.611419664,0.959299221,0.272465321,0.56589855,-9332.286046,18672.57209,18699.50582
0.651355478,0.903371805,0.199358905,0.465090404,-9332.404688,18672.80938,18699.74311
0.696458868,0.967407888,0.139951389,0.401810271,-9332.474014,18672.94803,18699.88176
0.710899475,0.963240948,0.158184028,0.452448937,-9332.708424,18673.41685,18700.35058
0.73812855,0.967225896,0.152868476,0.457937632,-9332.982281,18673.96456,18700.89829
0.648705652,0.945825683,0.275809009,0.581608787,-9333.048478,18674.09696,18701.03069
0.903567616,0.949445176,0.202327823,0.458381229,-9333.128868,18674.25774,18701.19147
0.727211859,0.930834112,0.218656408,0.344689679,-9333.850771,18675.70154,18702.63527
0.553219566,0.982018488,0.152874993,0.368174378,-9333.982711,18675.96542,18702.89915
0.861340992,0.966584793,0.243083186,0.487917189,-9334.032782,18676.06556,18702.9993
0.578088667,0.948089264,0.179076837,0.316215,-9334.146247,18676.29249,18703.22623
0.75582087,0.903344448,0.301144975,0.600372481,-9334.149829,18676.29966,18703.23339
0.622140831,0.941444947,0.191485605,0.330426271,-9334.276518,18676.55304,18703.48677
0.59943902,0.954836687,0.168458294,0.328356103,-9334.478497,18676.95699,18703.89073
0.694529199,0.933816057,0.31458012,0.431141849,-9334.661654,18677.32331,18704.25704
0.679348628,0.944093143,0.167989742,0.467530528,-9334.699327,18677.39865,18704.33239
0.395859036,0.944909409,0.149587645,0.353284978,-9335.131809,18678.26362,18705.19735
0.435802441,0.934572498,0.164952252,0.323894694,-9335.189374,18678.37875,18705.31248
0.809568001,0.89679135,0.328127005,0.578192135,-9335.33872,18678.67744,18705.61117
0.621625777,0.968829614,0.178705712,0.332782229,-9335.501151,18679.0023,18705.93603
0.785852767,0.93683555,0.320968935,0.458698033,-9335.719929,18679.43986,18706.37359
0.807038049,0.913774825,0.330315232,0.576355275,-9336.228352,18680.4567,18707.39044
0.745623192,0.907168466,0.321925873,0.393393283,-9336.286702,18680.5734,18707.50713
0.403833527,0.837810998,0.263244781,0.360334284,-9336.324646,18680.64929,18707.58302
0.414323085,0.855941081,0.223517779,0.483649366,-9336.59497,18681.18994,18708.12367
0.920608527,0.949682343,0.277108851,0.459226802,-9336.73206,18681.46412,18708.39785
0.715147471,0.917143932,0.250015963,0.567248362,-9337.466837,18682.93367,18709.86741
0.674346937,0.864391802,0.447334717,0.602287182,-9337.705585,18683.41117,18710.3449
0.89020969,0.95283314,0.249258981,0.410634313,-9337.874465,18683.74893,18710.68266
1.018778004,0.949608813,0.262555103,0.459739949,-9338.070525,18684.14105,18711.07478
0.619994162,0.888874165,0.22061453,0.373393473,-9338.928494,18685.85699,18712.79072
0.589106285,0.953767422,0.319163263,0.523719987,-9339.352227,18686.70445,18713.63819
0.61535313,0.960883604,0.302183627,0.478417648,-9339.625266,18687.25053,18714.18426
0.830457373,0.897296607,0.350027196,0.513781169,-9340.186163,18688.37233,18715.30606
0.740754854,0.947383504,0.252383666,0.351483599,-9340.317639,18688.63528,18715.56901
0.46269976,0.689565209,0.391512331,0.487661663,-9340.333718,18688.66744,18715.60117
0.631122474,0.958037937,0.147877644,0.49098501,-9341.112133,18690.22427,18717.158
0.673995303,0.978908471,0.144180701,0.388100687,-9341.265001,18690.53,18717.46373
0.72236623,0.986096327,0.16771576,0.42912407,-9341.336012,18690.67202,18717.60576
0.766126089,0.976918479,0.22776277,0.438248882,-9341.486704,18690.97341,18717.90714
0.601745633,0.980434534,0.145649696,0.417763413,-9341.628535,18691.25707,18718.1908
0.391490497,0.872786897,0.343011874,0.34739647,-9341.786098,18691.5722,18718.50593
0.867161431,0.957653906,0.202842244,0.499806995,-9342.183191,18692.36638,18719.30011
0.587870331,0.89778511,0.235461409,0.574349757,-9342.230727,18692.46145,18719.39519
0.369708712,0.727890528,0.535347255,0.81901668,-9342.397811,18692.79562,18719.72935
0.867052149,0.986527223,0.153346831,0.419277873,-9342.583199,18693.1664,18720.10013
0.590284671,0.969287311,0.154477316,0.321054206,-9342.736567,18693.47313,18720.40687
0.644121946,0.943833508,0.161020318,0.326501017,-9342.899347,18693.79869,18720.73243
0.548789626,0.980344052,0.150843169,0.479447962,-9342.999315,18693.99863,18720.93236
0.737027151,0.857446439,0.424045687,0.635333297,-9343.190244,18694.38049,18721.31422
0.974341893,0.954137145,0.293545401,0.496972097,-9343.445359,18694.89072,18721.82445
0.76617979,0.974150218,0.138638505,0.387282136,-9344.214018,18696.42804,18723.36177
0.822854016,0.930961678,0.35719865,0.504025045,-9344.734325,18697.46865,18724.40238
0.877614766,0.936905063,0.319560546,0.549723276,-9344.769729,18697.53946,18724.47319
0.593451576,0.965026547,0.290461101,0.534649518,-9345.121917,18698.24383,18725.17757
0.649101393,0.95210057,0.244531494,0.329374404,-9346.777787,18701.55557,18728.48931
0.628939003,0.794006984,0.532611838,0.602104406,-9346.834674,18701.66935,18728.60308
0.867104414,0.92003199,0.293087268,0.541708703,-9346.838686,18701.67737,18728.6111
0.618676135,0.955510334,0.173639033,0.540163095,-9347.827969,18703.65594,18730.58967
0.699053255,0.880056849,0.310722374,0.362712579,-9347.843219,18703.68644,18730.62017
0.606673986,0.957448318,0.150232102,0.311919335,-9348.062034,18704.12407,18731.0578
0.808481757,0.894182824,0.339773508,0.404275348,-9348.068114,18704.13623,18731.06996
0.753436374,0.987378731,0.218262751,0.415098469,-9348.162203,18704.32441,18731.25814
0.635183926,0.833815332,0.2725128,0.493841346,-9348.254493,18704.50899,18731.44272
0.433835358,0.940940539,0.144868277,0.325954185,-9348.272039,18704.54408,18731.47781
0.67129452,0.980459186,0.148546101,0.362858439,-9348.382159,18704.76432,18731.69805
0.691596603,0.951978328,0.325205503,0.445328666,-9348.694211,18705.38842,18732.32215
0.584002784,0.874388836,0.303352764,0.654067796,-9349.785603,18707.57121,18734.50494
0.686840071,0.972446197,0.175712998,0.328651574,-9350.098076,18708.19615,18735.12988
0.653891243,0.885902674,0.292782863,0.627974799,-9350.113126,18708.22625,18735.15998
0.500858441,0.564788997,0.607402391,0.735309768,-9350.334629,18708.66926,18735.60299
0.706202849,0.946601825,0.23910574,0.565544933,-9350.493966,18708.98793,18735.92166
0.523454837,0.745117696,0.34171636,0.519325492,-9351.005461,18710.01092,18736.94465
0.643766856,0.942828403,0.142172691,0.405185413,-9351.075149,18710.1503,18737.08403
0.596164759,0.780525299,0.424649469,0.407399939,-9351.224639,18710.44928,18737.38301
0.622270074,0.880940757,0.382036499,0.673922399,-9351.260268,18710.52054,18737.45427
0.607317531,0.928772041,0.153256041,0.343648998,-9351.282588,18710.56518,18737.49891
0.796968085,0.972220788,0.153944196,0.44696599,-9351.326025,18710.65205,18737.58578
0.846335251,0.980083804,0.260519856,0.517049092,-9351.43287,18710.86574,18737.79947
0.379971556,0.976721733,0.156586347,0.322740946,-9352.097533,18712.19507,18739.1288
0.805020604,0.978868893,0.153001459,0.344857622,-9352.470627,18712.94125,18739.87499
0.602364982,0.966455372,0.120007279,0.35413303,-9352.641567,18713.28313,18740.21686
0.75761894,0.911447856,0.250196999,0.591895551,-9353.217757,18714.43551,18741.36925
0.516443563,0.961925835,0.143004973,0.306815363,-9353.442513,18714.88503,18741.81876
0.928521749,0.969194,0.275284924,0.526573219,-9354.065127,18716.13025,18743.06399
0.561408872,0.862690787,0.496073074,0.570449047,-9354.332201,18716.6644,18743.59813
0.773810791,0.948037427,0.224401832,0.58521417,-9354.56306,18717.12612,18744.05985
0.627038378,0.806621457,0.293845184,0.456147856,-9354.761327,18717.52265,18744.45639
0.276482437,0.924548189,0.306210877,0.631027449,-9355.17778,18718.35556,18745.28929
0.711093324,0.924412832,0.29303649,0.63238889,-9355.260307,18718.52061,18745.45434
0.502575931,0.899960748,0.432076942,0.656980549,-9355.550819,18719.10164,18746.03537
0.797461212,0.87943083,0.421988933,0.571599071,-9355.914076,18719.82815,18746.76188
0.493203185,0.899013127,0.373923377,0.679491663,-9355.93898,18719.87796,18746.81169
0.61194038,0.96806281,0.247830684,0.355361045,-9355.989886,18719.97977,18746.9135
0.761980394,0.988516129,0.17561108,0.376401152,-9356.037228,18720.07446,18747.00819
0.882268853,0.899922311,0.394199846,0.535766703,-9356.846106,18721.69221,18748.62594
0.976193492,0.977662322,0.17643638,0.35346279,-9357.2951,18722.5902,18749.52393
0.565602692,0.988955116,0.199269162,0.428519675,-9357.485181,18722.97036,18749.90409
0.92016098,0.948251892,0.281696966,0.586309179,-9357.488127,18722.97625,18749.90999
0.413253606,0.939764414,0.265050209,0.630098758,-9357.657669,18723.31534,18750.24907
0.742028908,0.965633575,0.277466175,0.537446081,-9357.717922,18723.43584,18750.36958
0.665078498,0.969450595,0.120073374,0.319087421,-9358.101778,18724.20356,18751.13729
0.697548378,0.946303632,0.260153259,0.601043207,-9358.32912,18724.65824,18751.59197
0.436252981,0.96966163,0.309642089,0.488038403,-9358.418391,18724.83678,18751.77051
0.444604265,0.920118481,0.151616029,0.346040429,-9358.567334,18725.13467,18752.0684
0.834569223,0.947290897,0.148268235,0.39756119,-9358.726625,18725.45325,18752.38698
0.720075337,0.918885445,0.290511459,0.334554946,-9358.830552,18725.6611,18752.59484
0.279913951,0.707198814,0.695538986,0.683904969,-9358.981516,18725.96303,18752.89676
0.7545363,0.98431442,0.158693788,0.455590275,-9359.67179,18727.34358,18754.27731
0.753418693,0.880759032,0.448340632,0.56094958,-9360.167158,18728.33432,18755.26805
0.632905542,0.964991905,0.170662984,0.30027093,-9360.174229,18728.34846,18755.28219
0.861746387,0.943672861,0.327818023,0.430049317,-9360.200667,18728.40133,18755.33507
0.721509874,0.951423387,0.160436673,0.504798804,-9360.782186,18729.56437,18756.4981
0.723537685,0.964338613,0.212100231,0.543424961,-9360.90712,18729.81424,18756.74797
0.585295572,0.77559917,0.485654319,0.76968181,-9361.840814,18731.68163,18758.61536
0.601008943,0.959669594,0.134764257,0.461280766,-9361.92792,18731.85584,18758.78957
0.772387728,0.938281311,0.353142611,0.591674466,-9362.877802,18733.7556,18760.68933
0.566867938,0.942164546,0.186517549,0.288159543,-9362.920401,18733.8408,18760.77453
0.436413929,0.950363906,0.125071687,0.458932669,-9363.33927,18734.67854,18761.61227
0.732602688,0.97322529,0.130016055,0.327810547,-9363.584057,18735.16811,18762.10185
0.659238608,0.971776436,0.131700696,0.475767318,-9363.682909,18735.36582,18762.29955
0.573983291,0.923468533,0.169009186,0.301196996,-9364.064804,18736.12961,18763.06334
0.648142678,0.986478969,0.165398399,0.439919982,-9364.065517,18736.13103,18763.06477
0.691829604,0.807946378,0.454654618,0.701344106,-9364.170823,18736.34165,18763.27538
0.425496766,0.989932042,0.218964124,0.414361319,-9365.385947,18738.77189,18765.70563
0.665174276,0.869856771,0.490811713,0.59050192,-9365.523105,18739.04621,18765.97994
0.575193697,0.946223141,0.292977505,0.61672462,-9365.67322,18739.34644,18766.28017
0.670384016,0.870345864,0.384763033,0.71026191,-9365.772423,18739.54485,18766.47858
0.617412067,0.67942112,0.51558309,0.539311233,-9366.386803,18740.77361,18767.70734
0.600160287,0.989940993,0.23208972,0.459305686,-9366.466872,18740.93374,18767.86748
0.54233397,0.813295936,0.344220414,0.340893167,-9366.568416,18741.13683,18768.07056
0.974430705,0.975849086,0.233556587,0.368446655,-9366.570049,18741.1401,18768.07383
0.71663899,0.849202271,0.359801903,0.66529555,-9366.584792,18741.16958,18768.10332
0.716024565,0.97616096,0.248021259,0.362212227,-9366.662988,18741.32598,18768.25971
0.69971087,0.893202595,0.310267169,0.665585642,-9366.999348,18741.9987,18768.93243
0.546405233,0.890131757,0.248937356,0.621720029,-9367.389425,18742.77885,18769.71258
0.609620375,0.962313251,0.323413726,0.456459611,-9368.099719,18744.19944,18771.13317
0.517129875,0.896660203,0.176853846,0.324999683,-9368.15416,18744.30832,18771.24205
0.648768616,0.960455671,0.337239399,0.511524244,-9368.186697,18744.37339,18771.30713
0.690408433,0.753249357,0.554193662,0.626933248,-9368.416166,18744.83233,18771.76606
0.472092834,0.84414985,0.446524355,0.772737221,-9368.417508,18744.83502,18771.76875
0.884909434,0.946735648,0.293805297,0.597668872,-9368.427735,18744.85547,18771.7892
0.690772501,0.893948253,0.363817572,0.681794862,-9368.519774,18745.03955,18771.97328
0.845624566,0.903210099,0.420304363,0.508566153,-9368.686783,18745.37357,18772.3073
0.681780533,0.989971469,0.201837285,0.376266356,-9368.873473,18745.74695,18772.68068
0.923634104,0.88867848,0.374644949,0.542678675,-9369.48198,18746.96396,18773.89769
0.358999033,0.937839985,0.221923067,0.283976508,-9369.932279,18747.86456,18774.79829
0.532892365,0.704361178,0.372037575,0.44936709,-9370.025571,18748.05114,18774.98487
0.666102668,0.966656751,0.312385889,0.439257165,-9370.667999,18749.336,18776.26973
0.52539751,0.958598459,0.350001014,0.546369609,-9370.728497,18749.45699,18776.39073
0.788131234,0.946752193,0.184451039,0.552761445,-9370.800624,18749.60125,18776.53498
0.630857013,0.975838804,0.142264851,0.294791514,-9371.032882,18750.06576,18776.9995
0.989446055,0.930355607,0.223823546,0.506422623,-9371.219731,18750.43946,18777.37319
0.772244035,0.842133478,0.452224432,0.483229934,-9371.450044,18750.90009,18777.83382
0.438561786,0.904984588,0.235862919,0.608790797,-9372.060674,18752.12135,18779.05508
0.619216526,0.962262961,0.308386344,0.581980995,-9372.096786,18752.19357,18779.1273
0.632141253,0.945324002,0.222933873,0.604313968,-9372.27364,18752.54728,18779.48101
0.387133973,0.966712806,0.124185794,0.39537203,-9372.326633,18752.65327,18779.587
0.848055111,0.917049354,0.336263066,0.62825898,-9372.374017,18752.74803,18779.68177
0.657841912,0.917703626,0.240767528,0.29720886,-9372.761965,18753.52393,18780.45766
0.578110559,0.963156331,0.338833149,0.506967306,-9373.003263,18754.00653,18780.94026
0.638489548,0.957035111,0.163932039,0.283224995,-9373.111053,18754.22211,18781.15584
0.469649027,0.926057909,0.168750717,0.285740769,-9373.431578,18754.86316,18781.79689
0.640600994,0.956797971,0.178277249,0.280821408,-9373.988649,18755.9773,18782.91103
0.652988122,0.920972101,0.247211435,0.629780118,-9374.191531,18756.38306,18783.31679
0.731628044,0.905367384,0.310816945,0.677932897,-9374.486858,18756.97372,18783.90745
0.680389629,0.894928531,0.379979483,0.704029138,-9374.521459,18757.04292,18783.97665
0.603625812,0.923020093,0.168670586,0.526265678,-9374.894515,18757.78903,18784.72276
0.555946139,0.980813289,0.102192598,0.361542667,-9375.023871,18758.04774,18784.98147
0.544841061,0.980386642,0.155874282,0.304326802,-9375.084018,18758.16804,18785.10177
0.810535656,0.846794907,0.464346124,0.521397115,-9375.408136,18758.81627,18785.75
0.672749756,0.887518586,0.454937447,0.487487394,-9375.931779,18759.86356,18786.79729
0.678483229,0.870583084,0.290912135,0.635890083,-9376.406755,18760.81351,18787.74724
0.656697338,0.896869126,0.312326201,0.676697308,-9376.576006,18761.15201,18788.08574
0.599237965,0.919249619,0.258984016,0.633372992,-9376.584888,18761.16978,18788.10351
1.179446177,0.949601201,0.28828971,0.42172057,-9376.606423,18761.21285,18788.14658
0.801599843,0.985717741,0.253188214,0.540321945,-9376.790256,18761.58051,18788.51424
0.600137503,0.666227424,0.643043029,0.700831607,-9377.531431,18763.06286,18789.99659
0.616746612,0.80164608,0.298443958,0.555620778,-9377.625182,18763.25036,18790.1841
0.458054818,0.929023825,0.291314581,0.680477262,-9377.726179,18763.45236,18790.38609
0.668531179,0.808324846,0.315096031,0.384280064,-9377.740297,18763.48059,18790.41433
0.487651288,0.900049926,0.260949393,0.641317017,-9378.460323,18764.92065,18791.85438
0.592215059,0.957856869,0.358192247,0.466542131,-9379.098562,18766.19712,18793.13086
0.121198206,0.623022242,0.691321149,1.083535018,-9379.252193,18766.50439,18793.43812
0.23727759,0.851229788,0.405701668,0.752741324,-9379.506431,18767.01286,18793.94659
0.639326313,0.972692812,0.307152566,0.424444511,-9379.584874,18767.16975,18794.10348
0.320768718,0.957871914,0.240143711,0.306114462,-9379.874757,18767.74951,18794.68325
0.716975963,0.919116926,0.366243488,0.386946623,-9379.935086,18767.87017,18794.8039
0.660150938,0.961903401,0.344611595,0.581974512,-9379.96046,18767.92092,18794.85465
0.540290109,0.979242804,0.09827769,0.329685803,-9380.472222,18768.94444,18795.87818
0.55752306,0.924334243,0.232165397,0.627665193,-9380.998404,18769.99681,18796.93054
0.699693889,0.953682422,0.364166246,0.509668955,-9381.022538,18770.04508,18796.97881
0.623893307,0.951827052,0.237423366,0.615376682,-9381.377388,18770.75478,18797.68851
0.640550828,0.983346161,0.130366586,0.308300352,-9381.824971,18771.64994,18798.58367
0.370686707,0.947950375,0.380913867,0.548928607,-9381.85612,18771.71224,18798.64597
0.497798051,0.959125727,0.247774653,0.606685412,-9382.253453,18772.50691,18799.44064
0.91201536,0.977051281,0.128858994,0.316474304,-9382.287908,18772.57582,18799.50955
0.727017054,0.916823076,0.21674006,0.592610609,-9382.511104,18773.02221,18799.95594
0.665660009,0.877230479,0.414421437,0.394432469,-9382.699151,18773.3983,18800.33203
0.796316698,0.91553198,0.203298753,0.535178967,-9382.740013,18773.48003,18800.41376
0.540230275,0.946720923,0.133180253,0.298444033,-9382.931315,18773.86263,18800.79636
0.445309508,0.97547184,0.099151193,0.31460168,-9383.041267,18774.08253,18801.01626
0.834684296,0.94498628,0.248112634,0.623996694,-9383.406117,18774.81223,18801.74596
0.598697658,0.904969833,0.272447638,0.65901106,-9383.46732,18774.93464,18801.86837
0.650534955,0.948944143,0.246281611,0.611095056,-9383.7144,18775.4288,18802.36253
0.426446764,0.989720468,0.189869084,0.340172726,-9383.804856,18775.60971,18802.54344
0.73799524,0.890606077,0.382217366,0.695976449,-9384.035328,18776.07066,18803.00439
0.661678554,0.967384367,0.105327069,0.406134474,-9384.295158,18776.59032,18803.52405
0.721593855,0.95780012,0.156917236,0.520334472,-9385.667034,18779.33407,18806.2678
0.626312377,0.879987348,0.229977386,0.303168416,-9386.065915,18780.13183,18807.06556
0.976441841,0.981956741,0.272563183,0.503011282,-9386.169264,18780.33853,18807.27226
0.128339473,0.401369493,1.01528892,1.635354535,-9386.485466,18780.97093,18807.90466
0.801151531,0.936615094,0.225238187,0.617457417,-9386.950379,18781.90076,18808.83449
0.452365823,0.918681265,0.252640842,0.628327006,-9387.159024,18782.31805,18809.25178
0.382716172,0.949745546,0.309906237,0.655254777,-9387.69809,18783.39618,18810.32991
0.625093848,0.840965281,0.412888607,0.774543246,-9388.217063,18784.43413,18811.36786
0.389874098,0.985103137,0.115817426,0.359309825,-9388.412363,18784.82473,18811.75846
0.647453634,0.953478509,0.376238969,0.597402286,-9388.775007,18785.55001,18812.48375
0.585292602,0.938649342,0.350614476,0.662537454,-9389.228484,18786.45697,18813.3907
0.567455018,0.878206923,0.181853775,0.442728451,-9389.505746,18787.01149,18813.94522
0.666333913,0.969734855,0.110383359,0.448714046,-9389.938618,18787.87724,18814.81097
0.657711621,0.971570982,0.279778855,0.601601174,-9389.975072,18787.95014,18814.88388
0.758938842,0.963731025,0.308386879,0.630613221,-9390.696555,18789.39311,18816.32684
0.670389764,0.96632711,0.273912931,0.609417178,-9390.788536,18789.57707,18816.5108
0.787629433,0.973142871,0.334739451,0.491334002,-9390.927495,18789.85499,18816.78872
0.738587714,0.944857514,0.129115211,0.394353418,-9390.972779,18789.94556,18816.87929
0.818686077,0.954504111,0.294710904,0.631285749,-9391.080827,18790.16165,18817.09539
0.633434412,0.928828711,0.16531149,0.28025097,-9391.105295,18790.21059,18817.14432
0.284766931,0.96806858,0.347339274,0.505962721,-9391.469965,18790.93993,18817.87366
0.670278918,0.946352472,0.22114589,0.280545042,-9391.640911,18791.28182,18818.21555
0.552511814,0.942500977,0.15632818,0.261015098,-9392.106763,18792.21353,18819.14726
0.618550711,0.950007227,0.330508326,0.673027294,-9392.508632,18793.01726,18819.951
0.665589641,0.940255074,0.412658271,0.53470234,-9392.933618,18793.86724,18820.80097
0.8487364,0.95489702,0.284140383,0.334176406,-9393.353427,18794.70685,18821.64059
0.537949616,0.948865413,0.294676272,0.658966696,-9393.509619,18795.01924,18821.95297
0.543932055,0.965031372,0.207091842,0.281263166,-9393.590397,18795.18079,18822.11453
0.518130809,0.747660863,0.677057355,0.805908271,-9393.91349,18795.82698,18822.76071
0.373266061,0.892499122,0.317174634,0.711868392,-9394.103818,18796.20764,18823.14137
0.429581638,0.710292566,0.313214659,0.479404514,-9394.657437,18797.31487,18824.24861
0.527421903,0.963795017,0.230215304,0.616498419,-9395.110064,18798.22013,18825.15386
0.94017943,0.901431343,0.437924691,0.612748638,-9395.464367,18798.92873,18825.86247
0.917724433,0.947370731,0.321913002,0.375054554,-9395.504907,18799.00981,18825.94354
0.423551524,0.958504747,0.149980092,0.560178316,-9395.851173,18799.70235,18826.63608
0.84055813,0.94999895,0.290399943,0.651787345,-9395.913196,18799.82639,18826.76012
0.534524281,0.962605808,0.376811391,0.542205341,-9395.948469,18799.89694,18826.83067
0.811969869,0.9182836,0.220486532,0.593480173,-9396.158809,18800.31762,18827.25135
0.489515138,0.946280241,0.3010009,0.657374144,-9396.162548,18800.3251,18827.25883
0.667765359,0.973741679,0.098100977,0.417551399,-9396.41712,18800.83424,18827.76797
0.633115604,0.987634359,0.11423326,0.334260938,-9396.42602,18800.85204,18827.78577
0.860522218,0.939144126,0.163812136,0.474657913,-9396.708856,18801.41771,18828.35144
0.782863348,0.950453263,0.317673728,0.661010659,-9397.22914,18802.45828,18829.39201
0.913380558,0.949844779,0.308885856,0.627588968,-9397.492404,18802.98481,18829.91854
0.365189127,0.987710408,0.097771438,0.360976073,-9397.740839,18803.48168,18830.41541
0.7291683,0.945177873,0.283140496,0.65746833,-9397.934913,18803.86983,18830.80356
0.772503171,0.868817119,0.403782834,0.720690119,-9398.292727,18804.58545,18831.51918
0.868145438,0.896598559,0.321373099,0.658769554,-9398.364588,18804.72918,18831.66291
0.763287219,0.913649434,0.405135479,0.705997258,-9399.033389,18806.06678,18833.00051
0.6232474,0.877729188,0.485930809,0.752033384,-9399.176311,18806.35262,18833.28635
