Parameter,miu,be,sig,lam,del,w,LogL,AIC,BIC
Estimate,0.601127856,0.960231821,0.147131204,-0.078727273,1.111619527,0.253025655,-9148.654643,18309.30929,18349.70988
Estimate,0.601907141,0.949999359,0.140785756,0.029576098,1.110818026,0.201295487,-9114.079109,18240.15822,18280.55882
Estimate,0.577920942,0.959786684,0.039679424,0.282212584,1.109532693,0.149764645,-9121.013157,18254.02631,18294.42691
Estimate,0.6231067,0.986386679,0.063857988,0.009254169,1.073423752,0.056168042,-9108.990034,18229.98007,18270.38067
Estimate,0.614717031,0.94998312,0.139997306,0.036427262,1.109989226,0.222008174,-9113.812992,18239.62598,18280.02658
Estimate,-0.062945564,1.009300568,0.19243568,-0.060258562,1.146234268,0.17250231,-9156.227565,18324.45513,18364.85573
Estimate,0.609400767,0.95999613,0.139999386,0.046258531,1.117883903,0.249999181,-9140.245721,18292.49144,18332.89204
Estimate,0.702410422,0.978698342,0.059999913,0.093114857,1.086462925,0.23633939,-9138.296135,18288.59227,18328.99287
Estimate,0.424056984,1.024246692,-0.011890168,0.36017227,1.165651862,0.055178743,-9141.381272,18294.76254,18335.16314
Estimate,0.653515034,0.962213508,0.036391846,0.043280963,1.108519956,0.199104032,-9157.896307,18327.79261,18368.19321
Estimate,0.597699,0.955078727,0.098632578,-0.024816509,0.951641307,0.233695483,-9136.675619,18285.35124,18325.75184
Estimate,0.572463588,0.948922404,0.085734304,0.10116586,1.124451573,0.161138842,-9108.569484,18229.13897,18269.53957
Estimate,0.55243014,1.029923754,0.141039175,-0.018473354,1.008592477,0.19476296,-9138.894676,18289.78935,18330.18995
Estimate,0.599874401,0.950210499,0.040106301,0.030384806,1.110348345,0.1999989,-9165.703565,18343.40713,18383.80773
Estimate,0.618951363,0.949790963,0.139960152,0.05960474,1.120144833,0.199886181,-9108.38801,18228.77602,18269.17662
Estimate,0.5945484,0.949997818,0.141126313,0.028795558,1.112769713,0.205390679,-9107.213311,18226.42662,18266.82722
Estimate,0.611093694,1.005328889,0.127938621,0.008669357,1.064167761,0.411193866,-9173.671613,18359.34323,18399.74382
Estimate,0.420780503,0.901286625,0.14111936,0.05909237,1.121662775,0.18575217,-9127.00797,18266.01594,18306.41654
Estimate,0.599207911,0.960262439,0.081914922,-0.196690548,1.109933492,0.215392727,-9158.260208,18328.52042,18368.92101
Estimate,0.612128146,0.949993553,0.039999314,0.046508005,1.109995885,0.208752698,-9173.92031,18359.84062,18400.24122
Estimate,0.616502921,0.960409626,0.129909653,0.005501851,1.110409648,0.200726827,-9109.236583,18230.47317,18270.87376
Estimate,0.982435109,0.976603131,0.196959142,0.048522886,1.025823745,0.386583388,-9100.142781,18212.28556,18252.68616
Estimate,0.603378978,0.959767992,0.040127798,-0.173280416,1.109801005,0.199945597,-9178.411802,18368.8236,18409.2242
Estimate,0.440061066,1.025050601,0.090962782,0.305489244,1.14565913,0.04297206,-9133.348306,18278.69661,18319.09721
Estimate,0.623640117,0.955149631,0.079303967,-0.086612936,1.125049449,0.207491767,-9156.440608,18324.88122,18365.28181
Estimate,0.618936952,1.003112837,0.187664321,-0.144609612,1.067957057,0.325424573,-9132.667672,18277.33534,18317.73594
Estimate,0.536133683,0.959978412,0.187390933,0.019395835,1.109986293,0.249995431,-9151.138736,18314.27747,18354.67807
Estimate,0.602924814,0.949999107,0.142094604,0.031604288,1.10999943,0.201341271,-9107.504653,18227.00931,18267.4099
Estimate,0.656399288,0.973483189,0.123375498,0.110213633,1.094594904,0.22606991,-9119.676401,18251.3528,18291.7534
Estimate,0.541482745,0.999784491,0.136367045,-0.373573984,1.104601672,0.200076591,-9127.394621,18266.78924,18307.18984
Estimate,0.542168872,0.962874319,0.145753441,0.057218914,1.049698421,0.191757557,-9111.731457,18235.46291,18275.86351
Estimate,0.620578658,1.043777447,0.111428274,-0.003285536,1.071560711,0.270155995,-9149.344119,18310.68824,18351.08884
Estimate,0.566494441,0.94127831,0.088968389,-0.100268496,1.122736629,0.2310901,-9159.360093,18330.72019,18371.12078
Estimate,0.568010399,0.983541821,0.128054929,0.215843962,1.197275882,0.116531286,-9107.09384,18226.18768,18266.58828
Estimate,0.601550008,1.029435563,0.142522334,-0.257818402,1.058163485,0.237007198,-9154.022354,18320.04471,18360.44531
Estimate,0.583614169,0.949864003,0.139825261,-0.068557006,1.109498843,0.149730867,-9128.36609,18268.73218,18309.13278
Estimate,0.598569261,0.95002071,0.142148019,0.028860557,1.110063325,0.199941904,-9114.451202,18240.9024,18281.303
Estimate,0.572300729,1.014265023,0.128604937,-0.048179989,1.083852096,0.259577471,-9105.379858,18222.75972,18263.16031
Estimate,0.603493087,0.960263946,0.141865863,-0.067131094,1.109099018,0.255416514,-9139.497255,18290.99451,18331.39511
Estimate,0.417472629,0.968727168,0.104898835,-0.208562681,1.026419538,0.365624494,-9177.069288,18366.13858,18406.53917
Estimate,0.694015678,0.949983557,0.139997376,-0.056117308,1.109989505,0.150665581,-9126.205022,18264.41004,18304.81064
Estimate,0.675764515,0.959981436,0.039998036,-0.138465342,1.109988213,0.199996562,-9169.542634,18351.08527,18391.48587
Estimate,0.599008786,0.950394369,0.145732233,0.025259678,1.109921036,0.202945713,-9104.102815,18220.20563,18260.60623
Estimate,0.36017296,0.959931873,0.13748958,0.038469795,1.1099568,0.19998839,-9129.469978,18270.93996,18311.34055
Estimate,0.528265266,1.024801389,0.161800525,0.066836127,1.055067596,0.151391337,-9120.311174,18252.62235,18293.02295
Estimate,0.576889316,0.959833845,0.144122844,0.010726534,1.110333593,0.25032023,-9144.314585,18300.62917,18341.02977
Estimate,0.642272259,1.000070245,0.010165372,-0.014655047,1.040301709,0.197495317,-9131.631977,18275.26395,18315.66455
Estimate,0.599291337,0.950214467,0.040569407,-0.171011592,1.109711562,0.200208622,-9180.822687,18373.64537,18414.04597
Estimate,0.666401544,0.954036782,0.131336314,-0.093903569,1.111889198,0.179878332,-9124.280367,18260.56073,18300.96133
Estimate,0.616018941,0.962916543,0.078913702,0.018618642,1.111919667,0.149196877,-9113.640963,18239.28193,18279.68252
Estimate,0.572995394,0.940677381,0.166899199,-0.238187259,1.122334889,0.180415463,-9154.100169,18320.20034,18360.60094
Estimate,0.601070832,0.960163507,0.040018471,-0.170712911,1.109566393,0.200286311,-9181.027946,18374.05589,18414.45649
Estimate,0.614998668,0.942848618,0.180158552,0.073462713,1.098613777,0.180679189,-9102.496578,18216.99316,18257.39375
Estimate,0.462346953,0.980281783,0.066265608,-0.087836273,1.040146992,0.18949812,-9146.64131,18305.28262,18345.68322
Estimate,0.512895318,1.029956687,0.1400013,-0.026919507,1.13504635,0.176716365,-9126.843801,18265.6876,18306.0882
Estimate,0.669661353,0.942464901,0.107259435,0.290974575,1.023367182,0.143823823,-9160.58233,18333.16466,18373.56526
Estimate,0.617826799,0.948729188,0.148759141,0.033052342,1.10016965,0.204377441,-9108.940176,18229.88035,18270.28095
Estimate,0.573747583,0.959883383,0.10511219,-0.014611819,1.109910646,0.199953416,-9111.875122,18235.75024,18276.15084
Estimate,0.611372456,0.949127149,0.156432772,-0.081244888,1.117044242,0.154476424,-9142.016013,18296.03203,18336.43262
Estimate,0.709733599,0.994544043,0.102685645,-0.120338293,1.065399598,0.211813199,-9148.951135,18309.90227,18350.30287
Estimate,0.903183703,1.043590247,0.214421324,0.032046319,1.162545686,0.106521809,-9117.53907,18247.07814,18287.47874
Estimate,1.322621728,1.05,0.036900855,0.400456201,1.065380354,0.056238759,-9137.152488,18286.30498,18326.70557
Estimate,0.599292985,0.960010283,0.040260085,0.130288888,1.109972451,0.150682737,-9121.168858,18254.33772,18294.73831
Estimate,0.652773376,0.95465242,0.124931029,0.015099609,1.093715783,0.13549419,-9117.437092,18246.87418,18287.27478
Estimate,0.619576546,0.899369031,0.123636453,0.005894145,1.033233215,0.244492529,-9102.551028,18217.10206,18257.50265
Estimate,0.893085279,0.983075174,0.018003702,-0.126192057,0.980191352,0.296654787,-9166.538951,18345.0779,18385.4785
Estimate,0.919931141,0.950005537,0.192841613,-0.14626605,1.109933555,0.259353914,-9183.54234,18379.08468,18419.48528
Estimate,0.624588236,0.958308827,0.191609236,-0.077020555,1.086736744,0.311538581,-9157.565851,18327.1317,18367.5323
Estimate,0.651832366,0.988859631,0.086906878,0.057045108,1.093233775,0.217853442,-9128.97763,18269.95526,18310.35586
Estimate,0.966898944,1.029855728,0.140311414,0.185299311,1.333040203,0.049655552,-9152.444928,18316.88986,18357.29045
Estimate,0.599105665,0.950002449,0.139994246,-0.07202794,1.109991738,0.149985156,-9133.279301,18278.5586,18318.9592
Estimate,0.502197562,0.960000646,0.039998565,-0.033339223,1.11948701,0.154830607,-9167.250266,18346.50053,18386.90113
Estimate,0.601091942,0.949689943,0.140061164,0.026659437,1.110158089,0.199863423,-9105.679504,18223.35901,18263.75961
Estimate,0.562650059,0.952480687,0.132707365,0.024982574,1.129620821,0.201825042,-9118.936258,18249.87252,18290.27311
Estimate,0.396725788,0.988372552,0.083352879,-0.000903846,1.137050072,0.08009905,-9167.391031,18346.78206,18387.18266
Estimate,0.717780581,0.951293374,0.040997773,-0.130935282,1.110483661,0.200328027,-9180.518563,18373.03713,18413.43772
Estimate,0.605780138,0.960001301,0.126582078,0.101321409,1.170067853,0.1504562,-9112.846807,18237.69361,18278.09421
Estimate,0.742508736,1.017348218,0.168728687,-0.099812965,1.088499268,0.309258956,-9150.101129,18312.20226,18352.60286
Estimate,0.794082543,0.915330045,0.100341513,0.141830751,0.933027752,0.337665905,-9101.359383,18214.71877,18255.11936
Estimate,0.601243458,0.948720621,0.138830364,-0.051279537,1.118484208,0.175370628,-9119.377411,18250.75482,18291.15542
Estimate,0.593276339,0.951994508,0.116695256,0.033576051,1.116282109,0.149888383,-9106.103797,18224.20759,18264.60819
Estimate,0.589193205,0.959977398,0.114381693,0.067097564,1.147014843,0.23956595,-9150.441641,18312.88328,18353.28388
Estimate,0.541925404,1.030370085,0.034701905,0.072772001,1.109544178,0.049244285,-9180.764787,18373.52957,18413.93017
Estimate,0.746686761,0.949481497,0.139482489,-0.061585792,1.110015284,0.149626622,-9130.738769,18273.47754,18313.87814
Estimate,0.572992987,0.960340988,0.208242531,0.074537118,1.110600213,0.288963053,-9159.955031,18331.91006,18372.31066
Estimate,0.600571721,0.959997228,0.040018546,0.11267872,1.109992047,0.172626256,-9131.280776,18274.56155,18314.96215
Estimate,0.682129533,1.029889951,0.223924878,-0.10746367,1.009912342,0.498870856,-9144.829028,18301.65806,18342.05865
Estimate,0.568937387,1.035870255,0.078547952,0.072486765,1.135926173,0.140746251,-9101.27675,18214.5535,18254.9541
Estimate,0.576835708,0.959957417,0.040008984,0.119437969,1.110014662,0.157724248,-9124.457197,18260.91439,18301.31499
Estimate,0.492495329,0.960005737,0.122560764,-0.027612424,1.10996889,0.149994619,-9129.444725,18270.88945,18311.29005
Estimate,0.570567562,0.936968452,0.12529276,-0.056288861,1.12160025,0.182836252,-9118.130963,18248.26193,18288.66252
Estimate,0.487972569,0.989435299,0.054206343,0.03351709,1.181734798,0.161445087,-9175.451182,18362.90236,18403.30296
Estimate,0.669148531,0.984260506,0.153594062,-0.078706693,1.048104268,0.329344307,-9163.367981,18338.73596,18379.13656
Estimate,0.523389547,0.983484905,0.089453014,-0.044048459,1.165495399,0.177873602,-9156.33065,18324.6613,18365.0619
Estimate,0.468113015,1.001435889,0.035167973,-0.097799896,1.120275701,0.171787194,-9178.682233,18369.36447,18409.76506
Estimate,0.592660177,0.954979531,0.168058844,0.141124466,1.114540187,0.205357259,-9115.099368,18242.19874,18282.59933
Estimate,0.754837749,0.959925398,0.235938715,0.264622523,1.109951965,0.220957993,-9145.186819,18302.37364,18342.77424
Estimate,0.599587151,0.949716352,0.151643894,-0.066206838,1.109891608,0.161611085,-9134.173052,18280.3461,18320.7467
Estimate,0.627649345,0.949999315,0.049184279,-0.178742222,1.1233195,0.199988646,-9102.793049,18217.5861,18257.9867
Estimate,0.616039479,1.040079953,0.040124208,0.080807242,1.110050612,0.200038192,-9112.277893,18236.55579,18276.95638
Estimate,0.950380397,0.982289786,0.178042857,-0.136320667,1.052120317,0.431058509,-9157.82307,18327.64614,18368.04674
Estimate,0.871337961,1.03000743,0.139888555,-0.073170526,1.109554219,0.368438762,-9156.850019,18325.70004,18366.10064
Estimate,0.521060446,0.960002136,0.039995252,0.152537314,1.109971513,0.149992878,-9130.10739,18272.21478,18312.61538
Estimate,0.597699,0.955078727,0.098632578,-0.024816509,0.951641307,0.233695483,-9136.675619,18285.35124,18325.75184
Estimate,0.676999921,0.960000568,0.039998738,0.114359939,1.11664092,0.149998106,-9120.91381,18253.82762,18294.22822
Estimate,0.55546084,0.954553585,0.141679671,0.067613713,1.106412548,0.195194134,-9115.548486,18243.09697,18283.49757
Estimate,0.611093694,1.005328889,0.127938621,0.008669357,1.064167761,0.411193866,-9173.671613,18359.34323,18399.74382
Estimate,0.599551819,0.950000541,0.056826729,-0.17121137,1.10999315,0.235445624,-9181.175664,18374.35133,18414.75193
Estimate,0.494199874,1.026240648,0.14210736,-0.121311547,1.109957814,0.227890776,-9133.628822,18279.25764,18319.65824
Estimate,0.537146928,0.971932369,0.068244084,-0.095565636,1.116220365,0.173888285,-9146.011438,18304.02288,18344.42347
Estimate,0.674383167,0.961532509,0.106962393,0.025476287,1.127044432,0.211810575,-9126.748886,18265.49777,18305.89837
Estimate,0.599499941,0.960059996,0.140836738,0.031493207,1.10989075,0.251001174,-9134.357936,18280.71587,18321.11647
Estimate,0.596140309,0.95000054,0.143381862,-0.066536846,1.11087752,0.18038117,-9126.463992,18264.92798,18305.32858
Estimate,0.59105316,1.0299977,0.13970912,0.020066767,1.009580259,0.259860812,-9101.313639,18214.62728,18255.02788
Estimate,0.358245753,0.91862308,0.118691457,0.110092841,0.925767897,0.481807888,-9127.704118,18267.40824,18307.80883
Estimate,0.622662147,0.95988068,0.136125232,-0.228530956,1.109924241,0.199977904,-9156.817799,18325.6356,18366.0362
Estimate,0.470654495,0.961315022,0.192466191,0.224779976,1.111144726,0.22153187,-9129.281395,18270.56279,18310.96339
Estimate,0.570215806,0.958875763,0.129415167,-0.006773694,1.117517186,0.232440438,-9140.077862,18292.15572,18332.55632
Estimate,0.599659387,0.959983636,0.139996069,-0.074736552,1.110005491,0.250009269,-9144.673328,18301.34666,18341.74725
Estimate,0.600228274,0.959985054,0.040068198,-0.169690491,1.11017161,0.200198151,-9175.64766,18363.29532,18403.69592
Estimate,0.318554863,0.909973354,0.20357158,0.073310947,1.104703874,0.191455993,-9137.214127,18286.42825,18326.82885
Estimate,0.459655224,0.959846443,0.19005509,-0.028884542,1.109824588,0.200082343,-9152.016201,18316.0324,18356.433
Estimate,0.555526718,0.961821612,0.160254354,-0.166112994,1.110508199,0.203522355,-9152.644701,18317.2894,18357.69
Estimate,0.539837942,1.014196287,0.200274467,0.010813136,1.03852106,0.380819515,-9151.566291,18315.13258,18355.53318
Estimate,0.487972569,0.989435299,0.054206343,0.03351709,1.181734798,0.161445087,-9175.451182,18362.90236,18403.30296
Estimate,0.650992108,0.960210278,0.126759357,0.024250542,1.113285483,0.150892358,-9104.873877,18221.74775,18262.14835
Estimate,1.025147745,1.004870935,-0.049738432,0.354703537,1.055992345,0.090652577,-9144.416303,18300.83261,18341.2332
Estimate,0.58582621,0.994628564,0.09683343,-0.023814266,1.162586923,0.119079503,-9140.115225,18292.23045,18332.63105
Estimate,0.666401544,0.954036782,0.131336314,-0.093903569,1.111889198,0.179878332,-9124.280367,18260.56073,18300.96133
Estimate,0.586110251,0.949987878,0.145627775,-0.097962882,1.109992263,0.161685,-9138.905683,18289.81137,18330.21196
Estimate,0.723369729,1.008934248,0.13175335,0.01539132,1.034022057,0.253596146,-9157.108544,18326.21709,18366.61769
Estimate,0.420520327,1.038732226,0.133608202,-0.049952586,1.116306548,0.154663575,-9147.134211,18306.26842,18346.66902
Estimate,0.402555635,1.02987539,0.139980927,-0.099528114,1.009930066,0.527076729,-9144.95069,18301.90138,18342.30198
Estimate,0.487788764,0.953551116,0.128215389,-0.044770889,1.109834369,0.175727929,-9125.900671,18263.80134,18304.20194
Estimate,0.616995237,0.948460548,0.140579107,-0.080142648,1.109689443,0.16795105,-9124.639655,18261.27931,18301.67991
Estimate,0.600546965,0.951528382,0.140365328,0.031753527,1.11104944,0.203107283,-9108.805759,18229.61152,18270.01212
Estimate,0.870924049,1.029853435,0.139924321,0.241380513,1.199591888,0.240761701,-9145.912071,18303.82414,18344.22474
Estimate,0.520677501,1.029532903,0.139146038,-0.024342745,1.035622033,0.219447204,-9117.428989,18246.85798,18287.25858
Estimate,0.402555635,1.02987539,0.139980927,-0.099528114,1.009930066,0.527076729,-9144.95069,18301.90138,18342.30198
Estimate,0.758158723,1.029872486,0.13970196,0.104281484,1.119166907,0.354331518,-9143.228633,18298.45727,18338.85786
Estimate,0.584725927,0.959774103,0.16059369,0.01775125,1.109983453,0.257455138,-9128.986652,18269.9733,18310.3739
Estimate,0.57026017,0.962337145,0.03907305,-0.167473717,1.108972044,0.19890021,-9181.196238,18374.39248,18414.79307
Estimate,0.587584649,0.974536051,0.053232647,-0.179978086,1.097352881,0.209433217,-9165.383652,18342.7673,18383.1679
Estimate,0.642272259,1.000070245,0.010165372,-0.014655047,1.040301709,0.197495317,-9131.631977,18275.26395,18315.66455
Estimate,0.610028453,0.959390611,0.041061744,-0.159885722,1.114722203,0.195697347,-9173.615078,18359.23016,18399.63075
Estimate,0.594860047,0.950081501,0.140036478,0.033123578,1.109910442,0.205568444,-9106.591352,18225.1827,18265.5833
Estimate,0.601428898,0.949668058,0.140361103,0.031135632,1.110610802,0.199224255,-9106.013447,18224.02689,18264.42749
Estimate,0.82784799,0.886444785,0.237209294,0.286662888,1.162381887,0.172795842,-9121.417903,18254.83581,18295.2364
Estimate,0.517554117,0.95151523,0.174301459,0.227380935,1.117821491,0.230128845,-9114.847939,18241.69588,18282.09648
Estimate,0.656463674,0.926141787,0.134261944,0.056734118,1.105419505,0.254591367,-9123.87207,18259.74414,18300.14474
Estimate,0.590609341,0.960000674,0.061657513,0.032644049,1.109991013,0.206818335,-9126.781432,18265.56286,18305.96346
Estimate,0.64591272,0.961104025,0.088145059,-0.097708156,1.102573653,0.206947754,-9130.860569,18273.72114,18314.12174
Estimate,0.599686072,0.960027185,0.046758324,0.132235428,1.110018939,0.161607357,-9125.761688,18263.52338,18303.92397
Estimate,0.715422093,1.02033523,0.153498602,0.086705362,1.231338522,0.106738281,-9100.600287,18213.20057,18253.60117
Estimate,0.624537832,0.93363875,0.145924767,0.02447256,1.111257087,0.216864028,-9108.829793,18229.65959,18270.06018
Estimate,0.571685399,1.029955649,0.140468611,0.108395108,1.038825623,0.522928369,-9103.691735,18219.38347,18259.78407
Estimate,0.599950986,0.954167786,0.150478137,0.025475134,1.128851575,0.204027882,-9128.063052,18268.1261,18308.5267
Estimate,0.586865258,0.961927741,0.060489451,0.0105139,1.111665603,0.213572792,-9149.474668,18310.94934,18351.34993
Estimate,0.630270083,0.950320644,0.079432123,0.099626932,1.133027893,0.208529243,-9149.55741,18311.11482,18351.51542
Estimate,0.652373148,0.950198721,0.037502642,0.014107933,1.11170859,0.200456446,-9173.64046,18359.28092,18399.68152
Estimate,0.603015211,0.960478257,0.039749546,0.127750731,1.109021234,0.152644621,-9114.975741,18241.95148,18282.35208
Estimate,0.578449149,1.03693517,0.116954697,-0.130155006,1.092049366,0.301067794,-9172.109035,18356.21807,18396.61867
Estimate,0.669148531,0.984260506,0.153594062,-0.078706693,1.048104268,0.329344307,-9163.367981,18338.73596,18379.13656
Estimate,0.598540923,1.00038983,0.060614927,-0.119301391,1.111474656,0.183287828,-9163.566225,18339.13245,18379.53305
Estimate,0.496324724,0.960006798,0.186109285,0.077925466,1.109980731,0.249997652,-9136.027275,18284.05455,18324.45515
Estimate,0.592358366,0.950000598,0.144026307,0.001814041,1.118868831,0.199997905,-9109.864696,18231.72939,18272.12999
Estimate,0.600005864,0.949999406,0.140935592,0.028941572,1.110417917,0.200746117,-9104.922042,18221.84408,18262.24468
Estimate,0.597887182,0.959993115,0.144720225,-0.073166294,1.115945844,0.266612709,-9163.246012,18338.49202,18378.89262
Estimate,0.498702593,1.029865086,0.143458498,-0.069554049,1.110134406,0.049834641,-9147.762456,18307.52491,18347.92551
Estimate,0.596871431,0.949997993,0.04195633,0.027456125,1.109998719,0.201648851,-9154.224855,18320.44971,18360.85031
Estimate,0.428708091,0.929082827,0.217840087,0.223099024,1.23557875,-0.007397844,-9151.506329,18315.01266,18355.41326
Estimate,0.615892397,0.950002926,0.137736879,-0.221157632,1.109964892,0.244470108,-9160.01934,18332.03868,18372.43928
Estimate,0.620840289,0.961234961,0.122388447,-0.115376757,1.120130863,0.219571411,-9136.715347,18285.43069,18325.83129
Estimate,0.870924049,1.029853435,0.139924321,0.241380513,1.199591888,0.240761701,-9145.912071,18303.82414,18344.22474
Estimate,0.801673302,1.029838656,0.139975305,0.182558798,1.379529692,0.049983536,-9161.874009,18335.74802,18376.14862
Estimate,0.82237059,1.030182667,0.139852381,0.228062073,1.263156783,0.104065146,-9131.452142,18274.90428,18315.30488
Estimate,0.483041877,0.956455269,0.135443363,-0.06255184,1.112579202,0.153411647,-9138.966837,18289.93367,18330.33427
Estimate,0.721960746,0.98617399,0.094879637,0.139918378,1.254962033,0.117868554,-9181.270449,18374.5409,18414.9415
Estimate,0.657535417,0.973899343,0.055430014,-0.080875306,1.11985952,0.175940783,-9146.810756,18305.62151,18346.02211
Estimate,0.540373433,0.896365682,0.21544674,-0.068257889,1.104287271,0.25008615,-9116.423339,18244.84668,18285.24728
Estimate,0.595278484,1.030113956,0.140379376,-0.101367422,1.132967008,0.102725503,-9164.315187,18340.63037,18381.03097
Estimate,0.601201008,0.959984634,0.040000957,0.028474868,1.11005511,0.15095434,-9127.602226,18267.20445,18307.60505
Estimate,0.845406494,0.927621777,0.235823401,0.044214008,0.915799867,0.374927371,-9142.962129,18297.92426,18338.32486
Estimate,0.561803703,0.960089686,0.041198027,0.116225095,1.11001793,0.150312944,-9124.710893,18261.42179,18301.82238
Estimate,0.471908634,1.049260418,-0.031736451,0.244281093,1.021423842,0.072743092,-9174.613122,18361.22624,18401.62684
Estimate,0.603413253,0.96139346,0.077945609,0.004215572,1.110021439,0.193702471,-9125.006833,18262.01367,18302.41426
Estimate,0.603408962,0.960000912,0.176837212,0.095122004,1.109987822,0.249995933,-9127.334357,18266.66871,18307.06931
Estimate,0.556253388,0.97530247,0.102651793,-0.09981788,1.194151218,0.063372577,-9173.294761,18358.58952,18398.99012
Estimate,0.778769639,0.960922267,0.249673421,0.072022312,1.108053024,0.200828122,-9176.665952,18365.3319,18405.7325
Estimate,0.552598896,0.95997986,0.139996803,0.018688812,1.109987213,0.249995738,-9133.536811,18279.07362,18319.47422
Estimate,0.59806408,0.950071906,0.131474475,-0.109008912,1.110046187,0.248286322,-9139.327639,18290.65528,18331.05588
Estimate,0.555815004,0.950671271,0.136785233,-0.030434826,1.135909054,0.163199425,-9117.676018,18247.35204,18287.75263
Estimate,0.643164884,1.029949185,0.139992222,-0.140410773,1.009971481,0.128188605,-9160.229669,18332.45934,18372.85994
Estimate,0.499140409,0.996378501,0.112810295,0.007370436,1.113053255,0.182296191,-9150.669771,18313.33954,18353.74014
Estimate,0.662393465,0.978388872,0.196400574,-0.178384669,1.519661806,0.08919082,-9110.390522,18232.78104,18273.18164
Estimate,0.748245244,1.031461944,0.140120153,-0.07951286,1.027371971,0.316259203,-9128.653341,18269.30668,18309.70728
Estimate,0.504599895,1.025210524,0.20446341,-0.069642857,1.11979568,0.10863195,-9111.886497,18235.77299,18276.17359
Estimate,0.599470686,0.949831491,0.140622958,0.029962825,1.109991151,0.200297257,-9105.94365,18223.8873,18264.2879
Estimate,0.272538121,0.960164384,0.160523236,0.025841946,1.110525239,0.210539705,-9144.037289,18300.07458,18340.47518
Estimate,0.551521758,0.960002222,0.039995063,0.129935506,1.128986393,0.149992594,-9140.970329,18293.94066,18334.34126
Estimate,0.578122013,0.944898679,0.11746943,-0.115689106,1.110916345,0.22478147,-9129.75653,18271.51306,18311.91366
Estimate,0.499140409,0.996378501,0.112810295,0.007370436,1.113053255,0.182296191,-9150.669771,18313.33954,18353.74014
Estimate,0.760840992,0.937877673,0.103756363,-0.017591564,0.939520001,0.282410103,-9115.603042,18243.20608,18283.60668
Estimate,0.59995006,0.959915137,0.040663107,0.032752117,1.109601577,0.200284553,-9146.424179,18304.84836,18345.24896
Estimate,0.75357665,0.94221051,0.117795662,0.253684392,0.896594992,0.034666164,-9180.826131,18373.65226,18414.05286
Estimate,0.487752648,0.968896162,0.09748681,0.040660601,1.120760085,0.222153714,-9131.891032,18275.78206,18316.18266
Estimate,0.624046738,0.950002672,0.151621535,0.136490333,1.109973614,0.19999426,-9100.211226,18212.42245,18252.82305
Estimate,0.6417607,0.967260097,0.048195591,-0.002627935,1.10040148,0.193002687,-9131.164487,18274.32897,18314.72957
Estimate,0.592180866,0.963258525,0.105356395,0.17415404,1.099770595,0.113666264,-9181.452136,18374.90427,18415.30487
Estimate,0.55243014,1.029923754,0.141039175,-0.018473354,1.008592477,0.19476296,-9138.894676,18289.78935,18330.18995
Estimate,0.479482063,0.922801059,0.108932733,-0.030121808,1.209451794,0.127723606,-9146.472212,18304.94442,18345.34502
Estimate,0.636303375,0.959499062,0.127538375,0.043688262,1.107574891,0.150510003,-9112.911402,18237.8228,18278.2234
Estimate,0.707830001,0.951389857,0.10587719,0.052210063,0.915216268,0.454091889,-9182.046357,18376.09271,18416.49331
Estimate,0.893085279,0.983075174,0.018003702,-0.126192057,0.980191352,0.296654787,-9166.538951,18345.0779,18385.4785
Estimate,0.646050671,0.95998707,0.039998632,0.099429072,1.126033313,0.151226175,-9128.577663,18269.15533,18309.55592
Estimate,0.503425671,0.949941344,0.189729764,0.091339534,1.109880284,0.245557539,-9126.092446,18264.18489,18304.58549
Estimate,0.886219753,0.957791288,0.180888925,-0.155236306,1.028168622,0.246056536,-9178.586787,18369.17357,18409.57417
Estimate,0.589806063,1.023596678,0.167305177,0.015627617,1.208668186,0.064914122,-9137.949438,18287.89888,18328.29947
Estimate,0.598768926,0.949905763,0.143604293,0.027650027,1.111794272,0.20098249,-9110.914807,18233.82961,18274.23021
Estimate,0.600969463,0.949999475,0.140348793,0.031977535,1.11023874,0.200160335,-9103.710049,18219.4201,18259.8207
Estimate,0.614963593,1.033775946,0.041642699,0.025358826,1.104576752,0.199276466,-9102.82806,18217.65612,18258.05672
Estimate,0.513238873,1.029988495,0.187386113,0.206435387,1.071277146,0.263726093,-9137.476818,18286.95364,18327.35423
Estimate,0.488627175,0.951771442,0.147511639,-0.017116894,1.113056459,0.141937216,-9133.49823,18278.99646,18319.39706
Estimate,0.394600122,0.948446278,0.133657578,-0.029799432,1.183914119,0.210355138,-9179.228598,18370.4572,18410.85779
Estimate,0.616435956,0.958220362,0.039380452,0.128581598,1.108803359,0.147902193,-9117.809901,18247.6198,18288.0204
Estimate,0.562755081,0.960001406,0.139995312,-0.047275467,1.109981249,0.267511219,-9148.997525,18309.99505,18350.39565
Estimate,0.464656029,0.960986756,0.057277045,0.14192784,1.109751814,0.150291834,-9131.960616,18275.92123,18316.32183
Estimate,0.589549596,0.94994859,0.161591009,-0.054114957,1.11017624,0.192090363,-9124.624265,18261.24853,18301.64913
Estimate,0.539592527,0.956770433,0.160175843,0.076014399,1.112479236,0.261598968,-9144.67064,18301.34128,18341.74188
Estimate,0.736083179,0.971664869,0.156405769,-0.044429288,1.006747714,0.308493732,-9125.069904,18262.13981,18302.54041
Estimate,0.638917052,0.959905658,0.125160185,-0.03347822,1.110013682,0.200032914,-9112.827396,18237.65479,18278.05539
Estimate,0.609756218,0.949936173,0.040325694,-0.164407152,1.109552104,0.209714625,-9103.959277,18219.91855,18260.31915
Estimate,0.709784833,0.931336361,0.154573751,-0.025401071,1.085835842,0.111367696,-9156.791761,18325.58352,18365.98412
Estimate,0.608083252,0.960617422,0.040059161,0.174001989,1.109059432,0.201196211,-9160.906334,18333.81267,18374.21327
Estimate,0.966898944,1.029855728,0.140311414,0.185299311,1.333040203,0.049655552,-9152.444928,18316.88986,18357.29045
Estimate,0.715901399,0.959692352,0.10678251,0.258521155,1.129494876,0.085367972,-9171.884189,18355.76838,18396.16898
Estimate,0.610193245,0.960348326,0.041798716,0.13158339,1.111854225,0.150922062,-9118.072764,18248.14553,18288.54613
Estimate,0.548812532,0.95999249,0.098258182,-0.066428147,1.109996601,0.199983738,-9124.08298,18260.16596,18300.56656
Estimate,0.66617043,0.95987157,0.12194208,-0.231361935,1.11000983,0.243808457,-9170.331522,18352.66304,18393.06364
Estimate,0.565247067,0.959941107,0.139990652,-0.035978176,1.109962607,0.249987536,-9142.420726,18296.84145,18337.24205
Estimate,0.4619042,0.959985709,0.131037917,-0.092236277,1.118507444,0.149997732,-9147.479386,18306.95877,18347.35937
Estimate,0.606264618,0.964352783,0.03966609,0.130715148,1.10670423,0.145489186,-9109.659278,18231.31856,18271.71915
Estimate,0.658124109,0.949920499,0.139987314,0.002826058,1.109949255,0.217352766,-9113.682317,18239.36463,18279.76523
Estimate,0.58816538,0.958704233,0.144764473,-0.17114212,1.13946401,0.237515443,-9155.261214,18322.52243,18362.92303
Estimate,0.568937387,1.035870255,0.078547952,0.072486765,1.135926173,0.140746251,-9101.27675,18214.5535,18254.9541
Estimate,0.661115467,0.955032331,0.153367216,-0.07000855,1.107769196,0.229076169,-9130.656013,18273.31203,18313.71262
Estimate,0.447663912,0.99323384,0.050896074,0.225016083,1.097882886,0.171449872,-9114.640037,18241.28007,18281.68067
Estimate,0.54783552,0.948868537,0.144643864,-0.095500207,1.113720179,0.161239433,-9137.160246,18286.32049,18326.72109
Estimate,0.374148653,0.987658499,0.139471934,0.460410186,1.315258097,0.034662208,-9161.118152,18334.2363,18374.6369
Estimate,0.637621441,0.982383489,0.044899682,0.051755755,1.061248863,0.187841017,-9107.362989,18226.72598,18267.12658
Estimate,0.600411321,0.950120982,0.141407069,0.029427155,1.109778635,0.200884104,-9101.191947,18214.38389,18254.78449
Estimate,0.605564934,0.979637556,0.304499636,0.203874144,1.172527082,0.177835502,-9128.08594,18268.17188,18308.57248
Estimate,0.690179738,0.956940825,0.041029675,0.060456777,1.104505244,0.206509625,-9159.131622,18330.26324,18370.66384
Estimate,0.624084732,0.957790125,0.061670319,-0.029465718,1.11916479,0.139564115,-9131.144018,18274.28804,18314.68863
Estimate,0.315368665,0.961116122,0.16662359,0.216912302,1.153687046,0.079979998,-9126.606572,18265.21314,18305.61374
Estimate,0.760840992,0.937877673,0.103756363,-0.017591564,0.939520001,0.282410103,-9115.603042,18243.20608,18283.60668
Estimate,0.950380397,0.982289786,0.178042857,-0.136320667,1.052120317,0.431058509,-9157.82307,18327.64614,18368.04674
Estimate,0.590959147,0.958863111,0.13638554,-0.19910298,1.110054835,0.206992704,-9155.668549,18323.3371,18363.7377
Estimate,0.328171007,0.985876419,0.08278353,-0.105120679,1.096500589,0.208659984,-9165.796108,18343.59222,18383.99281
Estimate,0.627741245,1.040920612,0.11611114,0.038909791,1.00965507,0.301068281,-9109.33957,18230.67914,18271.07974
Estimate,0.591861946,0.938993048,0.155169539,-0.092912067,1.112036326,0.154868924,-9133.781327,18279.56265,18319.96325
Estimate,0.618936952,1.003112837,0.187664321,-0.144609612,1.067957057,0.325424573,-9132.667672,18277.33534,18317.73594
Estimate,0.500592623,0.948344464,0.141316052,0.216751001,1.13701809,0.200653135,-9111.139112,18234.27822,18274.67882
Estimate,0.721960746,0.98617399,0.094879637,0.139918378,1.254962033,0.117868554,-9181.270449,18374.5409,18414.9415
Estimate,0.601347729,0.957265946,0.044271023,0.146480665,1.113326338,0.149201865,-9112.350583,18236.70117,18277.10176
Estimate,0.603282396,0.949994191,0.143425482,0.011940796,1.117330291,0.2001693,-9117.127192,18246.25438,18286.65498
Estimate,0.595714729,0.960315467,0.114611913,-0.019088995,1.131741912,0.200500012,-9129.78367,18271.56734,18311.96794
Estimate,0.606740938,0.961841139,0.053606947,0.100388345,1.121913852,0.154024662,-9117.357066,18246.71413,18287.11473
Estimate,0.638808131,1.000386666,0.074891451,0.001651055,1.010510259,0.211602276,-9118.300119,18248.60024,18289.00084
Estimate,0.651832366,0.988859631,0.086906878,0.057045108,1.093233775,0.217853442,-9128.97763,18269.95526,18310.35586
Estimate,0.627741245,1.040920612,0.11611114,0.038909791,1.00965507,0.301068281,-9109.33957,18230.67914,18271.07974
Estimate,0.491175959,0.996619078,0.183825054,-0.006094361,1.011000437,0.087342888,-9151.420589,18314.84118,18355.24178
Estimate,0.567292956,1.042114002,0.138271335,0.006027123,1.165234086,0.159201203,-9157.109035,18326.21807,18366.61867
Estimate,0.598350473,0.939788767,0.149603117,0.331945995,1.117208362,0.125607992,-9170.584364,18353.16873,18393.56933
Estimate,0.596222447,0.972325489,0.064799353,-0.176542727,1.100613412,0.24928293,-9175.769715,18363.53943,18403.94003
Estimate,0.601951568,0.960003534,0.040410074,0.130752312,1.109997298,0.152060401,-9117.977277,18247.95455,18288.35515
Estimate,0.937195833,0.987670549,0.354180313,0.026361093,1.155024255,0.295315768,-9142.131378,18296.26276,18336.66335
Estimate,0.552173783,0.956315081,0.086742731,-0.233169776,1.123422156,0.199512409,-9176.546122,18365.09224,18405.49284
Estimate,0.525422514,0.847202563,0.254710366,0.274712686,1.134310807,0.174945005,-9174.003826,18360.00765,18400.40825
Estimate,0.600002732,0.949937478,0.14025558,-0.070637198,1.110068044,0.149975052,-9138.844712,18289.68942,18330.09002
Estimate,0.368401007,1.023361831,-0.007008859,0.011413163,1.108418431,0.095456123,-9184.489493,18380.97899,18421.37958
Estimate,0.526376874,0.960185596,0.066628174,0.120046723,1.118099923,0.159036534,-9108.763355,18229.52671,18269.92731
Estimate,0.700896794,0.960023195,0.03997323,0.16106111,1.109634952,0.150275054,-9118.847721,18249.69544,18290.09604
Estimate,0.573166594,0.969840066,0.159862573,-0.060920262,1.09592249,0.231441957,-9143.693181,18299.38636,18339.78696
Estimate,0.539837942,1.014196287,0.200274467,0.010813136,1.03852106,0.380819515,-9151.566291,18315.13258,18355.53318
Estimate,0.553038304,0.959926841,0.068336836,0.029137247,1.109953528,0.243983501,-9156.416763,18324.83353,18365.23412
Estimate,0.5997635,0.960045717,0.040043986,0.127162756,1.11001787,0.158093545,-9126.532759,18265.06552,18305.46612
Estimate,0.658174192,0.950000926,0.128632778,-0.205749045,1.109988888,0.199996759,-9148.641313,18309.28263,18349.68322
Estimate,0.759735509,0.963811814,0.198264659,0.031880685,1.160912962,0.173880112,-9150.046069,18312.09214,18352.49274
Estimate,0.615581842,0.96149979,0.128874379,-0.155330226,1.107519063,0.203753295,-9146.282003,18304.56401,18344.9646
Estimate,0.546163351,0.975433913,0.130187038,-0.08657487,1.07829142,0.266360422,-9144.32643,18300.65286,18341.05346
Estimate,0.621173188,0.896169455,0.101949838,-0.157418011,1.10845453,0.188746459,-9159.55568,18331.11136,18371.51196
Estimate,0.75357665,0.94221051,0.117795662,0.253684392,0.896594992,0.034666164,-9180.826131,18373.65226,18414.05286
Estimate,0.669878895,0.986191981,0.102060939,-0.009963923,0.967019059,0.214215578,-9146.266146,18304.53229,18344.93289
Estimate,0.553183496,0.959778791,0.10158562,-0.013071834,1.151523057,0.200296661,-9149.795739,18311.59148,18351.99208
Estimate,0.520614067,1.030314814,0.192064473,-0.053168323,1.155289803,0.06684348,-9127.3158,18266.6316,18307.0322
Estimate,0.546163351,0.975433913,0.130187038,-0.08657487,1.07829142,0.266360422,-9144.32643,18300.65286,18341.05346
Estimate,0.516642512,0.938989183,0.195950019,0.018284856,1.101462593,0.228722636,-9118.970569,18249.94114,18290.34174
Estimate,0.625437159,0.950346618,0.142182113,-0.061137212,1.110260047,0.149652752,-9126.259893,18264.51979,18304.92038
Estimate,0.637621441,0.982383489,0.044899682,0.051755755,1.061248863,0.187841017,-9107.362989,18226.72598,18267.12658
Estimate,0.554772654,0.967752644,0.126081256,0.096949678,1.076954255,0.173760437,-9107.434518,18226.86904,18267.26963
Estimate,0.569589115,0.950050252,0.141332985,-0.091467631,1.115699961,0.150952305,-9135.428223,18282.85645,18323.25704
Estimate,0.638808131,1.000386666,0.074891451,0.001651055,1.010510259,0.211602276,-9118.300119,18248.60024,18289.00084
Estimate,0.486482168,0.960004326,0.039990387,-0.022204564,1.109942324,0.199983178,-9178.240534,18368.48107,18408.88167
Estimate,0.525518932,1.032055153,0.15205056,-0.137995582,1.068685849,0.118441779,-9123.84235,18259.6847,18300.0853
Estimate,0.628786173,0.95998079,0.039997967,0.125563974,1.109987803,0.149996951,-9120.777912,18253.55582,18293.95642
Estimate,0.601977028,0.95999439,0.039999406,-0.145320796,1.109996438,0.207481143,-9176.081558,18364.16312,18404.56371
Estimate,0.619266979,0.949500087,0.162469875,0.002666315,1.11146971,0.203559085,-9113.924663,18239.84933,18280.24992
Estimate,0.540549949,1.029781095,0.138018924,0.146256884,1.273820465,0.049601445,-9100.696371,18213.39274,18253.79334
Estimate,0.58582621,0.994628564,0.09683343,-0.023814266,1.162586923,0.119079503,-9140.115225,18292.23045,18332.63105
Estimate,0.601743152,0.959937267,0.040032157,0.116943161,1.110040353,0.149956541,-9122.430737,18256.86147,18297.26207
Estimate,0.603490589,0.95995169,0.039994888,0.10095363,1.109969327,0.199991054,-9154.222999,18320.446,18360.8466
Estimate,0.675488432,1.030204359,0.132951096,-0.036646604,1.012235074,0.262980616,-9102.065389,18216.13078,18256.53138
Estimate,0.614808374,1.039739017,0.063752193,0.033015394,1.112453045,0.199708308,-9125.54937,18263.09874,18303.49934
Estimate,0.620578658,1.043777447,0.111428274,-0.003285536,1.071560711,0.270155995,-9149.344119,18310.68824,18351.08884
Estimate,0.709784833,0.931336361,0.154573751,-0.025401071,1.085835842,0.111367696,-9156.791761,18325.58352,18365.98412
Estimate,0.675488432,1.030204359,0.132951096,-0.036646604,1.012235074,0.262980616,-9102.065389,18216.13078,18256.53138
Estimate,0.589237209,0.949991667,0.13999867,0.028420891,1.109994681,0.199998449,-9108.275479,18228.55096,18268.95156
Estimate,1.671294476,1.03063617,0.150535692,0.072039202,1.11219434,0.051339569,-9100.719856,18213.43971,18253.84031
Estimate,0.763349816,0.902653678,0.171994848,0.450217163,1.124964838,0.068539615,-9168.993721,18349.98744,18390.38804
Estimate,0.609632896,0.959992904,0.043762591,0.012525133,1.109995495,0.149998874,-9122.621964,18257.24393,18297.64453
Estimate,0.585533417,0.962067091,0.143626297,-0.06531678,1.109565178,0.251483908,-9131.643112,18275.28622,18315.68682
Estimate,0.662393465,0.978388872,0.196400574,-0.178384669,1.519661806,0.08919082,-9110.390522,18232.78104,18273.18164
Estimate,0.417472629,0.968727168,0.104898835,-0.208562681,1.026419538,0.365624494,-9177.069288,18366.13858,18406.53917
Estimate,0.598282094,0.959598032,0.040241937,-0.068677451,1.109794957,0.202009352,-9163.320891,18338.64178,18379.04238
Estimate,0.501105077,0.908389042,0.012369089,-0.127476192,1.046354315,0.141524699,-9105.68651,18223.37302,18263.77362
Estimate,0.621145806,0.974232984,0.055841414,-0.029629872,1.107801383,0.189599833,-9140.377075,18292.75415,18333.15475
Estimate,0.525518932,1.032055153,0.15205056,-0.137995582,1.068685849,0.118441779,-9123.84235,18259.6847,18300.0853
Estimate,0.594711806,0.997704463,0.00256188,-0.113076897,1.077586095,0.154537243,-9173.266911,18358.53382,18398.93442
Estimate,0.679584572,0.972453756,0.117593047,-0.016365614,1.103971464,0.169843572,-9124.632685,18261.26537,18301.66597
Estimate,0.524489753,0.960033875,0.060782516,-0.016708882,1.109988439,0.199992506,-9141.551041,18295.10208,18335.50268
Estimate,0.747299731,1.027894247,0.203493977,0.296598791,1.106830237,0.26696449,-9178.709346,18369.41869,18409.81929
Estimate,0.668478842,1.038872785,0.103572837,0.006405909,1.111262497,0.201551154,-9118.14397,18248.28794,18288.68854
Estimate,0.58826618,0.961042424,0.044293132,0.028395868,1.113717876,0.208283414,-9160.803214,18333.60643,18374.00703
Estimate,0.640201632,0.950003306,0.145898908,-0.076848412,1.150149931,0.15002928,-9126.668995,18265.33799,18305.73859
Estimate,0.646244333,0.959915307,0.119712908,0.108849898,1.145742948,0.165813995,-9101.648655,18215.29731,18255.69791
Estimate,0.58398821,1.008317415,0.06168798,0.112502156,1.002140105,0.231522488,-9100.125253,18212.25051,18252.6511
Estimate,0.552438845,0.959790937,0.063275685,-0.135006711,1.110667016,0.220810855,-9158.338329,18328.67666,18369.07726
Estimate,0.588627108,0.957654479,0.042677005,0.029161963,1.110121011,0.151280247,-9139.114409,18290.22882,18330.62942
Estimate,0.619824804,0.959993988,0.139999046,0.032425956,1.117294064,0.249998728,-9131.647149,18275.2943,18315.6949
Estimate,0.465575594,0.959988063,0.244957432,0.417294119,1.109928278,0.149985909,-9122.998256,18257.99651,18298.39711
Estimate,0.602478855,0.960473126,0.139963325,-0.054546735,1.114954904,0.253750559,-9157.244767,18326.48953,18366.89013
Estimate,1.025147745,1.004870935,-0.049738432,0.354703537,1.055992345,0.090652577,-9144.416303,18300.83261,18341.2332
Estimate,0.66428932,0.933086463,0.138913333,-0.201464174,1.116577286,0.222990438,-9147.740803,18307.48161,18347.8822
Estimate,0.542937963,0.960241061,0.14154659,-0.147386314,1.10987948,0.250799901,-9158.164668,18328.32934,18368.72993
Estimate,0.707830001,0.951389857,0.10587719,0.052210063,0.915216268,0.454091889,-9182.046357,18376.09271,18416.49331
Estimate,0.599575842,0.964654525,0.037101146,-0.065564262,1.09758463,0.190813566,-9159.923922,18331.84784,18372.24844
Estimate,0.56392541,0.948391918,0.137875614,0.001195589,1.110723493,0.172387293,-9116.812455,18245.62491,18286.02551
Estimate,0.592575912,0.950066521,0.151887225,0.047426371,1.115397736,0.200328969,-9111.79677,18235.59354,18275.99414
Estimate,0.638171638,0.960290812,0.112397978,-0.071994007,1.156417188,0.150979466,-9128.414774,18268.82955,18309.23015
Estimate,0.734936721,0.938510155,0.103793487,-0.230101803,1.092636712,0.207284295,-9153.930325,18319.86065,18360.26125
Estimate,0.541790109,0.957246269,0.075131033,-0.08858519,1.172745079,0.203748476,-9102.401353,18216.80271,18257.2033
Estimate,0.592701519,0.95963249,0.067242649,0.132863007,1.107709289,0.203024405,-9125.223704,18262.44741,18302.84801
Estimate,0.651087708,0.941596907,0.091615047,-0.013834999,1.075260519,0.129279161,-9133.199981,18278.39996,18318.80056
Estimate,0.74172431,0.960002261,0.098928156,0.004951917,1.148345051,0.199991205,-9155.825886,18323.65177,18364.05237
Estimate,0.626210222,0.959985259,0.03999844,0.155494062,1.128779932,0.14999766,-9134.928417,18281.85683,18322.25743
Estimate,0.607605062,0.958923436,0.149707799,-0.072536873,1.121294634,0.252891822,-9151.364693,18314.72939,18355.12998
Estimate,0.556790576,0.924584567,0.058480088,0.099365751,1.262927509,-0.007600972,-9175.839443,18363.67889,18404.07948
Estimate,0.605204978,0.960000596,0.139998015,0.014725697,1.109992059,0.254059128,-9145.580378,18303.16076,18343.56135
Estimate,0.742508736,1.017348218,0.168728687,-0.099812965,1.088499268,0.309258956,-9150.101129,18312.20226,18352.60286
Estimate,0.696140654,0.961446158,0.114640196,0.12060892,1.099067964,0.175096155,-9102.793403,18217.58681,18257.9874
Estimate,0.590712248,0.948606907,0.159987167,-0.018316209,1.113595656,0.226775898,-9122.407711,18256.81542,18297.21602
Estimate,0.748245244,1.031461944,0.140120153,-0.07951286,1.027371971,0.316259203,-9128.653341,18269.30668,18309.70728
Estimate,0.754831882,0.933252224,0.172008179,-0.135280032,1.042348428,0.245798398,-9138.987706,18289.97541,18330.37601
Estimate,0.588819503,0.972173835,0.044878132,-0.101368085,1.114296807,0.201530785,-9156.821531,18325.64306,18366.04366
Estimate,0.528257565,1.038369016,0.136859853,-0.147515876,1.107028198,0.135036834,-9180.210796,18372.42159,18412.82219
Estimate,0.599751572,0.950028717,0.140340257,-0.074639058,1.111333473,0.150006135,-9128.052824,18268.10565,18308.50625
Estimate,0.656511104,0.949348032,0.139882721,-0.174638998,1.112499026,0.254237214,-9155.032976,18322.06595,18362.46655
Estimate,0.7674147,0.990667921,0.141407846,0.001290975,1.05504588,0.085315913,-9139.940384,18291.88077,18332.28137
Estimate,0.62143187,0.949993238,0.139998921,-0.075506841,1.109995684,0.149998921,-9136.17947,18284.35894,18324.75954
Estimate,0.604224937,0.960327526,0.07418113,0.147753096,1.113453244,0.181875048,-9114.483112,18240.96622,18281.36682
Estimate,0.603752567,0.957459392,0.14181716,-0.15098957,1.112058655,0.201551756,-9139.735256,18291.47051,18331.87111
Estimate,0.6231067,0.986386679,0.063857988,0.009254169,1.073423752,0.056168042,-9108.990034,18229.98007,18270.38067
Estimate,0.649697059,0.944851136,0.049141315,-0.002285649,1.023190432,0.200600922,-9127.369029,18266.73806,18307.13866
Estimate,0.585943254,0.949995261,0.148426503,-0.059123182,1.109996975,0.149999244,-9133.920852,18279.8417,18320.2423
Estimate,0.59105316,1.0299977,0.13970912,0.020066767,1.009580259,0.259860812,-9101.313639,18214.62728,18255.02788
Estimate,0.63531304,0.950764872,0.129178067,0.010449762,1.094537884,0.205913565,-9114.575787,18241.15157,18281.55217
Estimate,0.396440796,1.029690503,0.139929573,0.100971957,1.010848507,0.470068646,-9162.271175,18336.54235,18376.94295
Estimate,0.53592418,0.94168287,0.158744837,-0.069169925,1.128282273,0.194731624,-9129.260819,18270.52164,18310.92224
Estimate,0.598540923,1.00038983,0.060614927,-0.119301391,1.111474656,0.183287828,-9163.566225,18339.13245,18379.53305
Estimate,0.580282949,0.959964059,0.039996197,0.209354043,1.10997718,0.149994295,-9111.238054,18234.47611,18274.87671
Estimate,0.672226394,0.960353998,0.097457224,-0.154855503,1.109993574,0.200032285,-9146.57853,18305.15706,18345.55766
Estimate,0.318554863,0.909973354,0.20357158,0.073310947,1.104703874,0.191455993,-9137.214127,18286.42825,18326.82885
Estimate,0.615370748,0.964430348,0.119610794,-0.077915364,1.113210069,0.17168464,-9127.82562,18267.65124,18308.05184
Estimate,0.403414638,0.959153694,0.065554715,-0.041730565,1.107192325,0.197545291,-9156.935569,18325.87114,18366.27174
Estimate,0.571715547,0.966039378,0.102977411,0.028130729,1.104792705,0.165153665,-9113.161291,18238.32258,18278.72318
Estimate,0.600810839,0.91854574,0.107717094,-0.038483508,1.143458477,0.173741791,-9124.318298,18260.6366,18301.03719
Estimate,0.599884339,0.960007585,0.140406628,0.029821973,1.110142393,0.2507446,-9136.718501,18285.437,18325.8376
Estimate,0.429289768,0.968632242,0.116859875,0.000432878,1.032372549,0.261932316,-9119.530289,18251.06058,18291.46118
Estimate,0.302419406,0.992781803,0.216890977,0.114573957,1.012602194,0.514096666,-9165.614736,18343.22947,18383.63007
Estimate,0.612604733,0.949997883,0.041522236,0.00401052,1.116781715,0.200473651,-9165.209079,18342.41816,18382.81876
Estimate,0.600147401,0.94995482,0.140053877,0.030058665,1.109909091,0.199955363,-9107.466745,18226.93349,18267.33409
Estimate,0.589067156,0.949988353,0.140956506,0.027855124,1.109993059,0.232469813,-9114.658828,18241.31766,18281.71825
Estimate,0.647814255,0.964260567,0.051880557,0.250718075,1.078669599,0.26302114,-9161.060027,18334.12005,18374.52065
Estimate,0.560748465,0.959743978,0.117978594,-0.005728301,1.113172388,0.230842922,-9136.789473,18285.57895,18325.97954
Estimate,0.598789922,0.949972357,0.041293518,0.042526139,1.109956068,0.211387029,-9164.764529,18341.52906,18381.92966
Estimate,0.742160633,1.041995807,0.068245816,0.127395419,1.110650786,0.2007936,-9121.460641,18254.92128,18295.32188
Estimate,0.519749429,0.909209218,0.116654753,-0.10572236,1.132270768,0.195118173,-9152.569792,18317.13958,18357.54018
Estimate,0.550518707,0.914003515,0.178099017,-0.069807446,1.095132487,0.172865888,-9130.792806,18273.58561,18313.98621
Estimate,0.528265266,1.024801389,0.161800525,0.066836127,1.055067596,0.151391337,-9120.311174,18252.62235,18293.02295
Estimate,0.649697059,0.944851136,0.049141315,-0.002285649,1.023190432,0.200600922,-9127.369029,18266.73806,18307.13866
Estimate,0.387535966,1.026657056,0.020634985,0.072938404,1.032597793,0.174232863,-9142.217723,18296.43545,18336.83604
Estimate,0.806888794,0.959955469,0.203044039,0.061646483,1.109971727,0.199991754,-9142.806685,18297.61337,18338.01397
Estimate,0.603484537,0.950100853,0.145732735,0.028314161,1.115079664,0.205041149,-9115.256065,18242.51213,18282.91273
Estimate,0.754831882,0.933252224,0.172008179,-0.135280032,1.042348428,0.245798398,-9138.987706,18289.97541,18330.37601
Estimate,0.544572459,0.959938625,0.039993505,0.003321401,1.109961032,0.199988634,-9164.047454,18340.09491,18380.49551
Estimate,0.675924101,0.96425018,0.13189889,0.061839081,1.10512833,0.207552711,-9109.17387,18230.34774,18270.74834
Estimate,0.453634395,0.997143099,0.153451631,-0.10294807,1.133835442,0.277014217,-9122.157469,18256.31494,18296.71554
Estimate,0.597186154,0.95994331,0.143064098,0.029480504,1.111162834,0.250368737,-9128.374487,18268.74897,18309.14957
Estimate,0.710604512,1.036116828,0.135022895,0.217781279,0.993585939,0.419538904,-9138.933057,18289.86611,18330.26671
Estimate,0.552099291,0.96709989,0.072196297,0.036774543,1.118095145,0.140523287,-9116.732989,18245.46598,18285.86658
Estimate,0.501807197,0.960575564,0.115330019,-0.026589386,1.112538942,0.14794161,-9129.748739,18271.49748,18311.89808
Estimate,0.397135423,1.02508574,0.174445299,0.084555866,1.005397717,0.363540758,-9135.275042,18282.55008,18322.95068
Estimate,0.520677501,1.029532903,0.139146038,-0.024342745,1.035622033,0.219447204,-9117.428989,18246.85798,18287.25858
Estimate,0.453634395,0.997143099,0.153451631,-0.10294807,1.133835442,0.277014217,-9122.157469,18256.31494,18296.71554
Estimate,0.794082543,0.915330045,0.100341513,0.141830751,0.933027752,0.337665905,-9101.359383,18214.71877,18255.11936
Estimate,0.494199874,1.026240648,0.14210736,-0.121311547,1.109957814,0.227890776,-9133.628822,18279.25764,18319.65824
Estimate,0.617307663,0.96499922,0.108259402,-0.046562067,1.132774855,0.200494624,-9128.872167,18269.74433,18310.14493
Estimate,0.519749429,0.909209218,0.116654753,-0.10572236,1.132270768,0.195118173,-9152.569792,18317.13958,18357.54018
Estimate,0.602313773,0.960738843,0.054051047,-0.176286862,1.119119069,0.199438807,-9154.658109,18321.31622,18361.71682
Estimate,0.58398821,1.008317415,0.06168798,0.112502156,1.002140105,0.231522488,-9100.125253,18212.25051,18252.6511
Estimate,0.637978601,0.971406818,0.065511817,-0.187540985,1.116787762,0.184607084,-9160.536774,18333.07355,18373.47415
Estimate,0.598706369,0.950211611,0.142712505,-0.068159449,1.109842245,0.150005514,-9127.846197,18267.69239,18308.09299
Estimate,0.600076311,0.94999808,0.140007517,0.029835184,1.110006386,0.2000018,-9108.606906,18229.21381,18269.61441
Estimate,0.609737645,0.960092073,0.039899716,0.133409376,1.110304413,0.149967907,-9119.50621,18251.01242,18291.41302
Estimate,0.782377197,0.960002334,0.039994813,0.087137007,1.133504221,0.149992219,-9156.594101,18325.1882,18365.5888
Estimate,0.595035137,0.95982815,0.140110342,0.020038128,1.109985138,0.249775168,-9136.571894,18285.14379,18325.54439
Estimate,0.845406494,0.927621777,0.235823401,0.044214008,0.915799867,0.374927371,-9142.962129,18297.92426,18338.32486
Estimate,0.507247674,0.939777439,0.136579285,0.072382207,1.110474648,0.198264357,-9101.732139,18215.46428,18255.86488
Estimate,0.587054956,0.959865293,0.149854059,-0.065039709,1.108556379,0.249523861,-9142.383911,18296.76782,18337.16842
Estimate,0.6361677,1.039993261,0.039999316,0.002593403,1.121055366,0.20244056,-9115.885355,18243.77071,18284.17131
Estimate,0.569522507,0.960001945,0.077801853,0.257707584,1.109974065,0.199992436,-9120.89338,18253.78676,18294.18736
Estimate,0.520749474,0.957926402,0.118511352,-0.169552399,1.113239928,0.210820541,-9156.855253,18325.71051,18366.1111
Estimate,0.578449149,1.03693517,0.116954697,-0.130155006,1.092049366,0.301067794,-9172.109035,18356.21807,18396.61867
Estimate,0.937195833,0.987670549,0.354180313,0.026361093,1.155024255,0.295315768,-9142.131378,18296.26276,18336.66335
Estimate,0.183528043,1.043225332,0.107087773,0.546801579,1.119321506,-0.042432367,-9174.520894,18361.04179,18401.44239
Estimate,0.396597365,0.960157319,0.131716164,0.027442552,1.110178985,0.230642524,-9141.782755,18295.56551,18335.96611
Estimate,0.580234321,0.94994233,0.039984151,-0.011387186,1.109955007,0.199984347,-9165.017668,18342.03534,18382.43593
Estimate,0.516553361,0.959987872,0.139998075,-0.051972747,1.109992299,0.249997433,-9143.742547,18299.48509,18339.88569
Estimate,0.589373353,0.888397348,0.269847699,0.075587087,1.062002796,0.323681047,-9112.562381,18237.12476,18277.52536
Estimate,0.600566082,0.960001043,0.14103459,-0.070656246,1.109996687,0.249995787,-9141.025765,18294.05153,18334.45213
Estimate,0.573785059,0.960000714,0.039998413,0.140759633,1.10999048,0.14999762,-9124.476761,18260.95352,18301.35412
Estimate,0.591484185,0.938255351,0.105352615,-0.141249828,1.076009848,0.249003785,-9128.428121,18268.85624,18309.25684
Estimate,0.619576546,0.899369031,0.123636453,0.005894145,1.033233215,0.244492529,-9102.551028,18217.10206,18257.50265
Estimate,0.948734833,1.018184708,0.197721843,0.03090979,1.254706164,0.070676823,-9139.941956,18291.88391,18332.28451
Estimate,0.581502887,0.937128651,0.09942562,-0.071616189,1.101261061,0.23622101,-9138.804904,18289.60981,18330.01041
Estimate,0.718281662,0.963140188,0.08579111,-0.143170854,1.114505678,0.223689201,-9156.11648,18324.23296,18364.63356
Estimate,0.669878895,0.986191981,0.102060939,-0.009963923,0.967019059,0.214215578,-9146.266146,18304.53229,18344.93289
Estimate,0.598888056,0.950006134,0.140952851,0.029992101,1.110058459,0.199969918,-9115.013973,18242.02795,18282.42854
Estimate,0.382127833,0.906012781,0.203664903,-0.094654311,1.020437526,0.317297794,-9140.270954,18292.54191,18332.94251
Estimate,0.723369729,1.008934248,0.13175335,0.01539132,1.034022057,0.253596146,-9157.108544,18326.21709,18366.61769
Estimate,0.382127833,0.906012781,0.203664903,-0.094654311,1.020437526,0.317297794,-9140.270954,18292.54191,18332.94251
Estimate,0.648441229,0.951577812,0.15804244,0.018784095,1.097681905,0.203419901,-9105.887424,18223.77485,18264.17545
Estimate,0.601486747,0.959995396,0.140443366,0.032169826,1.110530104,0.249997174,-9131.317869,18274.63574,18315.03634
Estimate,0.656399288,0.973483189,0.123375498,0.110213633,1.094594904,0.22606991,-9119.676401,18251.3528,18291.7534
Estimate,0.428801769,0.83209093,0.174350599,0.411081211,1.033223672,0.067705787,-9137.15344,18286.30688,18326.70748
Estimate,0.568290373,0.959987861,0.039998715,0.015886793,1.129863727,0.149998073,-9146.053919,18304.10784,18344.50844
Estimate,0.7264283,0.939259804,0.090654976,-0.163893478,1.111896392,0.183383455,-9146.751467,18305.50293,18345.90353
Estimate,0.286006864,1.023918804,-0.002551116,0.269782905,1.070901035,0.135593521,-9144.726199,18301.4524,18341.853
Estimate,0.968315447,1.008342872,0.115685352,0.753297711,0.997733719,0.5316706,-9157.351964,18326.70393,18367.10453
Estimate,0.594572058,1.007422945,0.1590423,0.21524218,1.289274538,0.050940515,-9169.677566,18351.35513,18391.75573
Estimate,0.531239032,0.959760888,0.148063479,0.138100325,1.109792906,0.148875105,-9101.781092,18215.56218,18255.96278
Estimate,0.541482745,0.999784491,0.136367045,-0.373573984,1.104601672,0.200076591,-9127.394621,18266.78924,18307.18984
Estimate,0.589806063,1.023596678,0.167305177,0.015627617,1.208668186,0.064914122,-9137.949438,18287.89888,18328.29947
Estimate,0.518162911,0.938280807,0.106435288,0.044611682,1.106042467,0.194540758,-9110.467757,18232.93551,18273.33611
Estimate,0.615855043,0.932876796,0.183237344,-0.084036535,1.138510345,0.236195551,-9134.008824,18280.01765,18320.41825
Estimate,0.58552026,0.958701099,0.040403513,0.033239674,1.109890164,0.150682062,-9137.205289,18286.41058,18326.81118
Estimate,0.599469174,0.94999717,0.144985731,0.03445939,1.112287044,0.204947448,-9106.004681,18224.00936,18264.40996
Estimate,0.61352253,0.964885842,0.037605948,0.139469891,1.092900525,0.148289199,-9109.921701,18231.8434,18272.244
Estimate,0.579199264,0.957593857,0.03989824,0.044030901,1.107580196,0.147711442,-9128.036061,18268.07212,18308.47272
Estimate,0.613647414,0.942321831,0.123340292,0.115594524,1.117099296,0.194113032,-9107.992131,18227.98426,18268.38486
Estimate,0.594711806,0.997704463,0.00256188,-0.113076897,1.077586095,0.154537243,-9173.266911,18358.53382,18398.93442
Estimate,0.634618649,0.960008262,0.095968763,0.026385881,1.164828528,0.150001221,-9118.420508,18248.84102,18289.24161
Estimate,0.532216173,0.957116624,0.17415979,0.035375732,1.203401871,0.118042365,-9126.003983,18264.00797,18304.40856
Estimate,0.682129533,1.029889951,0.223924878,-0.10746367,1.009912342,0.498870856,-9144.829028,18301.65806,18342.05865
Estimate,0.82237059,1.030182667,0.139852381,0.228062073,1.263156783,0.104065146,-9131.452142,18274.90428,18315.30488
Estimate,0.548627747,0.924725623,0.160099482,0.011495765,1.097164637,0.107304604,-9147.15263,18306.30526,18346.70586
Estimate,0.601550008,1.029435563,0.142522334,-0.257818402,1.058163485,0.237007198,-9154.022354,18320.04471,18360.44531
Estimate,0.617901724,0.950002584,0.139992248,-0.030258627,1.109968992,0.199990956,-9112.282494,18236.56499,18276.96559
Estimate,0.640928296,0.974693004,0.048108475,-0.025943248,1.106912652,0.185462132,-9141.854274,18295.70855,18336.10915
Estimate,0.564574472,0.94841979,0.130350855,-0.021713322,1.110949721,0.210339484,-9116.135307,18244.27061,18284.67121
Estimate,0.596613491,0.947976315,0.147427713,-0.069768857,1.110855849,0.14936578,-9133.594525,18279.18905,18319.58965
Estimate,0.886219753,0.957791288,0.180888925,-0.155236306,1.028168622,0.246056536,-9178.586787,18369.17357,18409.57417
Estimate,0.64054754,0.954550156,0.099651261,-0.183939465,1.098492749,0.188233071,-9140.664119,18293.32824,18333.72884
Estimate,0.369106921,0.934428828,0.169773317,0.158689177,1.125402959,0.120295391,-9119.045487,18250.09097,18290.49157
Estimate,0.414684876,0.963150458,0.163605581,0.202594555,1.10598959,0.109229003,-9111.383387,18234.76677,18275.16737
Estimate,0.504989969,1.030064264,0.140176723,-0.093640227,1.109926269,0.054268233,-9150.825384,18313.65077,18354.05137
Estimate,0.612072092,0.960141573,0.14102431,-0.071714597,1.110293727,0.251290737,-9135.117091,18282.23418,18322.63478
Estimate,0.633974324,0.963206981,0.112117324,-0.001628605,1.102939116,0.151217813,-9119.419066,18250.83813,18291.23873
Estimate,0.595012218,0.949992461,0.139998797,-0.069077092,1.109995188,0.149998797,-9134.540764,18281.08153,18321.48213
Estimate,0.602080861,1.03000119,0.146932745,-0.080573356,1.109928586,0.362927703,-9141.102344,18294.20469,18334.60529
Estimate,0.302497258,0.959697185,0.114471964,0.065599534,1.109529763,0.200704134,-9143.032387,18298.06477,18338.46537
Estimate,0.595921388,1.039939737,0.039993009,0.014906275,1.110016557,0.215909417,-9116.448188,18244.89638,18285.29697
Estimate,0.630291571,0.926183986,0.21389789,-0.639159484,0.959318227,0.532843747,-9113.401596,18238.80319,18279.20379
Estimate,0.686056654,0.999553642,0.025491863,-0.05010749,1.026310467,0.152955367,-9149.20732,18310.41464,18350.81524
Estimate,0.701200878,1.00190228,0.037393247,0.191950357,1.115136772,0.192120126,-9148.570743,18309.14149,18349.54208
Estimate,0.508475544,0.929274126,0.134086216,0.02100473,1.110242651,0.146986486,-9109.980089,18231.96018,18272.36078
Estimate,0.599763176,0.960011656,0.040015219,-0.070165791,1.110006041,0.200449902,-9167.352363,18346.70473,18387.10532
Estimate,0.596420262,0.959998536,0.053103756,0.152137477,1.109404829,0.150787459,-9108.72208,18229.44416,18269.84476
Estimate,0.690200028,0.960029688,0.185294984,-0.095820971,1.109984038,0.24679306,-9154.399645,18320.79929,18361.19989
