"miu","be","sig","a","q","LogL","AIC","BIC"
0.465286961,0.925104965,0.197697,1.410255343,2.279618226,-9181.594372,18373.18874,18406.85591
0.431262928,0.899172778,0.244247386,1.482623639,2.36514018,-9189.217743,18388.43549,18422.10265
0.406503574,0.913935811,0.207722361,1.497032069,2.244551274,-9189.426042,18388.85208,18422.51925
0.317324412,0.929337991,0.199525569,1.423739506,2.41728293,-9189.454539,18388.90908,18422.57624
0.506839952,0.91517976,0.240314736,1.473888112,2.033486079,-9189.63325,18389.2665,18422.93366
0.452611245,0.917811185,0.211538176,1.389457489,1.989362236,-9194.21562,18398.43124,18432.09841
0.50773463,0.926056413,0.198772112,1.521904074,2.117322496,-9194.232771,18398.46554,18432.13271
0.440921568,0.933272244,0.169788457,1.378749209,2.086136521,-9194.793673,18399.58735,18433.25451
0.678895018,0.958549585,0.139903966,1.443063148,1.998330114,-9195.261492,18400.52298,18434.19015
0.663750068,0.938387729,0.183058458,1.408755692,2.035952012,-9195.293019,18400.58604,18434.2532
0.699221214,0.95202107,0.181571483,1.427720623,2.286850803,-9195.788631,18401.57726,18435.24443
0.554323489,0.961961591,0.149626421,1.366646382,2.224563703,-9196.736543,18403.47309,18437.14025
0.646173789,0.966551061,0.147199028,1.36581707,2.201573661,-9198.871652,18407.7433,18441.41047
0.410337667,0.900415714,0.209266284,1.514715196,2.100049031,-9199.085701,18408.1714,18441.83857
0.523813246,0.882854673,0.285354914,1.528678693,2.016345971,-9200.352991,18410.70598,18444.37315
0.369489584,0.880719437,0.24851334,1.372640329,2.42940927,-9200.395434,18410.79087,18444.45803
0.682074044,0.941065271,0.183452845,1.391827345,2.00227866,-9200.661559,18411.32312,18444.99028
0.452086802,0.898155774,0.265091261,1.418575261,2.093522191,-9200.854436,18411.70887,18445.37604
0.526519732,0.86297495,0.283947357,1.497936812,2.041842725,-9200.948191,18411.89638,18445.56355
0.57076797,0.937993058,0.186430173,1.339471783,2.219448354,-9201.343527,18412.68705,18446.35422
0.659808247,0.91456564,0.237348003,1.39723731,2.167898502,-9201.604721,18413.20944,18446.87661
0.632130657,0.902711387,0.265009429,1.522319979,1.913177999,-9202.096622,18414.19324,18447.86041
0.674408913,0.950764189,0.196129077,1.463706315,2.062177672,-9202.231318,18414.46264,18448.1298
0.327751671,0.940566357,0.22097429,1.44131571,2.010868453,-9203.131183,18416.26237,18449.92953
0.557766874,0.95120382,0.142626953,1.355095038,2.079584629,-9203.596718,18417.19344,18450.8606
0.617003981,0.923995677,0.183792748,1.416275117,2.437218534,-9204.452333,18418.90467,18452.57183
0.533090986,0.887307403,0.215892636,1.413073309,2.125031291,-9205.031159,18420.06232,18453.72948
0.642858375,0.938214574,0.156444431,1.371665445,2.429542103,-9205.423792,18420.84758,18454.51475
0.474672119,0.912144947,0.275626758,1.399836809,2.160630815,-9205.550542,18421.10108,18454.76825
0.609051412,0.906111797,0.278114263,1.456613972,2.096082161,-9206.051906,18422.10381,18455.77098
0.724621285,0.951845026,0.176760157,1.4399115,2.089845932,-9206.346179,18422.69236,18456.35952
0.470040041,0.864445593,0.330294405,1.457061155,2.164309104,-9206.567728,18423.13546,18456.80262
0.286476535,0.870655909,0.2617341,1.507952557,2.183421063,-9206.817595,18423.63519,18457.30236
0.474696192,0.884499564,0.203471738,1.442665935,2.279434426,-9207.154377,18424.30875,18457.97592
0.643947788,0.915197986,0.197594403,1.396320582,2.320958233,-9207.214437,18424.42887,18458.09604
0.539964516,0.846838726,0.303291044,1.479046211,2.123864961,-9207.52997,18425.05994,18458.72711
0.769792586,0.953963684,0.18733295,1.413610365,2.171502642,-9208.098876,18426.19775,18459.86492
0.627847038,0.900503289,0.266637025,1.414527258,2.209878469,-9208.837864,18427.67573,18461.34289
0.500771494,0.909400599,0.194804387,1.352295642,2.069302711,-9210.346742,18430.69348,18464.36065
0.561185238,0.857711654,0.273878423,1.413104793,2.355061562,-9210.79222,18431.58444,18465.2516
0.625733371,0.899583689,0.20063812,1.378910269,2.145040929,-9210.907084,18431.81417,18465.48133
0.699165157,0.959029144,0.151129365,1.419442498,2.371047252,-9210.97883,18431.95766,18465.62483
0.757525352,0.955647203,0.163762501,1.477398061,1.98943623,-9211.028535,18432.05707,18465.72423
0.732572182,0.953358556,0.202734489,1.413252241,2.030154462,-9211.045071,18432.09014,18465.75731
0.649717374,0.905781902,0.259718128,1.39766277,2.628563524,-9211.227923,18432.45585,18466.12301
0.290395127,0.976161153,0.10981398,1.403194251,2.104152609,-9211.815655,18433.63131,18467.29848
0.710414582,0.941620886,0.176757811,1.331284344,2.297718299,-9212.114187,18434.22837,18467.89554
0.696812836,0.978290519,0.120983192,1.377761732,2.135848266,-9212.219819,18434.43964,18468.1068
0.49905714,0.844184727,0.323393117,1.427857118,2.13784195,-9212.477433,18434.95487,18468.62203
0.680434677,0.917612452,0.217791595,1.411745616,2.442706563,-9212.766044,18435.53209,18469.19925
0.688693484,0.971769075,0.134426966,1.316225773,2.159777114,-9212.797397,18435.59479,18469.26196
0.661018385,0.928053227,0.184658489,1.483513266,2.135959534,-9213.074396,18436.14879,18469.81596
0.622377619,0.900017352,0.290266604,1.455806353,2.099618258,-9213.191773,18436.38355,18470.05071
0.768320135,0.946477855,0.194507416,1.492614452,1.937492139,-9213.409068,18436.81814,18470.4853
0.738831708,0.943203158,0.191221176,1.489731201,2.076168835,-9213.633007,18437.26601,18470.93318
0.59709024,0.871160917,0.298588208,1.484673064,2.274724655,-9213.844047,18437.68809,18471.35526
0.4133076,0.900011037,0.290540877,1.403708251,2.099431987,-9213.935898,18437.8718,18471.53896
0.543346256,0.837295554,0.34140873,1.504678264,2.112696911,-9214.214116,18438.42823,18472.0954
0.806809368,0.968102754,0.173989065,1.373688153,2.138475148,-9214.453808,18438.90762,18472.57478
0.807092457,0.977601664,0.167730592,1.438648638,2.094637311,-9214.670159,18439.34032,18473.00748
0.514878793,0.974650123,0.096779883,1.329216241,2.152063715,-9215.565459,18441.13092,18474.79808
0.82564122,0.964562139,0.153415406,1.436932816,2.130965624,-9215.748176,18441.49635,18475.16352
0.772035197,0.947524366,0.153621877,1.366937767,2.201447651,-9216.021641,18442.04328,18475.71045
0.65342004,0.923558372,0.262962278,1.493607676,2.018390333,-9216.781155,18443.56231,18477.22948
0.557929054,0.902811231,0.276936881,1.532335292,2.394602396,-9216.964602,18443.9292,18477.59637
0.753207482,0.960645929,0.154616454,1.344549124,1.999418157,-9217.188142,18444.37628,18478.04345
0.724472432,0.964828138,0.118008665,1.371120105,2.220955999,-9217.24647,18444.49294,18478.1601
0.577894893,0.97604978,0.118395312,1.313851055,2.162076187,-9217.712027,18445.42405,18479.09122
0.140203564,0.929046961,0.205131994,1.375119233,2.324082675,-9217.791383,18445.58277,18479.24993
0.811789568,0.963930019,0.183835354,1.374411287,2.295076477,-9218.431359,18446.86272,18480.52988
0.602670536,0.867110094,0.259064138,1.382369653,2.099354188,-9218.469533,18446.93907,18480.60623
0.611934889,0.883972822,0.2591543,1.499449439,2.311614158,-9218.512925,18447.02585,18480.69301
0.561549668,0.840875997,0.277916219,1.433935013,1.994799832,-9218.516663,18447.03333,18480.70049
0.748745141,0.944626274,0.223304797,1.482368286,2.219526107,-9218.697386,18447.39477,18481.06194
0.714097905,0.898940861,0.251441962,1.453404043,2.100687914,-9218.916505,18447.83301,18481.50017
0.71001619,0.90423743,0.23613192,1.449002182,2.184618633,-9219.011689,18448.02338,18481.69054
0.730244198,0.936684002,0.255624886,1.421238365,2.196307656,-9219.164905,18448.32981,18481.99697
0.683920309,0.928852305,0.173282717,1.34480111,2.093568379,-9219.187918,18448.37584,18482.043
0.630301327,0.879815557,0.31528349,1.447390218,2.084260776,-9219.382624,18448.76525,18482.43241
0.898991573,0.973826573,0.147960072,1.427472855,2.163782587,-9219.657422,18449.31484,18482.98201
0.725599086,0.984633054,0.109238091,1.363748194,2.024925487,-9219.667127,18449.33425,18483.00142
0.821952595,0.971812494,0.147746992,1.347946348,2.11831842,-9219.697127,18449.39425,18483.06142
0.777482129,0.958513575,0.139632764,1.344089285,2.363538854,-9220.282995,18450.56599,18484.23316
0.782307574,0.961856859,0.138538011,1.332693479,2.146008757,-9220.373427,18450.74685,18484.41402
0.581384161,0.867020685,0.276667256,1.330641613,2.665482479,-9220.398821,18450.79764,18484.46481
0.665452061,0.894809646,0.240112295,1.371812678,2.104249773,-9220.529164,18451.05833,18484.72549
0.842594875,0.97986002,0.147585822,1.35218486,2.179081441,-9221.343915,18452.68783,18486.35499
0.752284516,0.951404079,0.169650615,1.302264252,2.332694994,-9221.704128,18453.40826,18487.07542
0.705386151,0.97957692,0.106210628,1.329305853,2.147452066,-9221.829797,18453.65959,18487.32676
0.657809539,0.900010031,0.198306721,1.393300994,2.09976595,-9222.310821,18454.62164,18488.28881
0.825528079,0.976321783,0.135947007,1.327385507,2.206561713,-9222.447494,18454.89499,18488.56215
0.724803241,0.899365091,0.237932374,1.450766317,2.098722601,-9222.945972,18455.89194,18489.55911
0.465555844,0.963052058,0.125654756,1.31324553,2.023310938,-9222.986492,18455.97298,18489.64015
0.857831733,0.952337812,0.156193986,1.399861473,2.172785781,-9223.235104,18456.47021,18490.13737
0.660349188,0.982323049,0.09943938,1.350830545,2.070741707,-9223.236502,18456.473,18490.14017
0.288222381,0.87912072,0.316583601,1.418728833,2.091442574,-9223.747088,18457.49418,18491.16134
0.783759255,0.929576687,0.250193941,1.427337467,2.120078694,-9224.322816,18458.64563,18492.3128
0.852899574,0.964426759,0.169670883,1.364480298,2.328416063,-9224.356677,18458.71335,18492.38052
0.708328431,0.930521457,0.160501871,1.347498973,2.161855015,-9224.958414,18459.91683,18493.58399
0.72419297,0.983758464,0.13603043,1.360103617,2.553911115,-9225.123297,18460.24659,18493.91376
0.599534652,0.8608315,0.354659794,1.490665792,2.119204549,-9225.255016,18460.51003,18494.1772
0.47498342,0.920753737,0.246974531,1.342394039,2.069136929,-9225.306335,18460.61267,18494.27984
0.4953862,0.801140083,0.328618037,1.406416804,2.158945673,-9225.529288,18461.05858,18494.72574
0.443267697,0.944843065,0.1851462,1.592548449,2.086034072,-9225.811489,18461.62298,18495.29014
0.689406683,0.942228861,0.223499848,1.367849417,2.03882455,-9225.902225,18461.80445,18495.47162
0.820214217,0.982755055,0.109295607,1.33367649,2.402336768,-9226.309498,18462.619,18496.28616
0.637172313,0.90190328,0.210972342,1.505028216,2.214739895,-9226.441065,18462.88213,18496.54929
0.890151759,0.981231023,0.134270021,1.475439288,2.113269569,-9226.470998,18462.942,18496.60916
0.839593369,0.95748502,0.181235442,1.440142041,2.321502986,-9226.57993,18463.15986,18496.82703
0.744994385,0.954446123,0.172815437,1.514077994,2.18998796,-9226.652071,18463.30414,18496.97131
0.637184023,0.892920739,0.292905085,1.386798746,2.190439839,-9226.729307,18463.45861,18497.12578
0.522924039,0.88647842,0.246704186,1.324624772,2.151471013,-9227.058255,18464.11651,18497.78368
0.667900729,0.899534007,0.194700193,1.398339624,2.217356099,-9227.303723,18464.60745,18498.27461
0.538318755,0.899667779,0.320181797,1.437953851,2.1031264,-9227.813491,18465.62698,18499.29415
0.64974923,0.918050117,0.197369482,1.313141855,2.104993001,-9227.949422,18465.89884,18499.56601
0.646535703,0.902029807,0.297235161,1.376213417,2.315433876,-9229.078057,18468.15611,18501.82328
0.6518594,0.904050552,0.256482822,1.341898475,2.109894831,-9230.60473,18471.20946,18504.87662
1.028942642,0.968444641,0.161918445,1.377724048,2.379850898,-9231.005394,18472.01079,18505.67795
0.821726947,0.968777325,0.122537466,1.381690519,2.49734236,-9231.0128,18472.0256,18505.69276
0.453527072,0.934583759,0.29182445,1.488219709,1.934798771,-9232.196894,18474.39379,18508.06095
0.604602869,0.957035575,0.121380161,1.28845279,2.133492638,-9232.254495,18474.50899,18508.17616
0.081011281,0.972091584,0.162869596,1.258492066,4.107499061,-9232.728489,18475.45698,18509.12414
0.623234819,0.892784068,0.226426889,1.558667721,2.105648766,-9233.295846,18476.59169,18510.25886
1.07937905,0.981169219,0.145243842,1.447387853,2.03873316,-9233.306862,18476.61372,18510.28089
0.623941281,0.987732474,0.109505536,1.299384651,2.35437662,-9233.389408,18476.77882,18510.44598
0.696349627,0.900050147,0.305155373,1.430543475,2.165888868,-9233.45072,18476.90144,18510.56861
0.75995697,0.896050434,0.258628947,1.393453835,2.108774747,-9233.733811,18477.46762,18511.13479
0.514686427,0.874517456,0.192165036,1.371814331,2.072394323,-9233.770421,18477.54084,18511.20801
0.826788608,0.96293788,0.142438749,1.460199393,2.21678234,-9233.888028,18477.77606,18511.44322
0.641827072,0.941808647,0.262749116,1.409874245,2.039658282,-9233.975172,18477.95034,18511.61751
0.673529421,0.900012086,0.322357107,1.464126259,2.204446013,-9234.155596,18478.31119,18511.97836
0.703109468,0.927163169,0.244211153,1.569013795,2.11764521,-9234.274299,18478.5486,18512.21576
0.516895868,0.887534751,0.35595497,1.428519254,2.454169376,-9234.783113,18479.56623,18513.23339
0.777681281,0.912173571,0.248098537,1.353582554,2.521373599,-9235.603502,18481.207,18514.87417
0.620439495,0.940312688,0.217114182,1.344766566,1.911451975,-9235.92917,18481.85834,18515.5255
0.886621774,0.96536148,0.208234938,1.400741207,2.13607333,-9236.000786,18482.00157,18515.66874
0.773808191,0.923734218,0.27719476,1.450579805,2.121774473,-9236.146074,18482.29215,18515.95931
0.796914473,0.958485054,0.186473297,1.536227798,2.094280435,-9236.345251,18482.6905,18516.35767
0.61455363,0.956809091,0.1181614,1.277887071,2.077996206,-9236.730674,18483.46135,18517.12851
0.681090242,0.959972585,0.241689879,1.491501663,2.18546015,-9236.764095,18483.52819,18517.19535
0.516474862,0.944180878,0.282858048,1.428846998,2.121021624,-9236.956441,18483.91288,18517.58005
0.763804306,0.959478203,0.233490671,1.393288157,2.106573662,-9238.145705,18486.29141,18519.95857
0.791835731,0.905708226,0.242538103,1.481940727,2.036919544,-9238.288011,18486.57602,18520.24319
0.857563496,0.937293095,0.243923455,1.483140301,2.233963066,-9238.40489,18486.80978,18520.47695
0.594663304,0.86434731,0.246773092,1.340196896,2.082843977,-9238.996508,18487.99302,18521.66018
0.716230391,0.915767024,0.297653352,1.4265549,2.901014024,-9239.131223,18488.26245,18521.92961
0.703582212,0.914254302,0.274819444,1.359577868,2.102714731,-9239.541405,18489.08281,18522.74997
0.766961571,0.959578706,0.132273523,1.285203718,2.237997552,-9239.62291,18489.24582,18522.91298
0.58321108,0.874429665,0.255529364,1.319941522,2.116771887,-9239.886285,18489.77257,18523.43973
0.662124666,0.890503762,0.293087795,1.354850686,2.097301155,-9239.95574,18489.91148,18523.57864
0.684547379,0.912851719,0.257943037,1.495556432,2.803380208,-9240.193057,18490.38611,18524.05328
0.730853004,0.945706182,0.184768827,1.302506745,2.019050516,-9240.443194,18490.88639,18524.55355
1.272024058,0.988075926,0.161609688,1.380021467,2.440763345,-9240.652144,18491.30429,18524.97145
0.50312131,0.899628908,0.342852489,1.43173833,2.099782654,-9240.843355,18491.68671,18525.35387
0.79610519,0.900874656,0.287741761,1.483609817,2.099460148,-9240.854712,18491.70942,18525.37659
0.720914319,0.981913354,0.190879373,1.332153067,2.70263442,-9241.056848,18492.1137,18525.78086
0.543113217,0.907378132,0.248889913,1.312300735,2.08028971,-9241.140757,18492.28151,18525.94868
0.05655262,0.93500234,0.235933534,1.376652905,2.170879609,-9241.811187,18493.62237,18527.28954
0.517473002,0.869677396,0.377631683,1.514613517,2.545199303,-9241.886536,18493.77307,18527.44024
0.617076823,0.947558341,0.184511967,1.586971941,2.138103949,-9242.206585,18494.41317,18528.08033
0.80623064,0.95674881,0.197703367,1.319475631,2.104793611,-9242.311745,18494.62349,18528.29065
0.642320576,0.894816119,0.345932356,1.455904722,2.10000112,-9242.42521,18494.85042,18528.51758
0.741908949,0.92712814,0.299832491,1.531581981,2.12650376,-9243.79595,18497.5919,18531.25906
0.721025769,0.875748125,0.334175292,1.524994946,1.780944487,-9243.97369,18497.94738,18531.61455
0.686723652,0.95330452,0.143085274,1.254388046,2.25845039,-9244.123121,18498.24624,18531.91341
0.895323034,0.988135162,0.083808557,1.434738677,1.831936087,-9244.381349,18498.7627,18532.42986
0.83619884,0.944841166,0.228964739,1.346211189,2.125631812,-9244.448833,18498.89767,18532.56483
0.651941476,0.900008642,0.239596652,1.306801081,2.099798348,-9244.63623,18499.27246,18532.93962
0.997012027,0.95331934,0.20596191,1.409261263,2.052215435,-9245.576841,18501.15368,18534.82085
0.670601279,0.92677521,0.229198602,1.298483631,2.174462152,-9245.733695,18501.46739,18535.13455
0.737150858,0.87326158,0.318841456,1.427239395,2.06976206,-9246.015156,18502.03031,18535.69748
0.965727302,0.955095818,0.17350957,1.36375934,1.997893563,-9246.220191,18502.44038,18536.10755
0.138043672,0.904419491,0.209458644,1.392273044,2.343567687,-9246.719121,18503.43824,18537.10541
0.53905606,0.732954095,0.413052391,1.492260767,2.116270233,-9246.752887,18503.50577,18537.17294
0.626997021,0.906901808,0.249400345,1.326795953,1.967730876,-9246.807308,18503.61462,18537.28178
0.686693694,0.870147374,0.314246892,1.375298581,2.097497103,-9247.153487,18504.30697,18537.97414
0.762854688,0.950634981,0.140828731,1.276136366,2.193030475,-9247.270054,18504.54011,18538.20727
0.662808061,0.945077928,0.121437226,1.3781409,1.550781048,-9247.475183,18504.95037,18538.61753
0.752811024,0.874256706,0.261512801,1.406752283,2.125191339,-9247.532896,18505.06579,18538.73296
0.704410782,0.897061448,0.32334068,1.393180835,2.289750069,-9248.044911,18506.08982,18539.75699
0.76309665,0.878754732,0.283725821,1.42572869,2.296313658,-9248.474433,18506.94887,18540.61603
0.818116092,0.89967529,0.257899173,1.445726059,2.11163549,-9248.927799,18507.8556,18541.52276
0.629244147,0.837556065,0.361947145,1.407664657,2.123266594,-9249.211431,18508.42286,18542.09003
0.61128651,0.936544788,0.286120315,1.348676531,2.429093441,-9249.337098,18508.6742,18542.34136
0.603886464,0.830265686,0.286295422,1.349804057,2.109273158,-9250.653254,18511.30651,18544.97367
0.615820095,0.924020613,0.1370257,1.459753227,2.195910575,-9250.861993,18511.72399,18545.39115
0.653737731,0.828942138,0.29528746,1.36427392,2.381041046,-9252.752978,18515.50596,18549.17312
0.305774508,0.899688314,0.361280627,1.592558081,2.099151241,-9253.164778,18516.32956,18549.99672
0.408799392,0.937380077,0.176068258,1.596879934,2.292839442,-9253.276951,18516.5539,18550.22107
0.537308907,0.842733507,0.327573281,1.337907533,2.131372117,-9253.287852,18516.5757,18550.24287
0.79703676,0.924902998,0.26325957,1.34934849,2.062644355,-9253.606124,18517.21225,18550.87941
0.596618535,0.947789923,0.160229258,1.252689953,2.1372129,-9253.66479,18517.32958,18550.99675
0.754756754,0.899986121,0.336372384,1.508438134,2.099783278,-9253.986874,18517.97375,18551.64091
0.826134691,0.898223842,0.262766428,1.476193825,2.171260825,-9254.269384,18518.53877,18552.20593
0.611406715,0.960114812,0.153121069,1.175761732,3.2090374,-9254.276155,18518.55231,18552.21947
0.776674651,0.900720455,0.320270547,1.521644135,2.235007981,-9254.42073,18518.84146,18552.50863
0.975323542,0.943920775,0.260068123,1.448967106,2.047873804,-9254.609188,18519.21838,18552.88554
0.675568455,0.886837181,0.267262153,1.289738585,2.328132015,-9254.633075,18519.26615,18552.93331
0.67484092,0.8481205,0.304317794,1.553169476,2.135276643,-9254.872729,18519.74546,18553.41262
0.667013021,0.832925752,0.395906987,1.573695401,1.876632065,-9254.919005,18519.83801,18553.50517
0.843660846,0.944441036,0.180956336,1.300844698,2.081742805,-9254.942503,18519.88501,18553.55217
0.79691434,0.961659364,0.145896173,1.259550359,2.119565706,-9254.954742,18519.90948,18553.57665
0.695055376,0.843750374,0.360720454,1.44248294,2.155945588,-9255.514384,18521.02877,18554.69593
0.667540508,0.89284903,0.246845348,1.263298803,2.460696881,-9255.749067,18521.49813,18555.1653
0.756166234,0.937655927,0.150320504,1.381659218,3.091194128,-9255.819167,18521.63833,18555.3055
0.522440753,0.966269923,0.101762929,1.254694287,2.101429853,-9256.145002,18522.29,18555.95717
0.714776365,0.943779937,0.233202441,1.306638136,2.136124753,-9256.232242,18522.46448,18556.13165
0.828796915,0.893637532,0.260624853,1.41909567,2.109298129,-9256.365344,18522.73069,18556.39785
0.339896735,0.900045003,0.320846417,1.582076741,2.867564012,-9256.638187,18523.27637,18556.94354
0.280460088,0.692197321,0.510352655,1.541875683,2.21951202,-9257.0371,18524.0742,18557.74137
0.771961168,0.90759156,0.257695279,1.328013278,2.150269299,-9257.129979,18524.25996,18557.92712
0.799410159,0.953771041,0.211948329,1.305294267,2.074561856,-9257.169023,18524.33805,18558.00521
0.706835161,0.878612805,0.331289241,1.317030196,3.212396354,-9257.542874,18525.08575,18558.75291
0.510834308,0.985884008,0.165488374,1.584004483,2.010369052,-9257.65987,18525.31974,18558.98691
0.649088578,0.958529012,0.247998914,1.612967299,1.91420345,-9257.933533,18525.86707,18559.53423
0.420888482,0.897238851,0.270611097,1.267596718,2.354927243,-9258.549761,18527.09952,18560.76669
0.769338274,0.893365509,0.306527622,1.377521866,2.192157945,-9258.835411,18527.67082,18561.33799
0.747857624,0.899797103,0.277613287,1.341984982,2.099709504,-9258.856913,18527.71383,18561.38099
0.350450705,0.94452136,0.176627412,1.639666041,2.113456551,-9259.157974,18528.31595,18561.98311
0.605337725,0.855808225,0.367567725,1.369570127,2.219173239,-9259.799534,18529.59907,18563.26623
0.30987229,0.656791527,0.51507194,1.57101471,2.008494004,-9261.071299,18532.1426,18565.80976
0.720703822,0.897588841,0.301485468,1.3271584,2.281770506,-9261.552653,18533.10531,18566.77247
0.689337039,0.854818307,0.360016019,1.407784329,2.064713728,-9261.639726,18533.27945,18566.94662
0.540140444,0.835272164,0.337891632,1.344730302,2.012881375,-9261.784385,18533.56877,18567.23593
0.79520482,0.900494123,0.250993756,1.329832246,2.180575858,-9262.727203,18535.45441,18569.12157
0.562029805,0.791043579,0.358580255,1.341318925,2.270159793,-9263.235572,18536.47114,18570.13831
0.60593227,0.860161406,0.303191624,1.331748376,1.938937242,-9263.806242,18537.61248,18571.27965
0.488165385,0.899762702,0.374188603,1.450049311,2.252565432,-9263.811788,18537.62358,18571.29074
0.890765973,0.938421093,0.28714516,1.435347867,2.054795933,-9264.008326,18538.01665,18571.68382
0.918858862,0.964397813,0.209670678,1.513780894,2.608142431,-9264.016729,18538.03346,18571.70062
0.735097119,0.849700256,0.365138276,1.430654721,2.348113858,-9264.245045,18538.49009,18572.15725
0.739163033,0.884659856,0.356862561,1.392131459,2.489644346,-9264.577703,18539.15541,18572.82257
1.098250424,0.969541573,0.22319034,1.485375775,2.297048437,-9265.137717,18540.27543,18573.9426
0.611275258,0.823001543,0.355777187,1.354178953,2.080200158,-9266.239303,18542.47861,18576.14577
0.791548813,0.924340578,0.199239248,1.302220964,2.009570026,-9266.425667,18542.85133,18576.5185
0.712922527,0.849761403,0.327696,1.353196775,2.185086291,-9266.456669,18542.91334,18576.5805
0.564394548,0.880209213,0.280275166,1.288587167,2.087522446,-9266.977367,18543.95473,18577.6219
0.268967981,0.986047376,0.185279097,1.327289079,2.021713003,-9269.267334,18548.53467,18582.20183
0.658915207,0.948642427,0.155013317,1.231376824,2.147510709,-9269.822714,18549.64543,18583.31259
0.337270309,0.943133429,0.228486714,1.256044313,2.330125413,-9270.207079,18550.41416,18584.08132
0.636834338,0.899330247,0.381813635,1.519276699,2.100239417,-9270.249693,18550.49939,18584.16655
0.872757755,0.93316029,0.293497598,1.408984026,2.216250059,-9270.766105,18551.53221,18585.19938
0.585414128,0.899929652,0.308634593,1.302278815,2.261656979,-9271.066423,18552.13285,18585.80001
0.843508365,0.889460985,0.278393328,1.415667321,2.333739842,-9271.676392,18553.35278,18587.01995
0.826628731,0.959909797,0.219040954,1.300927997,2.102763933,-9271.945845,18553.89169,18587.55886
0.823050764,0.941035187,0.307837876,1.439330926,2.153620219,-9272.411258,18554.82252,18588.48968
0.675833511,0.949004146,0.153773338,1.232703068,2.126947004,-9272.786175,18555.57235,18589.23952
0.459900671,0.904670781,0.175060127,1.258369499,2.137465889,-9273.554739,18557.10948,18590.77664
0.901131236,0.910035013,0.229476018,1.39861838,1.97337746,-9273.796037,18557.59207,18591.25924
0.607522554,0.900011875,0.367984594,1.420965832,2.107475947,-9274.110698,18558.2214,18591.88856
0.621251292,0.896658159,0.151050934,1.420612186,2.250618785,-9274.214965,18558.42993,18592.09709
1.00039451,0.985769376,0.088708044,1.275560985,2.365672282,-9274.432718,18558.86544,18592.5326
0.760959279,0.899480447,0.190828979,1.292939436,2.099569774,-9274.651174,18559.30235,18592.96951
0.8513151,0.953848408,0.246459911,1.329732188,2.111203437,-9274.659208,18559.31842,18592.98558
0.694063971,0.958958633,0.286305086,1.397988057,2.261766582,-9274.745926,18559.49185,18593.15902
0.684048053,0.909876195,0.229891853,1.265014646,2.099588741,-9274.77729,18559.55458,18593.22174
0.246720492,0.885025715,0.332956609,1.715416575,2.096609288,-9274.787155,18559.57431,18593.24147
0.755051338,0.930662521,0.136598072,1.478350638,2.045204258,-9275.503671,18561.00734,18594.67451
0.597626925,0.869203336,0.265943837,1.274738596,2.097722527,-9275.51161,18561.02322,18594.69038
0.746720408,0.875431232,0.362137469,1.370824698,2.705274399,-9275.815667,18561.63133,18595.2985
0.748075805,0.899594383,0.366526336,1.483242516,2.145744233,-9275.869927,18561.73985,18595.40702
0.804646449,0.942634757,0.180966067,1.249580867,2.165044875,-9275.902733,18561.80547,18595.47263
0.595822357,0.877128841,0.290041404,1.282412964,2.118610158,-9276.746426,18563.49285,18597.16002
1.074858232,0.953950299,0.268195133,1.48496604,2.484321365,-9277.67542,18565.35084,18599.018
0.19096129,0.899634893,0.302084076,1.625449276,2.753575094,-9278.174896,18566.34979,18600.01696
0.664448498,0.816559796,0.307339761,1.317921234,2.222199586,-9278.595403,18567.19081,18600.85797
0.662266622,0.947453744,0.156013771,1.233361262,2.064536859,-9278.704076,18567.40815,18601.07532
1.023460816,0.969295643,0.246170927,1.326131972,2.426217409,-9279.82203,18569.64406,18603.31122
0.182435173,0.900038636,0.273905825,1.698910515,2.099086043,-9279.832233,18569.66447,18603.33163
0.890276392,0.92939695,0.219815807,1.285338236,2.150503285,-9280.774543,18571.54909,18605.21625
0.778799018,0.877684369,0.281928656,1.314808635,2.110165942,-9280.915863,18571.83173,18605.49889
1.214649074,0.979030673,0.211734785,1.337533156,2.151973014,-9282.071784,18574.14357,18607.81073
0.65062002,0.878606081,0.319616486,1.303489457,2.122480667,-9283.051736,18576.10347,18609.77064
0.662064234,0.828843551,0.288982666,1.302520831,2.17898434,-9283.183372,18576.36674,18610.03391
0.611143911,0.916996714,0.267286478,1.269228788,2.108175576,-9283.417777,18576.83555,18610.50272
0.590367927,0.969779744,0.224400726,1.627213147,2.092285687,-9284.753655,18579.50731,18613.17448
0.500801115,0.977148619,0.070733256,1.244562373,2.103500682,-9285.377336,18580.75467,18614.42184
0.259860661,0.912665403,0.196638426,1.248989113,2.299353801,-9285.38638,18580.77276,18614.43993
0.354182155,0.930900807,0.201773249,1.235508161,2.156931124,-9285.502892,18581.00578,18614.67295
0.464245047,0.611830093,0.531614878,1.46116445,2.399313097,-9285.623032,18581.24606,18614.91323
0.862845821,0.957571401,0.18799633,1.261315076,2.038218582,-9286.644494,18583.28899,18616.95615
0.789404919,0.944623251,0.201280211,1.23433636,2.184766376,-9287.172789,18584.34558,18618.01274
0.604479216,0.90783996,0.255983694,1.255011179,2.101457447,-9287.95838,18585.91676,18619.58393
0.692016689,0.942185913,0.159575548,1.223406202,2.070782171,-9288.182173,18586.36435,18620.03151
0.929925378,0.936677194,0.270881962,1.331600026,2.099567887,-9288.983025,18587.96605,18621.63322
0.835532916,0.889764486,0.319430845,1.368380417,2.085359802,-9289.222811,18588.44562,18622.11279
1.050625338,0.924871804,0.294715187,1.451069754,2.072787386,-9289.36125,18588.7225,18622.38967
0.632683299,0.846477876,0.253831671,1.268605458,2.165166525,-9289.406541,18588.81308,18622.48025
0.508164481,0.912189314,0.266796929,1.256335117,2.169456545,-9289.687347,18589.37469,18623.04186
0.536620996,0.896584337,0.312503734,1.284727938,2.148874439,-9289.861371,18589.72274,18623.38991
0.774990771,0.826025204,0.369803459,1.405375964,2.224943906,-9291.052543,18592.10509,18625.77225
0.337032118,0.897127683,0.27333982,1.733109949,2.099592162,-9291.101363,18592.20273,18625.86989
0.842835788,0.926262867,0.252745597,1.286901185,2.1138404,-9291.301441,18592.60288,18626.27005
0.988579816,0.977683933,0.269855987,1.501064197,2.059221213,-9292.306768,18594.61354,18628.2807
0.854760822,0.900047886,0.207583808,1.434306537,2.23801546,-9292.66383,18595.32766,18628.99483
1.083310678,0.954269396,0.267619293,1.354666786,2.197885233,-9292.775627,18595.55125,18629.21842
0.559147158,0.89971226,0.298115681,1.253537477,2.305377168,-9294.082219,18598.16444,18631.8316
0.715072023,0.899590249,0.400945695,1.475697534,2.262543504,-9295.401994,18600.80399,18634.47115
0.81550613,0.916635336,0.362464223,1.588338709,2.09119119,-9296.017861,18602.03572,18635.70289
0.771122731,0.966789646,0.18890185,1.236523878,2.124234987,-9297.309062,18604.61812,18638.28529
0.887160464,0.916226826,0.195403203,1.285041874,2.163881194,-9298.637917,18607.27583,18640.943
0.779721257,0.956442962,0.158831023,1.211403862,2.155326375,-9298.823988,18607.64798,18641.31514
0.476504032,0.981945496,0.123723595,1.214776349,2.075823786,-9299.33389,18608.66778,18642.33495
0.673403104,0.894995331,0.19500035,1.238695855,2.100344174,-9299.486566,18608.97313,18642.6403
0.658235914,0.946506958,0.115250189,1.216579858,2.068904035,-9299.605892,18609.21178,18642.87895
0.833148076,0.905413132,0.364654379,1.433701949,2.100456325,-9299.819685,18609.63937,18643.30653
0.762866934,0.940185193,0.194736076,1.23051267,2.071192731,-9300.381345,18610.76269,18644.42986
0.746086124,0.899651665,0.318798765,1.294300727,2.192871394,-9300.434599,18610.8692,18644.53636
0.959048003,0.912233004,0.216988272,1.342399236,1.938985862,-9300.562696,18611.12539,18644.79256
0.775056314,0.914485969,0.254740089,1.257726147,2.108445679,-9300.585279,18611.17056,18644.83772
0.890412596,0.935918234,0.276809882,1.290578228,2.245250325,-9300.605513,18611.21103,18644.87819
0.699591077,0.945966174,0.117870739,1.211091679,2.118831961,-9301.456714,18612.91343,18646.58059
0.772597166,0.823976976,0.348239724,1.357804312,2.265490397,-9302.664476,18615.32895,18648.99612
0.89867956,0.89860186,0.349637997,1.569431227,2.099617678,-9302.79359,18615.58718,18649.25434
0.14194659,0.972236719,0.193553239,1.258959448,2.063456781,-9304.963805,18619.92761,18653.59477
0.552369906,0.92191901,0.160199406,1.205007569,2.12069103,-9305.539771,18621.07954,18654.74671
0.95519817,0.931329944,0.281231078,1.321990256,2.102741387,-9306.19521,18622.39042,18656.05759
0.616785862,0.796476155,0.406062883,1.320331077,2.150289518,-9307.593641,18625.18728,18658.85445
0.669905527,0.980261973,0.094933219,1.202221515,2.132259369,-9309.417615,18628.83523,18662.50239
0.445958212,0.879104845,0.138156189,1.445859634,2.237504926,-9310.517591,18631.03518,18664.70235
0.612283433,0.876506144,0.357873851,1.674927712,2.616708459,-9310.803225,18631.60645,18665.27362
0.982784177,0.959251661,0.298417374,1.60461223,2.118307441,-9310.87538,18631.75076,18665.41792
0.428429475,0.89998376,0.341970151,1.303152404,2.09965512,-9311.435667,18632.87133,18666.5385
0.827536417,0.900040359,0.342376699,1.34055999,2.099684396,-9312.802414,18635.60483,18669.27199
0.676780386,0.813094413,0.280454905,1.261728974,2.330614833,-9312.847057,18635.69411,18669.36128
0.88163461,0.899481977,0.316572319,1.309701717,2.163937923,-9313.331746,18636.66349,18670.33066
0.723545724,0.91699499,0.397335488,1.48918879,2.216732043,-9313.527573,18637.05515,18670.72231
0.749308805,0.840312799,0.33980703,1.287473131,2.231994781,-9313.92799,18637.85598,18671.52315
0.734819502,0.947904745,0.174326299,1.198004242,2.107906879,-9314.949884,18639.89977,18673.56693
0.4799028,0.898786962,0.4113264,1.411295403,2.100323278,-9316.386786,18642.77357,18676.44074
0.816111291,0.90386409,0.231575524,1.233978027,2.184169302,-9317.763711,18645.52742,18679.19459
0.68828878,0.756859579,0.391667858,1.326569297,2.331705777,-9318.646164,18647.29233,18680.95949
0.668371151,0.896285047,0.327516025,1.278401425,2.106571453,-9319.042834,18648.08567,18681.75283
0.950736717,0.904144862,0.370186477,1.479986267,2.089781628,-9319.570935,18649.14187,18682.80903
0.723571113,0.858487579,0.315000312,1.266917013,2.090926222,-9319.940218,18649.88044,18683.5476
0.99104436,0.900023903,0.27490942,1.345565628,2.099523571,-9320.195144,18650.39029,18684.05745
0.61670858,0.900006433,0.322408563,1.272935838,2.099849894,-9320.401046,18650.80209,18684.46926
0.772046629,0.881951698,0.277423521,1.254607455,2.095436902,-9320.554616,18651.10923,18684.7764
0.464544824,0.912481654,0.321679476,1.284109802,2.081891739,-9321.064657,18652.12931,18685.79648
0.723951002,0.880690558,0.267274728,1.231656572,2.133817132,-9321.463706,18652.92741,18686.59458
0.612683467,0.975802552,0.116318307,1.17941561,2.128543854,-9322.445963,18654.89193,18688.55909
0.47876252,0.616067082,0.670298648,1.818938513,2.110417674,-9323.056618,18656.11324,18689.7804
0.739056003,0.975748444,0.083131096,1.191735285,2.101440757,-9323.20902,18656.41804,18690.08521
0.795146221,0.941615018,0.151406795,1.195908631,2.095844456,-9325.0257,18660.0514,18693.71857
0.706194879,0.818332828,0.273469848,1.266506115,2.114933008,-9326.067045,18662.13409,18695.80126
0.689840731,0.955157606,0.146709144,1.165192728,2.311276243,-9326.410336,18662.82067,18696.48784
0.713636023,0.976847013,0.073093472,1.184541611,2.207912934,-9326.468496,18662.93699,18696.60416
0.627436902,0.96509664,0.113398577,1.175162769,2.099896598,-9329.461896,18668.92379,18702.59096
0.664995265,0.911499696,0.109069573,1.377373615,2.131115627,-9329.618568,18669.23714,18702.9043
0.406569901,0.878579166,0.277918411,1.204175491,2.343322657,-9330.278299,18670.5566,18704.22376
0.853541765,0.863555991,0.242470407,1.307888379,1.938948895,-9330.695694,18671.39139,18705.05855
0.885153683,0.875638335,0.307188207,1.29638461,2.10716828,-9331.326808,18672.65362,18706.32078
0.648805724,0.889816369,0.125287826,1.388383266,2.107451681,-9331.356085,18672.71217,18706.37934
0.709606942,0.950929634,0.13059491,1.176550902,2.114653544,-9331.470686,18672.94137,18706.60854
0.989518136,0.92098792,0.252672919,1.26717415,2.080821393,-9333.464395,18676.92879,18710.59595
0.871373725,0.989725617,0.096864227,1.184022303,2.184469007,-9333.519672,18677.03934,18710.70651
0.603196093,0.927366955,0.384249042,1.380000402,2.209816159,-9333.563612,18677.12722,18710.79439
0.348044987,0.90009293,0.312570523,1.248819315,2.172668226,-9334.625773,18679.25155,18712.91871
0.425943195,0.790440673,0.285104627,1.279194043,1.969399565,-9334.910608,18679.82122,18713.48838
0.398428233,0.843711195,0.40103208,1.844213235,2.09851978,-9336.528713,18683.05743,18716.72459
0.69560609,0.911514132,0.165155424,1.598882046,2.1672787,-9336.613507,18683.22701,18716.89418
1.120670637,0.926253347,0.278173359,1.311045428,2.246659217,-9337.131167,18684.26233,18717.9295
0.753142379,0.898259679,0.304185999,1.250317107,2.099041268,-9337.402978,18684.80596,18718.47312
0.456972561,0.921464206,0.3529759,1.315088223,2.091393647,-9337.726082,18685.45216,18719.11933
0.767850352,0.873432316,0.187983649,1.260650578,2.142312856,-9337.9428,18685.8856,18719.55277
0.660329031,0.85483285,0.454425875,1.352597234,2.436000625,-9338.086195,18686.17239,18719.83955
0.893573473,0.899965943,0.374238653,1.340887111,2.316082956,-9338.520715,18687.04143,18720.70859
0.726215194,0.972226604,0.117061065,1.167644131,2.139968047,-9338.672759,18687.34552,18721.01268
0.898034283,0.948996679,0.225529777,1.656891795,2.371407384,-9339.725512,18689.45102,18723.11819
0.74050947,0.844386427,0.251506355,1.242383795,2.026286789,-9340.898864,18691.79773,18725.46489
0.65806096,0.906089222,0.143841607,1.199158487,2.132857126,-9341.024597,18692.04919,18725.71636
0.721187593,0.833717961,0.241085835,1.232655945,2.255642345,-9341.316252,18692.6325,18726.29967
1.034445698,0.899992844,0.246083024,1.421360749,2.099457734,-9344.428434,18698.85687,18732.52403
0.843628753,0.909929705,0.188980996,1.196592213,2.33164581,-9344.514012,18699.02802,18732.69519
0.91880876,0.955654292,0.266447048,1.263983023,2.056090895,-9344.842917,18699.68583,18733.353
0.461222681,0.85868611,0.466718787,1.730845646,2.695995394,-9344.917147,18699.83429,18733.50146
0.425977174,0.90002106,0.0999766,1.395316995,2.099508609,-9344.953685,18699.90737,18733.57453
0.578471701,0.884036677,0.269474795,1.205156742,2.082369319,-9345.333052,18700.6661,18734.33327
0.878336103,0.899110225,0.363211137,1.313519732,2.229564711,-9345.970799,18701.9416,18735.60876
0.30181391,0.882967467,0.307102214,1.241303434,2.138934082,-9347.151128,18704.30226,18737.96942
0.134561854,0.783333696,0.378739099,1.372744541,2.070863228,-9347.369049,18704.7381,18738.40526
0.875335088,0.856319674,0.282431102,1.282155976,2.198896132,-9348.179894,18706.35979,18740.02695
0.682386708,0.942955578,0.399964539,1.545337546,2.527230484,-9348.907318,18707.81464,18741.4818
1.053154467,0.9303489,0.281527391,1.278130404,2.080580342,-9349.028376,18708.05675,18741.72392
0.717791473,0.905021774,0.153263415,1.18576162,2.203851368,-9349.082434,18708.16487,18741.83203
0.075778855,0.89535092,0.358202464,1.742131523,2.475972462,-9350.351303,18710.70261,18744.36977
0.843843954,0.977937316,0.168111609,1.178777647,2.218314545,-9350.409208,18710.81842,18744.48558
0.579423116,0.899424017,0.210533582,1.17946272,2.099912356,-9350.826212,18711.65242,18745.31959
0.778603142,0.855738981,0.293554599,1.220208956,2.217766457,-9351.363291,18712.72658,18746.39375
0.63277794,0.852251985,0.400130393,1.287189791,2.101705999,-9352.820112,18715.64022,18749.30739
0.557253113,0.90000582,0.099993534,1.263572687,2.224476648,-9353.24793,18716.49586,18750.16303
0.54061598,0.900018211,0.466914603,1.484826304,2.104833473,-9353.761396,18717.52279,18751.18996
0.809682131,0.959601061,0.142430058,1.165310585,2.128644901,-9354.063218,18718.12644,18751.7936
0.747514724,0.948228254,0.391959985,1.5603222,2.235457779,-9354.577791,18719.15558,18752.82275
1.008644735,0.873253171,0.378536221,1.517063358,2.191614398,-9355.938313,18721.87663,18755.54379
1.040452281,0.900015666,0.310965407,1.29599361,2.278261168,-9357.333411,18724.66682,18758.33399
0.890696111,0.891494802,0.37195296,1.301575804,2.267943733,-9357.790703,18725.58141,18759.24857
0.659785018,0.900202787,0.301200925,1.21595033,2.142475427,-9358.498187,18726.99637,18760.66354
0.693382846,0.977648643,0.188913035,1.188642445,2.147995982,-9358.954796,18727.90959,18761.57676
0.8969959,0.897468206,0.348289343,1.293028915,2.102169563,-9359.231703,18728.46341,18762.13057
0.82107429,0.819961195,0.264907144,1.308902362,2.1096351,-9359.512156,18729.02431,18762.69148
0.48006342,0.72592957,0.640859845,1.526203677,2.220012601,-9359.933624,18729.86725,18763.53441
0.590286114,0.842979005,0.318628245,1.199177193,2.208789974,-9360.112915,18730.22583,18763.89299
0.465996884,0.988176893,0.071441608,1.165464012,2.122699936,-9360.857022,18731.71404,18765.38121
0.879359414,0.900011999,0.372043863,1.312487014,2.099720022,-9361.035169,18732.07034,18765.7375
0.850200085,0.880337188,0.293433344,1.236689589,2.10265593,-9361.633456,18733.26691,18766.93408
0.731049748,0.980968928,0.124465521,1.161310663,2.092097212,-9361.663587,18733.32717,18766.99434
0.238018087,0.847283687,0.512475989,1.444638888,2.11968659,-9362.314864,18734.62973,18768.29689
0.732213211,0.964234821,0.243499078,1.217828685,2.150240562,-9362.610713,18735.22143,18768.88859
0.627005363,0.902691065,0.249338302,1.183089987,2.103298258,-9363.165597,18736.33119,18769.99836
0.277403637,0.899530472,0.247285797,1.209109966,2.098390139,-9363.578868,18737.15774,18770.8249
0.670397062,0.962195926,0.065033469,1.187797379,2.100087673,-9366.864842,18743.72968,18777.39685
1.051437141,0.873711597,0.325158265,1.402984961,2.09902603,-9366.912173,18743.82435,18777.49151
0.783699725,0.871894154,0.228847522,1.199318467,2.109088164,-9367.79477,18745.58954,18779.25671
0.690518067,0.854702244,0.154516815,1.254193485,2.071860996,-9368.191853,18746.38371,18780.05087
0.604968699,0.898867247,0.131908567,1.185381849,2.097988944,-9370.47523,18750.95046,18784.61763
0.893085214,0.819761593,0.334674201,1.364363145,2.5156258,-9370.52284,18751.04568,18784.71284
0.812879766,0.934982856,0.143606167,1.163891021,2.104871817,-9370.784752,18751.5695,18785.23667
0.485064019,0.900012413,0.441285056,1.373552627,2.099459832,-9370.941533,18751.88307,18785.55023
0.560926322,0.898878181,0.267524901,1.173741563,2.209542038,-9371.063449,18752.1269,18785.79406
0.298298782,0.878904835,0.272663875,1.788591098,2.362716376,-9371.253461,18752.50692,18786.17409
0.740072912,0.912600833,0.251952865,1.180016057,2.107977151,-9371.704128,18753.40826,18787.07542
0.359807208,0.900711915,0.210181501,1.097938704,3.238021541,-9373.940533,18757.88107,18791.54823
0.58064503,0.90001011,0.354732346,1.239023933,2.175390072,-9374.171546,18758.34309,18792.01026
0.716615172,0.891355439,0.140170206,1.204801122,2.085925466,-9374.27906,18758.55812,18792.22529
0.860364976,0.957082604,0.103320644,1.163650784,2.11647064,-9374.687222,18759.37444,18793.04161
0.712348971,0.981762649,0.1184252,1.150549587,2.07890549,-9374.771612,18759.54322,18793.21039
0.546905571,0.88437399,0.237148595,1.171403838,2.121342991,-9375.825789,18761.65158,18795.31874
-0.288279703,0.921387632,0.378486697,1.416322095,2.115260065,-9376.280891,18762.56178,18796.22895
0.724988545,0.900008331,0.364942093,1.256534632,2.148961653,-9376.570682,18763.14136,18796.80853
0.420374984,0.90008385,0.099827225,1.460021302,2.225098808,-9376.867429,18763.73486,18797.40202
0.696581994,0.902333702,0.231226764,1.167814272,2.108889475,-9376.89814,18763.79628,18797.46345
0.642059602,0.934827504,0.152430571,1.13852989,2.165688159,-9379.067348,18768.1347,18801.80186
0.675955737,0.899638408,0.354263598,1.244879484,2.098748228,-9379.813632,18769.62726,18803.29443
0.923661971,0.892149169,0.195479952,1.23836607,2.093910059,-9382.437986,18774.87597,18808.54314
0.806258538,0.907424525,0.316473579,1.218617319,2.158704504,-9383.411956,18776.82391,18810.49108
0.805229354,0.867489592,0.377817557,1.264009457,2.097656648,-9384.350455,18778.70091,18812.36807
0.740717333,0.832891095,0.502324502,1.702110489,2.842230564,-9384.704662,18779.40932,18813.07649
0.805677233,0.900005728,0.267215826,1.178864958,2.161438673,-9385.983389,18781.96678,18815.63394
0.152163908,0.447083838,0.807753413,2.45072778,2.931706534,-9386.455854,18782.91171,18816.57887
0.615552243,0.834293022,0.210730418,1.186638279,2.068172356,-9386.575799,18783.1516,18816.81876
0.678061988,0.873344184,0.397709095,1.266796129,2.071133317,-9386.62293,18783.24586,18816.91302
1.037924638,0.963480302,0.329926809,1.323722396,2.056245257,-9388.854312,18787.70862,18821.37579
0.926302425,0.945657426,0.223330751,1.16789523,2.15507149,-9389.556436,18789.11287,18822.78004
0.588566618,0.900162603,0.09949622,1.211354275,2.100433162,-9392.838371,18795.67674,18829.34391
0.769624922,0.91823683,0.45319065,1.445800851,2.193523196,-9392.992479,18795.98496,18829.65212
0.605220807,0.932022284,0.281694274,1.197820611,2.051943348,-9393.765458,18797.53092,18831.19808
0.679129642,0.968888542,0.120789371,1.123086273,2.111424875,-9394.443001,18798.886,18832.55317
0.947098968,0.948302417,0.208118335,1.163591161,2.115915532,-9394.529941,18799.05988,18832.72705
0.530684425,0.949665984,0.144926617,1.128570746,2.121772621,-9394.672604,18799.34521,18833.01237
0.513186154,0.899120575,0.274599352,1.167397159,2.148104024,-9394.690525,18799.38105,18833.04822
0.679630411,0.912792582,0.198391872,1.138439638,2.122202423,-9396.08154,18802.16308,18835.83025
0.730657621,0.89978192,0.099966569,1.254517194,2.099706037,-9400.845177,18811.69035,18845.35752
0.694998671,0.928633779,0.19024243,1.125870005,2.176008929,-9401.898501,18813.797,18847.46417
1.18953122,0.900016892,0.364975132,1.353859524,2.240757549,-9402.233116,18814.46623,18848.1334
0.966456515,0.92751004,0.270804862,1.197122324,2.12298921,-9402.241383,18814.48277,18848.14993
0.818120601,0.899858281,0.36366929,1.244066532,2.133974644,-9402.285988,18814.57198,18848.23914
-0.043184251,0.876438629,0.484276804,1.816067287,2.075287749,-9403.031034,18816.06207,18849.72923
0.957855806,0.900013174,0.431475417,1.356473558,2.099692607,-9406.344673,18822.68935,18856.35651
0.680804271,0.974022849,0.099618258,1.122791002,2.112322594,-9406.443663,18822.88733,18856.55449
0.769933354,0.901891191,0.266608514,1.163384153,2.103477206,-9406.57789,18823.15578,18856.82294
0.855729216,0.890612009,0.335007462,1.193013402,2.357689679,-9407.221686,18824.44337,18858.11054
0.855318507,0.838263485,0.235377484,1.225213443,2.094847144,-9407.227153,18824.45431,18858.12147
0.787156608,0.913033018,0.109491191,1.404451322,2.168534893,-9413.006205,18836.01241,18869.67958
0.682976478,0.974670605,0.087156041,1.118861834,2.075473443,-9417.340421,18844.68084,18878.34801
0.761861281,0.914955633,0.106434791,1.165357967,2.103673149,-9417.707544,18845.41509,18879.08225
0.761342145,0.899805584,0.099989713,1.24790512,2.099783982,-9418.064586,18846.12917,18879.79634
0.977313694,0.844263436,0.484821921,1.416657755,2.176650552,-9418.440994,18846.88199,18880.54915
0.658721975,0.966651096,0.142731274,1.118353391,2.088935727,-9419.188838,18848.37768,18882.04484
0.676162621,0.902178266,0.245837598,1.141225615,2.102001439,-9420.846438,18851.69288,18885.36004
0.749357574,0.962056843,0.197580996,1.137278562,2.09918421,-9422.171525,18854.34305,18888.01021
0.693351509,0.935499638,0.467751949,1.601563954,2.752205762,-9422.73111,18855.46222,18889.12938
0.689539778,0.900291415,0.100953131,1.405275755,2.288064916,-9424.23965,18858.4793,18892.14647
0.67322623,0.860357884,0.36216014,1.19258154,2.090160837,-9424.519233,18859.03847,18892.70563
0.649158994,0.923049064,0.336508601,1.179530187,2.410265217,-9425.032713,18860.06543,18893.73259
0.568133013,0.899762502,0.538542323,1.46913872,2.90884707,-9426.354471,18862.70894,18896.37611
0.675670418,0.924761478,0.238794579,1.13923421,2.081131163,-9428.435643,18866.87129,18900.53845
0.701433603,0.876669078,0.18654461,1.125819862,2.162615393,-9431.757597,18873.51519,18907.18236
0.647086244,0.892156349,0.22036971,1.12983651,2.063103569,-9432.186978,18874.37396,18908.04112
0.829011406,0.815034772,0.217326714,1.217248544,2.127638583,-9433.475504,18876.95101,18910.61817
0.561168117,0.900004498,0.289872838,1.151995918,2.099895053,-9433.715952,18877.4319,18911.09907
0.915158036,0.899669404,0.430258503,1.307058058,2.100721946,-9436.512095,18883.02419,18916.69135
0.576816142,0.89946219,0.215190259,1.10044527,2.318598281,-9437.488085,18884.97617,18918.64333
0.47045964,0.90282406,0.355639547,1.18593473,2.199261142,-9438.087418,18886.17484,18919.842
0.831788666,0.893649277,0.132241768,1.174052033,2.100822508,-9439.855985,18889.71197,18923.37914
0.734207568,0.840471329,0.228466109,1.588252051,2.529554278,-9441.888414,18893.77683,18927.44399
0.827278388,0.926969258,0.215498909,1.112732256,2.211280382,-9443.205192,18896.41038,18930.07755
0.719683811,0.901934515,0.287920359,1.142250494,2.134236006,-9444.017828,18898.03566,18931.70282
0.766164661,0.901069571,0.226713141,1.12269827,2.10372191,-9445.544305,18901.08861,18934.75578
0.896704699,0.920943334,0.235422413,1.132849649,2.114470553,-9448.973282,18907.94656,18941.61373
0.775755814,0.912022159,0.16784293,1.10793668,2.109152306,-9449.872916,18909.74583,18943.413
0.790936655,0.867304064,0.215044447,1.122260647,2.176316221,-9451.436741,18912.87348,18946.54065
0.760939716,0.900483048,0.099494622,1.168216249,2.100501661,-9453.115458,18916.23092,18949.89808
0.194566309,0.900021777,0.491245782,1.861505435,2.207577848,-9454.097987,18918.19597,18951.86314
0.196134631,0.898317324,0.340766407,1.881775754,2.413275327,-9454.829249,18919.6585,18953.32566
0.260380546,0.899919367,0.100207495,1.273524167,2.223127637,-9456.328624,18922.65725,18956.32441
0.732027402,0.900003478,0.195189535,1.10547873,2.099918857,-9458.776799,18927.5536,18961.22076
0.616723147,0.899210511,0.361689921,1.17423401,2.206269048,-9458.992025,18927.98405,18961.65121
1.016512286,0.958913553,0.252713784,1.144752095,2.231066449,-9461.053152,18932.1063,18965.77347
0.700854371,0.901287958,0.198793639,1.102588049,2.106907698,-9462.991303,18935.98261,18969.64977
