Parameter,miu,be,sig,a,p,LogL,AIC,BIC
Estimate,0.525134239,0.939432488,0.223329072,0.396567068,3.987511024,-9990.885266,19991.77053,20025.85183
Estimate,0.566367599,0.99557343,0.181481488,0.400175439,3.938368799,-9998.551495,20007.10299,20041.18429
Estimate,0.566938848,0.939690827,0.181163125,0.365899099,3.957011072,-9998.181359,20006.36272,20040.44402
Estimate,0.565748643,0.929530904,0.171480559,0.372655586,4.012894182,-9970.637428,19951.27486,19985.35616
Estimate,0.565657627,0.939598709,0.181076884,0.360071368,4.008901091,-9990.018145,19990.03629,20024.11759
Estimate,0.525613117,0.959295486,0.181378503,0.358600564,3.964447363,-9984.211534,19978.42307,20012.50437
Estimate,0.566438456,0.939586341,0.151491345,0.375030215,3.959729824,-9981.984388,19973.96878,20008.05008
Estimate,0.566442534,0.939700006,0.181417306,0.382901709,3.956872994,-9994.028332,19998.05666,20032.13797
Estimate,0.565425709,0.939501309,0.181702958,0.379875368,4.009007238,-9973.179653,19956.35931,19990.44061
Estimate,0.566109603,0.929699564,0.151017462,0.365561578,4.044712306,-9998.34151,20006.68302,20040.76432
Estimate,0.564615269,0.939732669,0.18103577,0.353378816,3.984424666,-9993.390952,19996.7819,20030.8632
Estimate,0.565291386,0.929588025,0.181143944,0.365988717,3.963338736,-9986.5989,19983.1978,20017.2791
Estimate,0.566243864,0.939310431,0.192012019,0.382520739,3.950149608,-9975.411435,19960.82287,19994.90417
Estimate,0.565120255,0.939699661,0.170999983,0.349856125,3.977730056,-10000.02471,20010.04941,20044.13071
Estimate,0.576329942,0.929587081,0.181281369,0.372122487,3.94682977,-9984.845319,19979.69064,20013.77194
Estimate,0.566282677,0.969428931,0.181980522,0.364733207,3.985870781,-9986.470894,19982.94179,20017.02309
Estimate,0.564344067,0.939710022,0.181345434,0.36677264,4.0145282,-9996.504116,20003.00823,20037.08953
Estimate,0.585350675,0.93950449,0.181637972,0.379160977,3.963669988,-9970.551876,19951.10375,19985.18505
Estimate,0.566228264,0.995271397,0.171189153,0.368225398,3.927842699,-9991.834744,19993.66949,20027.75079
Estimate,0.565463384,0.93923965,0.181724836,0.368380225,4.13384592,-9960.692699,19931.3854,19965.4667
Estimate,0.566137921,0.939415587,0.216961671,0.384352186,3.953730771,-9976.02121,19962.04242,19996.12372
Estimate,0.565894349,0.939597064,0.181428578,0.371182599,4.045882279,-9973.309583,19956.61917,19990.70047
Estimate,0.584472207,0.93915025,0.18156129,0.38213824,4.025180986,-9970.232072,19950.46414,19984.54544
Estimate,0.544300349,0.939244073,0.181641335,0.390804045,3.924150418,-9965.15198,19940.30396,19974.38526
Estimate,0.586124735,0.929382335,0.171553914,0.367166901,3.909595327,-9975.484321,19960.96864,19995.04994
Estimate,0.565530748,0.93969278,0.181567674,0.384492528,3.999357898,-9995.516942,20001.03388,20035.11519
Estimate,0.565718152,0.939157807,0.182182981,0.389149058,3.999358567,-9969.102263,19948.20453,19982.28583
Estimate,0.565825394,0.939730626,0.181281408,0.364367506,3.983621393,-9993.798269,19997.59654,20031.67784
Estimate,0.56682245,0.959711161,0.181488902,0.376004401,3.955513032,-9999.964815,20009.92963,20044.01093
Estimate,0.574335832,0.939161667,0.182063879,0.385163634,3.912644675,-9956.256078,19922.51216,19956.59346
Estimate,0.566039951,0.939455125,0.181394579,0.372661716,4.0099356,-9981.371028,19972.74206,20006.82336
Estimate,0.565619842,0.939159193,0.171892956,0.36635746,3.952887191,-9966.289211,19942.57842,19976.65972
Estimate,0.566562806,0.939740125,0.191332437,0.371735088,3.961114639,-9997.499765,20004.99953,20039.08083
Estimate,0.564831638,0.939591433,0.181427745,0.389027782,3.954990868,-9979.514363,19969.02873,20003.11003
Estimate,0.56622018,0.939338912,0.181345255,0.359405522,4.030490189,-9992.419906,19994.83981,20028.92111
Estimate,0.566483241,0.93970078,0.181358934,0.376878012,4.024358626,-9990.894665,19991.78933,20025.87063
Estimate,0.566115803,0.939658282,0.191365081,0.361586442,3.999100063,-9987.48166,19984.96332,20019.04462
Estimate,0.565888653,0.939646043,0.151254868,0.356344559,3.95413559,-9988.050293,19986.10059,20020.18189
Estimate,0.558089422,0.939672502,0.171355087,0.37613164,3.958413205,-9990.360129,19990.72026,20024.80156
Estimate,0.565321169,0.969517586,0.181479923,0.368710159,4.011838345,-9973.72619,19957.45238,19991.53368
Estimate,0.565519202,0.939682543,0.18127491,0.368494592,3.996034435,-9983.086345,19976.17269,20010.25399
Estimate,0.565757169,0.939724188,0.181064599,0.352735926,4.00898777,-9994.859019,19999.71804,20033.79934
Estimate,0.56660718,0.939560626,0.171478708,0.379055503,3.957965231,-9987.456068,19984.91214,20018.99344
Estimate,0.565024864,0.939493892,0.151137888,0.370253063,3.976976393,-9987.505862,19985.01172,20019.09302
Estimate,0.566213138,0.939473252,0.151434122,0.37156692,3.958478626,-9980.291397,19970.58279,20004.6641
Estimate,0.567200132,0.939700009,0.191519387,0.378571271,3.956796553,-9992.633581,19995.26716,20029.34846
Estimate,0.565236438,0.939320776,0.181208172,0.373715172,4.060324519,-9992.656917,19995.31383,20029.39514
Estimate,0.575414465,0.939702027,0.171726039,0.370422477,3.970234475,-9996.094652,20002.1893,20036.27061
Estimate,0.566074935,0.939441367,0.18120052,0.378843156,3.980216712,-9995.456984,20000.91397,20034.99527
Estimate,0.562172661,0.939421716,0.18130784,0.366026246,3.956057184,-9985.056833,19980.11367,20014.19497
Estimate,0.561334211,0.93951689,0.181678578,0.397557616,3.989775574,-9985.01597,19980.03194,20014.11324
Estimate,0.567155311,0.939514732,0.171509067,0.375230135,3.971634361,-9985.613889,19981.22778,20015.30908
Estimate,0.565968077,0.939473171,0.181107536,0.355075756,3.935556237,-9996.963183,20003.92637,20038.00767
Estimate,0.565697098,0.939701407,0.181358894,0.357404071,3.956890521,-9999.137312,20008.27462,20042.35592
Estimate,0.565044963,0.939704661,0.180991912,0.377549775,3.959715836,-9996.311873,20002.62375,20036.70505
Estimate,0.565308402,0.939671092,0.180980726,0.355772797,4.139673367,-9993.926342,19997.85268,20031.93399
Estimate,0.567550049,0.939563554,0.151590784,0.370609363,3.988202705,-9995.46713,20000.93426,20035.01556
Estimate,0.564894739,0.93828129,0.182384355,0.374368214,3.931122554,-9983.968887,19977.93777,20012.01907
Estimate,0.566272705,0.969604045,0.181347963,0.38409904,3.935713601,-9983.58058,19977.16116,20011.24246
Estimate,0.585885202,0.939546896,0.181450613,0.373979647,3.971530911,-9975.899635,19961.79927,19995.88057
Estimate,0.565261232,0.939699598,0.181478184,0.366418112,3.980592574,-9986.118905,19982.23781,20016.31911
Estimate,0.565949053,0.995085288,0.181550162,0.385565041,3.957186786,-9973.055669,19956.11134,19990.19264
Estimate,0.585079826,0.939698339,0.170984248,0.362301729,4.020867907,-9999.724053,20009.44811,20043.52941
Estimate,0.552730748,0.939522591,0.181380144,0.401229216,3.979076678,-9988.574052,19987.1481,20021.2294
Estimate,0.583341558,0.939749618,0.180960263,0.362717124,3.926730491,-10000.28684,20010.57368,20044.65498
Estimate,0.565153018,0.995062396,0.191419627,0.369637714,3.969699196,-9971.164184,19952.32837,19986.40967
Estimate,0.565975848,0.93926932,0.152103232,0.390909016,4.062324011,-9972.524554,19955.04911,19989.13041
Estimate,0.525432862,0.939626999,0.181078444,0.368663845,3.965773139,-9985.688083,19981.37617,20015.45747
Estimate,0.566019505,0.939701441,0.181246686,0.37165967,3.964041442,-9990.607952,19991.2159,20025.2972
Estimate,0.575834132,0.939402023,0.181347322,0.360452475,3.979966724,-9982.62795,19975.2559,20009.3372
Estimate,0.566046265,0.939590661,0.181393731,0.371847478,3.982206327,-9977.464746,19964.92949,19999.01079
Estimate,0.566702814,0.929652839,0.181193211,0.372334946,3.929401493,-9996.939297,20003.87859,20037.9599
Estimate,0.565593278,0.939268216,0.15165842,0.373010365,3.938950393,-9966.602334,19943.20467,19977.28597
Estimate,0.563480098,0.996932187,0.181691269,0.387790714,3.955412438,-9999.423777,20008.84755,20042.92885
Estimate,0.566661552,0.939561216,0.171295941,0.373256496,3.977502936,-9992.448008,19994.89602,20028.97732
Estimate,0.565306535,0.929708781,0.180984309,0.3682414,3.955404315,-9996.58035,20003.1607,20037.242
Estimate,0.566760911,0.9396895,0.181306229,0.374766652,3.958996212,-9994.117928,19998.23586,20032.31716
Estimate,0.56553925,0.969699072,0.181551406,0.371545589,3.977226648,-9997.014094,20004.02819,20038.10949
Estimate,0.566208086,0.939586455,0.181204632,0.364590216,3.977056842,-9990.795155,19991.59031,20025.67161
Estimate,0.575121635,0.939702194,0.210509377,0.375025844,3.958248255,-9994.881144,19999.76229,20033.84359
Estimate,0.566295882,0.969703678,0.181680752,0.372995254,4.029925156,-9999.752948,20009.5059,20043.5872
Estimate,0.566003941,0.938954482,0.181948213,0.361004846,3.961555116,-9983.836091,19977.67218,20011.75348
Estimate,0.585815645,0.939629498,0.181329721,0.374027263,3.948311742,-9980.716664,19971.43333,20005.51463
Estimate,0.566928734,0.929696362,0.151582602,0.379063233,3.960282605,-9996.305745,20002.61149,20036.69279
Estimate,0.574647288,0.939221919,0.151673329,0.384621329,3.972962503,-9958.99871,19927.99742,19962.07872
Estimate,0.565328502,0.939578493,0.181131241,0.358525623,4.054656911,-9987.142993,19984.28599,20018.36729
Estimate,0.566002122,0.929568436,0.181736735,0.355170086,3.970558459,-9998.065394,20006.13079,20040.21209
Estimate,0.526499795,0.939178954,0.182224607,0.351668455,4.061488853,-9997.264387,20004.52877,20038.61007
Estimate,0.56501569,0.939705704,0.181030526,0.356125584,3.96321181,-9998.843986,20007.68797,20041.76927
Estimate,0.564973241,0.969715935,0.171186022,0.373004702,3.953098214,-9990.847668,19991.69534,20025.77664
Estimate,0.560791834,0.939539025,0.211824025,0.361693755,3.972285953,-9987.799846,19985.59969,20019.68099
Estimate,0.566531604,0.929559005,0.181613572,0.376624205,3.935798017,-9980.040257,19970.08051,20004.16181
Estimate,0.566257836,0.959295862,0.181846862,0.404143167,4.026347968,-9993.909861,19997.81972,20031.90102
Estimate,0.567072724,0.929574314,0.181423229,0.389995799,3.973068373,-9995.412922,20000.82584,20034.90715
Estimate,0.585805593,0.939251303,0.191631695,0.37797346,3.932636761,-9965.777967,19941.55593,19975.63724
Estimate,0.525294453,0.939547214,0.171292467,0.352425232,4.081400775,-9974.806687,19959.61337,19993.69468
Estimate,0.559717718,0.993547749,0.181296517,0.372882922,3.946477263,-9986.993238,19983.98648,20018.06778
Estimate,0.566217312,0.996886456,0.181446559,0.374951006,3.980888662,-9992.241339,19994.48268,20028.56398
Estimate,0.565055789,0.939647028,0.181062546,0.355543168,3.957919455,-9990.841626,19991.68325,20025.76455
Estimate,0.56552446,0.93972009,0.18141762,0.377542534,3.958872512,-9994.736517,19999.47303,20033.55434
Estimate,0.565091626,0.996662218,0.181009899,0.373430851,4.12640288,-9998.066311,20006.13262,20040.21392
Estimate,0.56526916,0.95912515,0.182529306,0.393923827,3.979351755,-9975.31075,19960.6215,19994.7028
Estimate,0.566362037,0.939634275,0.181633333,0.356819517,4.143527004,-9989.206429,19988.41286,20022.49416
Estimate,0.526132545,0.929368637,0.181817977,0.390286438,3.958690933,-9974.955661,19959.91132,19993.99262
Estimate,0.556103013,0.939700352,0.171522417,0.367988619,3.956937105,-9992.135201,19994.2704,20028.3517
Estimate,0.575265197,0.959699608,0.151575313,0.370426103,3.957319749,-9997.06319,20004.12638,20038.20768
Estimate,0.564314228,0.939653591,0.210812199,0.347616664,4.132348703,-9991.100772,19992.20154,20026.28285
Estimate,0.575370309,0.939610943,0.181577381,0.387683083,4.047699048,-9983.838669,19977.67734,20011.75864
Estimate,0.526238084,0.95967771,0.181418601,0.382779417,3.955795304,-9989.484367,19988.96873,20023.05003
Estimate,0.566282348,0.969371899,0.181606063,0.355258941,3.92772254,-9986.309487,19982.61897,20016.70027
Estimate,0.566300735,0.969639092,0.171713049,0.366479268,3.959601219,-10000.00067,20010.00134,20044.08264
Estimate,0.565900244,0.939199903,0.181656316,0.385910214,4.163767489,-9985.104052,19980.2081,20014.2894
Estimate,0.565339801,0.939618389,0.214147905,0.365670002,3.976687619,-9981.823872,19973.64774,20007.72905
Estimate,0.567205188,0.939580537,0.215821506,0.374306137,4.045577014,-9990.721622,19991.44324,20025.52455
Estimate,0.56581551,0.93964879,0.171818707,0.383679467,3.962892854,-9998.714656,20007.42931,20041.51061
Estimate,0.564976164,0.928985831,0.172375977,0.420421397,3.920569868,-9983.503126,19977.00625,20011.08755
Estimate,0.564711227,0.938978793,0.152319697,0.391776433,3.963184617,-9957.260307,19924.52061,19958.60191
Estimate,0.565962772,0.929699741,0.181000781,0.360694008,4.038535457,-9998.674663,20007.34933,20041.43063
Estimate,0.565281455,0.959638717,0.181368072,0.364578275,4.007065339,-9982.403549,19974.8071,20008.8884
Estimate,0.526421429,0.939711777,0.181422756,0.383625834,3.998630449,-9998.401166,20006.80233,20040.88363
Estimate,0.565952981,0.939696772,0.171277516,0.367949007,3.950241898,-9987.769092,19985.53818,20019.61949
Estimate,0.566512398,0.99691831,0.210891808,0.370749416,3.99229253,-9997.281952,20004.5639,20038.64521
Estimate,0.566041152,0.996997281,0.181458233,0.366905155,3.981690483,-9984.913635,19979.82727,20013.90857
Estimate,0.565845391,0.939515942,0.181177132,0.378553645,3.951235425,-9988.630338,19987.26068,20021.34198
Estimate,0.564298294,0.939032803,0.151487949,0.376253442,3.947654463,-9980.34687,19970.69374,20004.77504
Estimate,0.566356188,0.939573777,0.181486941,0.370035002,3.986886652,-9981.700713,19973.40143,20007.48273
Estimate,0.575317759,0.939388197,0.191704867,0.377573923,3.957174403,-9959.337888,19928.67578,19962.75708
Estimate,0.565225597,0.939716337,0.171100867,0.371541978,3.961371604,-9993.213897,19996.42779,20030.50909
Estimate,0.565486731,0.939699733,0.151434807,0.362571929,3.956938711,-9988.659687,19987.31937,20021.40068
Estimate,0.554575397,0.992951192,0.181503814,0.341007416,3.973407192,-9995.68712,20001.37424,20035.45554
Estimate,0.526069279,0.93968924,0.18133935,0.370722441,3.97932703,-9991.244031,19992.48806,20026.56936
Estimate,0.565119072,0.939706071,0.15100482,0.364615034,3.957445678,-9995.098379,20000.19676,20034.27806
Estimate,0.565352048,0.93970231,0.181006633,0.361235762,3.957549195,-9997.657802,20005.3156,20039.3969
Estimate,0.565914655,0.939330698,0.151363882,0.36872811,3.955286841,-9980.968287,19971.93657,20006.01788
Estimate,0.565606653,0.929700006,0.151590494,0.373476384,3.964659847,-9995.296641,20000.59328,20034.67458
Estimate,0.526335763,0.939682935,0.181694929,0.372716998,3.96443105,-9990.908192,19991.81638,20025.89769
Estimate,0.565958012,0.939691998,0.151284833,0.356405042,3.962069762,-9991.837567,19993.67513,20027.75643
Estimate,0.565175784,0.939578856,0.181027918,0.371096638,4.019038598,-9989.851142,19989.70228,20023.78359
Estimate,0.565809096,0.939644721,0.181273848,0.380309452,3.980963617,-9990.872584,19991.74517,20025.82647
Estimate,0.525131536,0.959369694,0.18164032,0.39789643,3.977908769,-9974.944276,19959.88855,19993.96985
Estimate,0.566678123,0.939559725,0.181561903,0.367632366,4.066313398,-9984.556961,19979.11392,20013.19522
Estimate,0.564885602,0.939578775,0.181323,0.374083565,3.961927999,-9976.057748,19962.1155,19996.1968
Estimate,0.544012718,0.938664176,0.182655931,0.395741915,3.921002956,-9967.693421,19945.38684,19979.46814
Estimate,0.565802328,0.939695653,0.217393236,0.375164308,3.979809274,-9995.234662,20000.46932,20034.55063
Estimate,0.566482447,0.939508987,0.151220887,0.359571999,3.979623201,-9997.345376,20004.69075,20038.77205
Estimate,0.565284756,0.93967723,0.171014056,0.372531876,4.008340401,-9992.362673,19994.72535,20028.80665
Estimate,0.566129549,0.996000987,0.181717539,0.385533428,3.883545696,-9987.680304,19985.36061,20019.44191
Estimate,0.565820983,0.939592224,0.181274547,0.375744647,4.039710771,-9981.356703,19972.71341,20006.79471
Estimate,0.565156585,0.939156842,0.181668378,0.38901255,3.940302327,-9971.019669,19952.03934,19986.12064
Estimate,0.565907677,0.969457718,0.181638807,0.396404038,3.893077811,-9975.343886,19960.68777,19994.76907
Estimate,0.562380576,0.939701831,0.181377999,0.360677351,4.043286094,-9998.052495,20006.10499,20040.18629
Estimate,0.565829134,0.92967781,0.171080975,0.373714631,4.006574712,-9993.850032,19997.70006,20031.78137
Estimate,0.566279512,0.939143468,0.182118315,0.395760269,3.954246311,-9983.857086,19977.71417,20011.79547
Estimate,0.584558728,0.93940209,0.15147712,0.376180703,3.961977245,-9962.044198,19934.0884,19968.1697
Estimate,0.565780667,0.969485797,0.181452233,0.382972472,3.983961511,-9974.502912,19959.00582,19993.08712
Estimate,0.566099242,0.939424049,0.151372941,0.391712648,3.968436777,-9995.042571,20000.08514,20034.16644
Estimate,0.565334197,0.996947166,0.181396559,0.366810622,4.012979134,-9985.273463,19980.54693,20014.62823
Estimate,0.565643368,0.939432755,0.171404142,0.391547676,3.94320672,-9982.234657,19974.46931,20008.55061
Estimate,0.565331676,0.939696741,0.181000956,0.372598937,4.035529662,-9997.034148,20004.0683,20038.1496
Estimate,0.566034764,0.939766472,0.18108894,0.369683637,4.012610053,-9997.474731,20004.94946,20039.03076
Estimate,0.524988937,0.939482351,0.181001446,0.359199799,3.954557067,-9999.361796,20008.72359,20042.80489
Estimate,0.566230426,0.939696122,0.181487252,0.384625432,3.955881579,-9997.203962,20004.40792,20038.48923
Estimate,0.558278755,0.995475702,0.151852135,0.370954901,3.975162431,-9986.713565,19983.42713,20017.50843
Estimate,0.566543814,0.939266695,0.181758716,0.38118577,3.985203292,-9980.063964,19970.12793,20004.20923
Estimate,0.566040469,0.939644562,0.181130378,0.351318613,3.993182045,-9997.524134,20005.04827,20039.12957
Estimate,0.565557178,0.929681346,0.151476427,0.366932314,3.982124531,-9987.850057,19985.70011,20019.78142
Estimate,0.560309494,0.939213993,0.182619507,0.402701771,3.932095259,-9996.702613,20003.40523,20037.48653
Estimate,0.566688184,0.939527981,0.181605117,0.384303591,3.994507441,-9984.019053,19978.03811,20012.11941
Estimate,0.5658343,0.939658511,0.171525316,0.380085077,3.998982756,-9985.176729,19980.35346,20014.43476
Estimate,0.566264396,0.939698834,0.181431842,0.357167766,3.956682599,-9998.838912,20007.67782,20041.75913
Estimate,0.57497796,0.93947328,0.181860738,0.416635098,3.800696277,-9986.2542,19982.5084,20016.5897
Estimate,0.565013324,0.929154328,0.18146231,0.396152795,3.964640075,-9993.8167,19997.6334,20031.7147
Estimate,0.563906602,0.985998448,0.182981149,0.363923134,4.221308175,-9981.394865,19972.78973,20006.87103
Estimate,0.525546012,0.939627079,0.181311679,0.382132868,4.016135353,-9988.237278,19986.47456,20020.55586
Estimate,0.568107964,0.939569305,0.181498496,0.367030463,3.963163656,-9986.86247,19983.72494,20017.80624
Estimate,0.56526191,0.939731499,0.151031117,0.370080116,4.193947393,-10000.17602,20010.35204,20044.43334
Estimate,0.555200941,0.938780807,0.182668679,0.397440473,4.088294249,-9975.728195,19961.45639,19995.53769
Estimate,0.564732991,0.939680039,0.18116535,0.375479598,3.947124661,-9985.902271,19981.80454,20015.88584
Estimate,0.576870853,0.9393603,0.182002116,0.39274562,3.97505471,-9987.821939,19985.64388,20019.72518
Estimate,0.566126875,0.939702098,0.181376062,0.354322717,3.981740365,-10000.33376,20010.66753,20044.74883
Estimate,0.563566573,0.93952775,0.18112898,0.375823244,3.949800048,-9988.62177,19987.24354,20021.32484
Estimate,0.565880144,0.959599241,0.181372287,0.361641746,3.979799487,-9982.624222,19975.24844,20009.32975
Estimate,0.56647769,0.939707078,0.21108786,0.36386098,3.959701272,-9993.936325,19997.87265,20031.95395
Estimate,0.566855873,0.939276513,0.151795593,0.370041898,3.958534017,-9984.755088,19979.51018,20013.59148
Estimate,0.56655555,0.929581868,0.181234587,0.365932936,3.962634318,-9995.496714,20000.99343,20035.07473
Estimate,0.565570819,0.939699575,0.181543055,0.387097119,4.036420189,-9993.252474,19996.50495,20030.58625
Estimate,0.564359966,0.929411059,0.171180262,0.376933165,3.960257545,-9988.96206,19987.92412,20022.00542
Estimate,0.565951987,0.996336313,0.181673943,0.369015918,3.968284822,-9986.176944,19982.35389,20016.43519
Estimate,0.566203085,0.939691203,0.191441296,0.359444474,3.947687506,-9996.394125,20002.78825,20036.86955
Estimate,0.565312168,0.939568765,0.18180489,0.38717144,3.97321793,-9981.565456,19973.13091,20007.21221
Estimate,0.565456628,0.939431126,0.181341262,0.380467479,3.916108468,-9977.273767,19964.54753,19998.62883
Estimate,0.575954116,0.939700791,0.171288123,0.366154305,4.00393194,-9990.268391,19990.53678,20024.61808
Estimate,0.565060602,0.939127754,0.182036271,0.383325593,3.980901784,-9961.331521,19932.66304,19966.74434
Estimate,0.564975808,0.969303811,0.181656551,0.377903781,3.97317105,-9962.826268,19935.65254,19969.73384
Estimate,0.565221851,0.959693118,0.181402705,0.375547258,3.982955435,-9983.123329,19976.24666,20010.32796
Estimate,0.566437256,0.929547983,0.182028801,0.37640526,3.898794299,-9997.934962,20005.86992,20039.95122
Estimate,0.565115044,0.969695477,0.181415779,0.376516757,3.988517956,-9990.214305,19990.42861,20024.50991
Estimate,0.559693325,0.939690216,0.18126215,0.352251181,3.967182001,-9999.113985,20008.22797,20042.30927
Estimate,0.565376196,0.938612387,0.182945717,0.421575867,3.92377554,-9992.925858,19995.85172,20029.93302
Estimate,0.564380505,0.929302279,0.18193906,0.403743289,4.02353903,-9974.88883,19959.77766,19993.85896
Estimate,0.566201159,0.939700441,0.181453018,0.368808944,3.97938018,-9989.810325,19989.62065,20023.70195
Estimate,0.526106236,0.929722455,0.18136169,0.361527212,4.02179523,-9995.939625,20001.87925,20035.96055
Estimate,0.5656412,0.929562734,0.181058789,0.370120107,4.030320312,-9992.852601,19995.7052,20029.7865
Estimate,0.566137613,0.959582425,0.181217102,0.362149909,3.980626261,-9991.077842,19992.15568,20026.23698
Estimate,0.552143473,0.939602999,0.181300459,0.379878036,3.968917534,-9986.043393,19982.08679,20016.16809
Estimate,0.585811435,0.939141218,0.17207278,0.380298462,3.936134574,-9965.383756,19940.76751,19974.84881
Estimate,0.564576669,0.939436306,0.181653431,0.381258837,3.972397668,-9966.761224,19943.52245,19977.60375
Estimate,0.526249697,0.939644177,0.181392135,0.373628583,3.951951716,-9986.908196,19983.81639,20017.89769
Estimate,0.525311121,0.939699614,0.191279704,0.368946387,3.967515937,-9985.187831,19980.37566,20014.45696
Estimate,0.56561126,0.939623373,0.181258067,0.36441811,3.984829096,-9978.853905,19967.70781,20001.78911
Estimate,0.566401337,0.93969078,0.18134595,0.369792688,3.959056677,-9986.408939,19982.81788,20016.89918
Estimate,0.52393751,0.92969869,0.180999929,0.36633883,3.95670459,-9994.480073,19998.96015,20033.04145
Estimate,0.565023313,0.929605013,0.181018218,0.359995337,3.961438683,-9991.351913,19992.70383,20026.78513
Estimate,0.566154415,0.939375344,0.181540398,0.389430118,3.979736947,-9987.458473,19984.91695,20018.99825
Estimate,0.52585036,0.939655792,0.181543344,0.360832271,4.012427108,-9996.797268,20003.59454,20037.67584
Estimate,0.566187243,0.929463156,0.151967238,0.378007864,3.982370227,-9980.058979,19970.11796,20004.19926
Estimate,0.566392551,0.995968996,0.181967462,0.377144686,3.970925561,-9994.584198,19999.1684,20033.2497
Estimate,0.56614398,0.996759532,0.171494286,0.375907409,3.966206115,-9983.6324,19977.2648,20011.3461
Estimate,0.565786306,0.939636329,0.151292,0.375090804,3.958794432,-9988.386619,19986.77324,20020.85454
Estimate,0.565494429,0.995895355,0.181830767,0.369940356,4.013221217,-9987.943231,19985.88646,20019.96776
Estimate,0.566155527,0.939468413,0.181367257,0.3705824,3.953067577,-9979.818132,19969.63626,20003.71756
Estimate,0.566475009,0.939462536,0.181539614,0.382331082,3.942241284,-9980.372438,19970.74488,20004.82618
Estimate,0.565101106,0.939699891,0.181518898,0.37667868,3.962662072,-9990.068287,19990.13657,20024.21788
Estimate,0.563897921,0.939333819,0.191645559,0.354393017,4.056982665,-9974.657024,19959.31405,19993.39535
Estimate,0.566007495,0.99596322,0.181329548,0.345154182,3.970997898,-9997.873583,20005.74717,20039.82847
Estimate,0.585694329,0.939702492,0.181303012,0.368240819,3.96588076,-9991.002019,19992.00404,20026.08534
Estimate,0.565502221,0.939544398,0.191282751,0.378174791,4.000670236,-9977.070704,19964.14141,19998.22271
Estimate,0.525239272,0.929692112,0.181017286,0.37733393,3.99777009,-9997.527915,20005.05583,20039.13713
Estimate,0.566692634,0.939431109,0.181510007,0.356600858,3.957919999,-9996.996122,20003.99224,20038.07355
Estimate,0.526074398,0.959583826,0.181480054,0.356653655,4.027708251,-9990.54641,19991.09282,20025.17412
Estimate,0.566732984,0.939391547,0.181847096,0.398601347,4.056929968,-9996.603965,20003.20793,20037.28923
Estimate,0.565838199,0.939742446,0.181130643,0.361743541,4.003039405,-9999.754521,20009.50904,20043.59034
Estimate,0.526137305,0.939696202,0.181691002,0.364745428,3.970314333,-9999.023307,20008.04661,20042.12791
Estimate,0.565010305,0.939701877,0.181472532,0.372719043,3.969130337,-9987.998334,19985.99667,20020.07797
Estimate,0.566020851,0.939631061,0.171143554,0.352572438,3.983240536,-9990.820716,19991.64143,20025.72273
Estimate,0.565348114,0.959145277,0.181590277,0.396145731,4.024506081,-9987.971223,19985.94245,20020.02375
Estimate,0.565691137,0.997628194,0.181056545,0.370832772,4.07009047,-9998.158194,20006.31639,20040.39769
Estimate,0.566518545,0.939681562,0.181120418,0.369886702,3.957196537,-9997.909323,20005.81865,20039.89995
Estimate,0.566183688,0.939648506,0.181124033,0.360454886,4.009147565,-9989.207533,19988.41507,20022.49637
Estimate,0.565522078,0.939508496,0.191798838,0.372509694,3.966989786,-9975.245363,19960.49073,19994.57203
Estimate,0.565248626,0.939546973,0.151281629,0.385398819,3.958609427,-9972.501013,19955.00203,19989.08333
Estimate,0.554373378,0.939699463,0.18099774,0.353105106,3.993192423,-9997.334679,20004.66936,20038.75066
Estimate,0.564646426,0.939525106,0.181151975,0.346187701,4.039874274,-9996.823348,20003.6467,20037.728
Estimate,0.565592917,0.939710583,0.181533858,0.360843041,4.041222336,-9993.678146,19997.35629,20031.43759
Estimate,0.566291793,0.939690866,0.151235468,0.359751211,3.954594776,-9993.425061,19996.85012,20030.93142
Estimate,0.565192703,0.939600938,0.181626039,0.399652403,3.960041628,-9989.566798,19989.1336,20023.2149
Estimate,0.569668804,0.939611205,0.18122553,0.381388588,3.963741133,-9999.020376,20008.04075,20042.12205
Estimate,0.562714717,0.959128103,0.181977557,0.382661892,3.983418586,-9978.033712,19966.06742,20000.14872
Estimate,0.560443257,0.99698899,0.181593645,0.382268827,3.959853283,-9998.984141,20007.96828,20042.04958
Estimate,0.525962375,0.939525902,0.181391542,0.371864349,3.926245566,-9974.369847,19958.73969,19992.821
Estimate,0.568411827,0.939295471,0.181662445,0.354735648,3.985312776,-9994.744339,19999.48868,20033.56998
Estimate,0.565277566,0.93967234,0.18144641,0.389751086,3.958348639,-9993.925623,19997.85125,20031.93255
Estimate,0.564733144,0.939699082,0.180999728,0.370595637,3.956794727,-9992.90659,19995.81318,20029.89448
Estimate,0.565702595,0.939343972,0.181580479,0.3678614,4.015156441,-9968.128271,19946.25654,19980.33784
Estimate,0.565547975,0.929223958,0.18164714,0.368333481,3.954357368,-9972.535558,19955.07112,19989.15242
Estimate,0.56610704,0.939696953,0.181518188,0.380068163,3.98390744,-10000.29698,20010.59396,20044.67526
Estimate,0.52620184,0.994231314,0.171922057,0.377338643,4.134849015,-9977.826613,19965.65323,19999.73453
Estimate,0.56587785,0.939718757,0.181662843,0.370517358,4.040518347,-9997.943394,20005.88679,20039.96809
Estimate,0.542909354,0.939650916,0.151558481,0.394692263,3.96949568,-9989.420751,19988.8415,20022.9228
Estimate,0.576207315,0.93968246,0.181277952,0.366978447,3.988949332,-9986.473187,19982.94637,20017.02768
Estimate,0.586706204,0.929689543,0.181130391,0.372967746,4.034594605,-9997.681998,20005.364,20039.4453
Estimate,0.56591143,0.969099944,0.223561317,0.390580725,3.979576458,-9976.476593,19962.95319,19997.03449
Estimate,0.565472286,0.959552931,0.18155135,0.355635727,3.919510381,-9985.081614,19980.16323,20014.24453
Estimate,0.566532995,0.939351181,0.181531554,0.37502788,4.121548041,-9987.466896,19984.93379,20019.01509
Estimate,0.565826526,0.939699026,0.214345296,0.389251916,3.956779231,-9993.262629,19996.52526,20030.60656
Estimate,0.565641375,0.939587355,0.181245097,0.377180198,3.95034695,-9980.298288,19970.59658,20004.67788
Estimate,0.558018781,0.939292567,0.182213221,0.40789837,3.950628473,-9987.59711,19985.19422,20019.27552
Estimate,0.566053727,0.939549133,0.181500556,0.364094566,3.979044939,-9978.732672,19967.46534,20001.54664
Estimate,0.564767309,0.959691348,0.18137163,0.380502071,3.965434514,-9987.662397,19985.32479,20019.40609
Estimate,0.566354997,0.939374623,0.181536461,0.374904327,3.967076399,-9977.755671,19965.51134,19999.59264
Estimate,0.5661269,0.939699634,0.181478137,0.364391306,3.992698141,-9996.202346,20002.40469,20036.48599
Estimate,0.565574697,0.939721166,0.181494572,0.369248904,3.980245356,-9997.695385,20005.39077,20039.47207
Estimate,0.56662318,0.939626414,0.181224986,0.363412694,3.969598886,-9989.608668,19989.21734,20023.29864
Estimate,0.565434042,0.989628384,0.182540171,0.400577879,4.042939109,-9975.267275,19960.53455,19994.61585
Estimate,0.526490982,0.939630913,0.181205839,0.370028695,3.963141038,-9993.72219,19997.44438,20031.52568
Estimate,0.565710192,0.939433728,0.171735519,0.376850569,3.984131375,-9971.66972,19953.33944,19987.42074
Estimate,0.565099456,0.9396995,0.180999975,0.371313501,3.98598332,-9992.28698,19994.57396,20028.65526
Estimate,0.563682716,0.996902025,0.170999414,0.365801312,3.954705719,-9998.913125,20007.82625,20041.90755
Estimate,0.564930075,0.938870177,0.182296461,0.385911021,3.841384646,-9957.404936,19924.80987,19958.89117
Estimate,0.563098386,0.939620651,0.181293368,0.375449153,3.953047994,-9987.544499,19985.089,20019.1703
Estimate,0.566871662,0.939492378,0.181667801,0.373586433,4.11428942,-9988.059536,19986.11907,20020.20037
Estimate,0.566305935,0.939655264,0.181519046,0.359653299,3.968759968,-9996.260113,20002.52023,20036.60153
Estimate,0.564890003,0.939308454,0.181734301,0.359984695,3.973372771,-9971.728103,19953.45621,19987.53751
Estimate,0.566883824,0.939603594,0.181718595,0.367042092,3.97653792,-9994.370188,19998.74038,20032.82168
Estimate,0.5657978,0.939521646,0.181489695,0.374630129,3.962017532,-9976.426633,19962.85327,19996.93457
Estimate,0.565602356,0.939433935,0.151446443,0.369817175,3.954800311,-9975.86025,19961.7205,19995.8018
Estimate,0.565402586,0.939422598,0.181400847,0.37424617,3.995122956,-9968.003278,19946.00656,19980.08786
Estimate,0.566200547,0.939724344,0.181503575,0.380285055,3.955781061,-9998.338512,20006.67702,20040.75833
Estimate,0.566258259,0.93970487,0.181442628,0.362189969,3.956630324,-9993.853623,19997.70725,20031.78855
Estimate,0.586197476,0.996507847,0.181307929,0.386163062,3.980850546,-9988.289694,19986.57939,20020.66069
Estimate,0.565472295,0.939159662,0.181622844,0.361716678,4.226344596,-9973.62212,19957.24424,19991.32554
Estimate,0.565946552,0.93970004,0.181405623,0.370953968,3.956806803,-9989.618801,19989.2376,20023.3189
Estimate,0.565762972,0.939567328,0.181450948,0.357004727,3.951959993,-9987.075433,19984.15087,20018.23217
Estimate,0.526327295,0.939611745,0.151249949,0.355953844,3.942962491,-9992.906604,19995.81321,20029.89451
Estimate,0.563912506,0.93938573,0.191703257,0.357793402,3.963882778,-9976.385807,19962.77161,19996.85291
Estimate,0.566411492,0.939657109,0.181315026,0.374612821,3.940259922,-9987.596284,19985.19257,20019.27387
Estimate,0.56620543,0.939052523,0.181918547,0.376663063,3.940187667,-9979.081096,19968.16219,20002.24349
Estimate,0.56652195,0.959658404,0.181426842,0.377677499,3.974016194,-9987.985349,19985.9707,20020.052
Estimate,0.565593607,0.969629212,0.181113902,0.385484,3.924116945,-9990.932112,19991.86422,20025.94552
Estimate,0.564483111,0.939569275,0.181057308,0.374441941,4.012884698,-9991.523534,19993.04707,20027.12837
Estimate,0.566387071,0.939697841,0.181591986,0.376956444,3.923075722,-9999.540649,20009.0813,20043.1626
Estimate,0.558505346,0.939478698,0.181357261,0.345316955,3.986085396,-9992.461997,19994.92399,20029.0053
Estimate,0.56548925,0.939272352,0.191638635,0.38743741,3.950199798,-9966.714018,19943.42804,19977.50934
Estimate,0.565214188,0.939699919,0.210014633,0.370570612,3.956926799,-9997.137875,20004.27575,20038.35705
Estimate,0.56498659,0.939632955,0.181254967,0.390694618,4.047461619,-9993.363997,19996.72799,20030.8093
Estimate,0.56629799,0.939642653,0.181651137,0.388303105,3.958444978,-9994.266838,19998.53368,20032.61498
Estimate,0.556582173,0.93944577,0.181607969,0.385463857,3.914110081,-9967.337807,19944.67561,19978.75691
Estimate,0.565626446,0.939608808,0.181153357,0.359405109,3.995602396,-9990.38917,19990.77834,20024.85964
Estimate,0.56544517,0.929302379,0.182016741,0.356385747,3.846714685,-9993.400841,19996.80168,20030.88298
Estimate,0.564778628,0.939675569,0.181130474,0.378883811,3.990768907,-9990.252418,19990.50484,20024.58614
Estimate,0.565131858,0.969680138,0.181646448,0.375164871,3.917408545,-9994.897912,19999.79582,20033.87713
Estimate,0.565233745,0.93903529,0.191727666,0.362147162,3.983197699,-9971.1686,19952.3372,19986.4185
Estimate,0.566269297,0.939710074,0.181577776,0.379632651,3.956782289,-9998.368237,20006.73647,20040.81777
Estimate,0.565036628,0.939376305,0.181721294,0.385068185,4.07608557,-9966.198782,19942.39756,19976.47886
Estimate,0.564732435,0.939558947,0.181125396,0.388797321,4.025136444,-9993.739959,19997.47992,20031.56122
Estimate,0.553043431,0.929699297,0.180999964,0.372177532,4.024002902,-9996.197641,20002.39528,20036.47658
Estimate,0.566291651,0.939734399,0.191220675,0.370768774,3.960989654,-9994.450949,19998.9019,20032.9832
Estimate,0.566452586,0.959394366,0.181508835,0.385571183,3.986146778,-9983.767549,19977.5351,20011.6164
Estimate,0.565813949,0.939618536,0.181595982,0.362389448,3.993132422,-9986.419085,19982.83817,20016.91947
Estimate,0.566624381,0.939580832,0.191160047,0.362271283,3.960569335,-9992.938053,19995.87611,20029.95741
Estimate,0.567103342,0.929546094,0.181239377,0.368008985,3.995924805,-9999.550439,20009.10088,20043.18218
Estimate,0.564990665,0.939707137,0.180962026,0.37138082,3.952994268,-9996.581393,20003.16279,20037.24409
Estimate,0.565587072,0.939520285,0.181421614,0.385749393,3.959448325,-9973.124145,19956.24829,19990.32959
Estimate,0.565767716,0.939689301,0.181576568,0.38059909,3.981216841,-9992.263039,19994.52608,20028.60738
Estimate,0.565149556,0.93968171,0.181013154,0.352479366,3.970288509,-9999.829916,20009.65983,20043.74113
Estimate,0.564574081,0.996991787,0.180993654,0.374412948,3.957107079,-9995.980346,20001.96069,20036.04199
Estimate,0.526489007,0.939464127,0.181726721,0.378663249,3.952999412,-9983.131211,19976.26242,20010.34372
Estimate,0.56639975,0.92969939,0.18168255,0.386411767,3.982845949,-10000.0558,20010.11161,20044.19291
Estimate,0.565927796,0.996218186,0.181429254,0.385944877,3.96054543,-9991.630604,19993.26121,20027.34251
Estimate,0.566246259,0.995535458,0.181262477,0.355939612,3.957374221,-9992.861407,19995.72281,20029.80412
Estimate,0.56522464,0.969689067,0.180950215,0.362944368,4.023141265,-9996.621731,20003.24346,20037.32476
Estimate,0.564671217,0.938963781,0.182160541,0.38092877,3.97407775,-9955.16428,19920.32856,19954.40986
Estimate,0.565274587,0.929603964,0.191040773,0.351220443,3.984648271,-9993.911509,19997.82302,20031.90432
Estimate,0.565808136,0.939682018,0.171203721,0.377449681,4.048801333,-9994.016674,19998.03335,20032.11465
Estimate,0.565689894,0.939707558,0.181301076,0.361477225,3.958813856,-9997.438875,20004.87775,20038.95905
Estimate,0.5657663,0.996295998,0.181189149,0.365945144,4.012434749,-9986.758989,19983.51798,20017.59928
Estimate,0.566507508,0.939330298,0.182206875,0.378021961,4.040795914,-9990.120202,19990.2404,20024.3217
Estimate,0.56361158,0.939317321,0.181936004,0.398396035,3.965105095,-9970.487308,19950.97462,19985.05592
Estimate,0.566293306,0.959629162,0.181332484,0.355346334,4.008371201,-9991.641108,19993.28222,20027.36352
Estimate,0.567364528,0.939394477,0.181710667,0.380236615,4.024242716,-9982.354285,19974.70857,20008.78987
Estimate,0.565927109,0.939692309,0.180997696,0.348263738,4.254955144,-9999.300795,20008.60159,20042.68289
Estimate,0.565272569,0.959636053,0.181591448,0.374882871,3.994695833,-9982.490978,19974.98196,20009.06326
Estimate,0.586630314,0.929418811,0.18184824,0.396258464,3.880730515,-9983.198671,19976.39734,20010.47864
Estimate,0.566133099,0.939230238,0.18167875,0.374606769,3.96051696,-9975.944183,19961.88837,19995.96967
Estimate,0.565749986,0.969508576,0.181402441,0.365480994,3.929938226,-9975.622966,19961.24593,19995.32723
Estimate,0.566151656,0.939414507,0.151674923,0.378537384,3.950344609,-9971.438232,19952.87646,19986.95777
Estimate,0.565666385,0.939653153,0.171270543,0.369855578,4.005744773,-9988.685199,19987.3704,20021.4517
Estimate,0.566314111,0.939717745,0.181091049,0.35596997,4.032392607,-9995.141111,20000.28222,20034.36352
Estimate,0.560604165,0.939644934,0.151077753,0.371086222,4.012321587,-9993.640017,19997.28003,20031.36133
Estimate,0.563175267,0.990157275,0.192498539,0.397666042,3.944545653,-9975.033239,19960.06648,19994.14778
Estimate,0.566742547,0.969622389,0.171111229,0.375635909,3.964479363,-9997.81564,20005.63128,20039.71258
Estimate,0.565431127,0.969677601,0.181319966,0.346650997,3.954723943,-9998.268206,20006.53641,20040.61771
Estimate,0.566331115,0.939713292,0.181348187,0.37564348,3.962546328,-9992.627737,19995.25547,20029.33677
Estimate,0.525448157,0.939416884,0.182071091,0.385511476,3.934360016,-9980.905708,19971.81142,20005.89272
Estimate,0.566189831,0.939544422,0.191148525,0.359426643,3.967458286,-9994.848005,19999.69601,20033.77731
Estimate,0.564161505,0.958549195,0.172778776,0.396682108,3.803302045,-9961.449773,19932.89955,19966.98085
Estimate,0.565982075,0.939492659,0.181467641,0.341876992,3.993810238,-9996.971875,20003.94375,20038.02505
Estimate,0.554402308,0.939701687,0.181445069,0.376236966,3.957360375,-9990.507675,19991.01535,20025.09665
Estimate,0.565551729,0.9387197,0.182405216,0.373455289,4.084727904,-9974.3957,19958.7914,19992.8727
Estimate,0.566212838,0.939699665,0.180992861,0.363127471,4.010792457,-10000.05352,20010.10704,20044.18834
Estimate,0.565699611,0.939639952,0.181477401,0.374739057,3.979623058,-9985.07763,19980.15526,20014.23656
Estimate,0.585950362,0.939479939,0.181482637,0.395690082,3.9704191,-9984.517682,19979.03536,20013.11667
Estimate,0.565172491,0.939623472,0.181507244,0.385965744,3.963025414,-9985.379738,19980.75948,20014.84078
Estimate,0.575263852,0.996947373,0.151324047,0.378040238,3.963557969,-9983.890114,19977.78023,20011.86153
Estimate,0.56694491,0.939617003,0.181785513,0.387630737,3.899314466,-9992.549219,19995.09844,20029.17974
Estimate,0.585688687,0.939697705,0.151401977,0.372440155,3.997178576,-9987.65513,19985.31026,20019.39156
Estimate,0.566359792,0.996429991,0.181488222,0.37265776,3.968142722,-9987.287119,19984.57424,20018.65554
Estimate,0.563015538,0.95961315,0.181400036,0.391566389,3.968336608,-9992.702653,19995.40531,20029.48661
Estimate,0.558855077,0.929674563,0.171006974,0.366752773,4.026296719,-9998.595801,20007.1916,20041.2729
Estimate,0.586010135,0.939700628,0.213283861,0.372487879,3.958522526,-9996.39946,20002.79892,20036.88022
Estimate,0.56634082,0.939738666,0.181445609,0.377104429,3.957258564,-9996.992864,20003.98573,20038.06703
Estimate,0.565305084,0.939615551,0.181104953,0.374523579,4.055402906,-9992.75678,19995.51356,20029.59486
Estimate,0.566096982,0.959480085,0.181405925,0.369805148,4.013017298,-9973.800346,19957.60069,19991.68199
Estimate,0.584102496,0.939698761,0.180999936,0.381006736,3.979468273,-9996.269792,20002.53958,20036.62089
Estimate,0.565997462,0.939703186,0.181574876,0.379340031,3.957673052,-9996.187923,20002.37585,20036.45715
Estimate,0.565747691,0.939612218,0.181316265,0.37376704,3.96305819,-9980.104303,19970.20861,20004.28991
Estimate,0.585454283,0.969729435,0.181215222,0.358955133,3.981652267,-9998.073518,20006.14704,20040.22834
Estimate,0.566476868,0.929662635,0.181096654,0.369251224,4.036014837,-9995.902227,20001.80445,20035.88575
Estimate,0.566991297,0.939545116,0.181308311,0.355117504,3.939355039,-9999.266146,20008.53229,20042.61359
Estimate,0.566796859,0.939466323,0.181580714,0.379684666,3.954860251,-9985.859096,19981.71819,20015.79949
Estimate,0.586158423,0.939699779,0.181386723,0.353309479,3.977874942,-9997.437893,20004.87579,20038.95709
Estimate,0.565898446,0.939579458,0.181321632,0.377546136,3.959238995,-9980.352041,19970.70408,20004.78538
Estimate,0.567174781,0.939709859,0.181360191,0.368958685,3.958098515,-10000.03108,20010.06217,20044.14347
Estimate,0.565576505,0.995883725,0.191650414,0.370638934,3.966304276,-9979.01612,19968.03224,20002.11354
Estimate,0.56421988,0.929686886,0.180992225,0.367490576,3.953795975,-9994.238067,19998.47613,20032.55743
Estimate,0.586051043,0.929585142,0.181060877,0.366632891,3.969297685,-9997.28508,20004.57016,20038.65146
Estimate,0.565106836,0.939364886,0.181475412,0.393088536,3.934071959,-9973.674611,19957.34922,19991.43052
Estimate,0.566277028,0.939735127,0.213658493,0.370297698,3.959487798,-9990.77659,19991.55318,20025.63448
Estimate,0.566273608,0.939323425,0.191508489,0.370894829,3.946573181,-9978.718439,19967.43688,20001.51818
Estimate,0.565718393,0.939673215,0.181317304,0.376953528,3.956789591,-9982.833699,19975.6674,20009.7487
Estimate,0.575110522,0.993786104,0.181740139,0.394952367,4.069179035,-9975.135803,19960.27161,19994.35291
Estimate,0.564811983,0.939665344,0.181377471,0.372228262,3.940406654,-9982.192355,19974.38471,20008.46601
Estimate,0.566137434,0.939618719,0.181363634,0.373776799,3.9676646,-9978.269033,19966.53807,20000.61937
Estimate,0.565534864,0.939642611,0.181410375,0.384825154,3.975882793,-9989.771459,19989.54292,20023.62422
Estimate,0.566085786,0.994641203,0.181534176,0.372206517,4.042347675,-9975.6227,19961.2454,19995.3267
Estimate,0.566167424,0.939598169,0.151822803,0.385965095,3.930925352,-9989.537001,19989.074,20023.1553
Estimate,0.574516224,0.997153609,0.18133423,0.386266298,3.978694346,-9995.41181,20000.82362,20034.90492
Estimate,0.566506713,0.969645875,0.151475877,0.368198036,3.928242422,-9992.981381,19995.96276,20030.04406
Estimate,0.575854913,0.939487025,0.181288325,0.366278624,4.05770835,-9979.468704,19968.93741,20003.01871
Estimate,0.566384148,0.939625509,0.181359932,0.359423881,3.959820898,-9995.20967,20000.41934,20034.50064
Estimate,0.526498597,0.997000066,0.181630062,0.384974887,3.956851698,-9998.723313,20007.44663,20041.52793
Estimate,0.564657773,0.939423318,0.218570716,0.371210333,4.377747194,-9969.658815,19949.31763,19983.39893
Estimate,0.586029012,0.996228285,0.211248385,0.367975496,3.988742814,-9988.734505,19987.46901,20021.55031
Estimate,0.525674213,0.997161609,0.151322702,0.386412905,3.982173166,-9999.425449,20008.8509,20042.9322
Estimate,0.562970735,0.928602809,0.18249726,0.402105798,3.909020141,-9974.792968,19959.58594,19993.66724
Estimate,0.566338199,0.969643708,0.181478998,0.359920631,3.962804052,-9991.763797,19993.52759,20027.6089
Estimate,0.564956836,0.939474744,0.181571804,0.359598248,4.147261137,-9970.892871,19951.78574,19985.86704
Estimate,0.525710337,0.939412513,0.181669137,0.377500563,3.967650383,-9968.248122,19946.49624,19980.57755
Estimate,0.565554666,0.93951504,0.19156268,0.362720238,4.023639661,-9972.681797,19955.36359,19989.44489
Estimate,0.566163069,0.939706148,0.151453641,0.368707481,3.956646037,-9990.227008,19990.45402,20024.53532
Estimate,0.566002566,0.939422688,0.171710333,0.390649286,3.955062449,-9970.427439,19950.85488,19984.93618
Estimate,0.565803713,0.939321418,0.1520723,0.390124136,3.990986921,-9972.598922,19955.19784,19989.27914
Estimate,0.564103591,0.938412428,0.181973899,0.362619198,4.122942259,-9999.916415,20009.83283,20043.91413
Estimate,0.57654612,0.969649489,0.171358283,0.385680707,3.944384097,-9994.655004,19999.31001,20033.39131
Estimate,0.565913272,0.939733853,0.181336467,0.361820575,3.979404757,-9997.957562,20005.91512,20039.99643
Estimate,0.565171929,0.95960809,0.170999583,0.364686717,3.919504475,-9992.525332,19995.05066,20029.13197
Estimate,0.566453899,0.939696672,0.181103821,0.367349535,4.006504712,-9996.400927,20002.80185,20036.88315
Estimate,0.5668691,0.93972567,0.1813311,0.364148962,4.041021276,-9998.239369,20006.47874,20040.56004
Estimate,0.563803295,0.938753752,0.217645751,0.39267134,3.819967188,-9987.403911,19984.80782,20018.88912
Estimate,0.525312795,0.929699654,0.181079632,0.354193074,3.991490829,-9993.243444,19996.48689,20030.56819
Estimate,0.565945524,0.939703894,0.191468423,0.374781869,4.058901406,-9991.979102,19993.9582,20028.03951
Estimate,0.52606377,0.939161715,0.182214703,0.396191254,4.002207837,-9979.594441,19969.18888,20003.27018
Estimate,0.56653768,0.939208127,0.182415659,0.374744004,4.347060543,-9999.618775,20009.23755,20043.31885
Estimate,0.566750399,0.939422214,0.191960142,0.387995851,4.016335899,-9986.520026,19983.04005,20017.12135
Estimate,0.564229738,0.939678381,0.210062099,0.384284413,4.045134768,-9999.170038,20008.34008,20042.42138
Estimate,0.565973936,0.939699485,0.191352598,0.376373028,4.02610159,-9987.780934,19985.56187,20019.64317
Estimate,0.567043553,0.939465556,0.15153777,0.362596722,3.990381154,-9991.83208,19993.66416,20027.74546
Estimate,0.56645366,0.939687104,0.181283459,0.366087393,3.979441867,-9996.177235,20002.35447,20036.43577
Estimate,0.566089454,0.929363767,0.181563163,0.375601688,3.954320883,-9974.518975,19959.03795,19993.11925
Estimate,0.565384622,0.959163062,0.152372164,0.369825694,4.066117139,-9975.695958,19961.39192,19995.47322
Estimate,0.565064894,0.939698718,0.1510973,0.369581251,3.956705742,-9983.311634,19976.62327,20010.70457
Estimate,0.56613549,0.939581295,0.181334427,0.349864022,4.016576874,-9988.950404,19987.90081,20021.98211
Estimate,0.565538928,0.939347751,0.181944414,0.357197812,4.034767824,-9982.60973,19975.21946,20009.30076
Estimate,0.565920623,0.939701228,0.151406056,0.352948042,3.986200686,-10000.0722,20010.1444,20044.2257
Estimate,0.566053507,0.939706477,0.181277603,0.361518249,3.957008133,-9991.632799,19993.2656,20027.3469
Estimate,0.566042089,0.939724453,0.171334725,0.378396613,3.966710058,-9995.08774,20000.17548,20034.25678
Estimate,0.56259792,0.939051176,0.19215883,0.371893059,4.034508947,-9977.469266,19964.93853,19999.01983
Estimate,0.566326611,0.929543157,0.181411002,0.359225689,4.010279385,-9981.458534,19972.91707,20006.99837
Estimate,0.565770549,0.96955981,0.181385088,0.366045224,3.965496273,-9981.563782,19973.12756,20007.20887
Estimate,0.566377247,0.939321123,0.171484933,0.371478824,3.923411684,-9981.076123,19972.15225,20006.23355
Estimate,0.566130482,0.939628896,0.171326593,0.363103843,4.03572988,-9981.474549,19972.9491,20007.0304
Estimate,0.565506557,0.939609617,0.181449358,0.380627125,3.97197185,-9978.964018,19967.92804,20002.00934
Estimate,0.565248679,0.939605266,0.181142457,0.383537239,3.936523548,-9986.502791,19983.00558,20017.08688
Estimate,0.564130127,0.939309873,0.151429548,0.409520519,4.001803229,-10000.36668,20010.73337,20044.81467
Estimate,0.574996867,0.93939825,0.181513059,0.402214334,3.941823332,-9979.502038,19969.00408,20003.08538
Estimate,0.566113961,0.939699641,0.18142742,0.35380476,4.005430203,-10000.06532,20010.13064,20044.21194
Estimate,0.565062194,0.939614641,0.181162173,0.38695627,4.040481474,-9995.142425,20000.28485,20034.36615
Estimate,0.565656177,0.93970045,0.181316374,0.367761786,3.999384896,-9984.026798,19978.0536,20012.1349
Estimate,0.56560965,0.939699629,0.181538182,0.3755744,3.956913479,-9994.234635,19998.46927,20032.55057
Estimate,0.565473881,0.939390695,0.181413693,0.343844041,3.940031216,-9996.140413,20002.28083,20036.36213
Estimate,0.565251441,0.939451852,0.17148287,0.378587774,3.950680999,-9964.791568,19939.58314,19973.66444
Estimate,0.565224879,0.959503125,0.181345843,0.374924171,3.990145301,-9971.863519,19953.72704,19987.80834
Estimate,0.566252129,0.939704069,0.18183272,0.380803073,3.979968748,-10000.08969,20010.17938,20044.26068
Estimate,0.566767497,0.939707117,0.181436753,0.36303378,3.99511219,-9999.638348,20009.2767,20043.358
Estimate,0.565777474,0.939666661,0.181239595,0.367642961,3.964678601,-9987.2604,19984.5208,20018.6021
Estimate,0.585480268,0.939623506,0.180978023,0.35916609,3.951773309,-9997.589527,20005.17905,20039.26035
Estimate,0.565608074,0.939700383,0.1809872,0.359566925,4.010724639,-9997.165095,20004.33019,20038.41149
Estimate,0.566456205,0.939596256,0.181942315,0.378761471,3.926462612,-9996.283619,20002.56724,20036.64854
Estimate,0.525971045,0.939525593,0.181590348,0.381161347,4.173042396,-9985.439223,19980.87845,20014.95975
Estimate,0.566199391,0.939459882,0.181708684,0.368297934,3.983413939,-9979.576385,19969.15277,20003.23407
Estimate,0.565572656,0.939673815,0.181262681,0.374104372,3.961663912,-9981.043812,19972.08762,20006.16892
Estimate,0.566108239,0.939371229,0.181414839,0.387246095,3.968216899,-9986.81166,19983.62332,20017.70462
Estimate,0.564899747,0.93907104,0.18223422,0.400655419,3.948540679,-9960.806593,19931.61319,19965.69449
Estimate,0.585858678,0.939653746,0.181040181,0.364607148,4.025302274,-9994.60487,19999.20974,20033.29104
Estimate,0.554722066,0.939087854,0.182179947,0.385509678,4.021750172,-9966.27714,19942.55428,19976.63558
Estimate,0.566283374,0.993606994,0.181425066,0.356657396,4.0493644,-9985.334759,19980.66952,20014.75082
Estimate,0.525107032,0.996185758,0.181542477,0.385826971,4.01382989,-9976.930404,19963.86081,19997.94211
Estimate,0.565980593,0.995119594,0.171541353,0.39577234,3.943541428,-9982.973249,19975.9465,20010.0278
Estimate,0.56527634,0.993533553,0.181431802,0.365431392,4.004640543,-9968.553483,19947.10697,19981.18827
Estimate,0.56516241,0.969674252,0.170983075,0.366706196,3.954546449,-9996.613365,20003.22673,20037.30803
Estimate,0.566117942,0.939444301,0.18146209,0.380676498,3.955709694,-9976.622678,19963.24536,19997.32666
Estimate,0.565917079,0.939650705,0.181394583,0.364519191,3.954118317,-9989.618346,19989.23669,20023.31799
Estimate,0.565141992,0.996105807,0.151658261,0.389021422,3.94650202,-9983.404554,19976.80911,20010.89041
Estimate,0.566421217,0.939698952,0.18113957,0.363029711,3.968088477,-10000.03684,20010.07367,20044.15497
Estimate,0.565724837,0.996653931,0.191843903,0.380260063,3.985644519,-9997.396131,20004.79226,20038.87356
Estimate,0.565923208,0.939414902,0.181474947,0.383187344,3.946592859,-9972.857163,19955.71433,19989.79563
Estimate,0.565128195,0.95970038,0.181165688,0.377742305,3.955107713,-9992.930516,19995.86103,20029.94233
Estimate,0.566059182,0.939711351,0.181267571,0.384375577,3.969188704,-9996.236309,20002.47262,20036.55392
Estimate,0.526104907,0.939672319,0.181296465,0.368954767,4.009010086,-9990.330809,19990.66162,20024.74292
Estimate,0.566681168,0.997193375,0.151054302,0.366756197,3.950837359,-9998.239639,20006.47928,20040.56058
Estimate,0.525485316,0.939637447,0.181238222,0.370757556,4.074620821,-9983.899075,19977.79815,20011.87945
Estimate,0.561813668,0.938976987,0.182237206,0.366420118,3.97604647,-9979.531615,19969.06323,20003.14453
Estimate,0.565606499,0.939609259,0.181023059,0.351610207,3.958603395,-9998.625664,20007.25133,20041.33263
Estimate,0.559330012,0.939639612,0.181206889,0.376941617,3.953027567,-9982.199684,19974.39937,20008.48067
Estimate,0.526008359,0.994408473,0.215519282,0.382933702,4.017005341,-9973.676097,19957.35219,19991.43349
Estimate,0.564759494,0.939450555,0.181223875,0.364637191,3.983202793,-9977.317301,19964.6346,19998.7159
Estimate,0.565762565,0.93965318,0.181197843,0.368114127,3.942542858,-9989.642989,19989.28598,20023.36728
Estimate,0.565666623,0.929783539,0.181116386,0.372375687,4.036771688,-9998.710663,20007.42133,20041.50263
Estimate,0.566120322,0.939062994,0.182697519,0.386818581,4.011663002,-9990.32949,19990.65898,20024.74028
Estimate,0.566079433,0.939670778,0.18137966,0.356860278,3.991525186,-9989.374765,19988.74953,20022.83083
Estimate,0.565638296,0.939697399,0.180997454,0.369053427,4.022614047,-9995.592636,20001.18527,20035.26657
Estimate,0.565393002,0.939709089,0.181008218,0.366187223,3.956799314,-9996.390994,20002.78199,20036.86329
Estimate,0.565817976,0.939672087,0.181256802,0.38541919,4.019325635,-9999.560093,20009.12019,20043.20149
Estimate,0.566534129,0.939477697,0.181608478,0.382668353,4.05223241,-9982.022271,19974.04454,20008.12584
Estimate,0.566477425,0.929464028,0.181372108,0.373367029,4.092514199,-9989.240009,19988.48002,20022.56132
Estimate,0.565469842,0.93937116,0.181479049,0.359803071,3.9681664,-9972.725222,19955.45044,19989.53174
Estimate,0.56666728,0.93950536,0.215103389,0.370600721,3.968669755,-9984.359224,19978.71845,20012.79975
Estimate,0.565889549,0.939370722,0.151533241,0.367729151,4.038136943,-9974.260063,19958.52013,19992.60143
Estimate,0.56649369,0.939653749,0.213221986,0.384239987,3.986978737,-9991.355678,19992.71136,20026.79266
Estimate,0.566005224,0.997084309,0.181518763,0.374195282,3.965863994,-9998.75636,20007.51272,20041.59402
