"miu","be","sig","lam","del","w","LogL","AIC","BIC"
0.544777902,0.958747738,0.110259761,1.117283423,0.403715114,0.600806043,-9711.04173,19434.08346,19474.98102
0.330065974,0.906932778,0.216258214,0.577304155,0.870442322,0.596704093,-9734.80925,19481.6185,19522.51606
0.601536946,0.898684692,0.189007091,0.873102025,0.703884211,0.643235609,-9741.15134,19494.30268,19535.20024
0.550916245,0.928590542,0.241580084,0.634408802,0.774821157,0.609712944,-9742.90591,19497.81182,19538.70938
0.311044244,0.879536923,0.219592159,0.579192371,0.86655779,0.60239858,-9745.43342,19502.86684,19543.7644
0.591611169,0.963606665,0.130689188,0.739316231,0.729750934,0.607304549,-9747.32988,19506.65976,19547.55732
0.375308528,0.866170576,0.315128392,0.447466049,0.680459705,0.774963722,-9750.56039,19513.12078,19554.01834
0.270490788,0.960640706,0.146276029,0.743894029,0.711127987,0.652376543,-9751.09613,19514.19226,19555.08982
0.502933585,0.90000879,0.199980468,0.576827759,0.89987304,0.599980468,-9752.64187,19517.28374,19558.1813
0.568065854,0.912107409,0.273456122,0.69063293,1.031420446,0.492792087,-9756.24009,19524.48018,19565.37774
0.41046899,0.884643319,0.229198775,0.290969125,0.705384637,0.788663548,-9756.77188,19525.54376,19566.44132
0.371527303,0.898331814,0.197718014,0.479663379,0.901522529,0.598700092,-9758.66981,19529.33962,19570.23718
0.48117943,0.901516913,0.218091931,0.418163122,0.691968669,0.858094345,-9759.68793,19531.37586,19572.27342
0.148605709,0.935022293,0.224921029,0.555304759,0.700683271,0.697171762,-9759.94723,19531.89446,19572.79202
0.338923331,0.900023943,0.199946794,0.584286991,0.899654158,0.599946794,-9760.15887,19532.31774,19573.2153
0.859104123,0.945665172,0.181034367,1.015868383,0.45180064,0.566443559,-9760.72409,19533.44818,19574.34574
0.570246719,0.883179447,0.244926704,0.416681544,0.742052834,0.772735996,-9761.15401,19534.30802,19575.20558
0.485811581,0.848586118,0.25297708,0.308941674,0.676673368,0.771861386,-9761.30802,19534.61604,19575.5136
0.731761654,0.951598327,0.164511159,0.551720644,0.668486916,0.751282721,-9761.82958,19535.65916,19576.55672
0.409559839,0.90000451,0.291180397,0.544220337,0.899934852,0.599989977,-9761.95817,19535.91634,19576.8139
0.481759136,0.866200119,0.23993708,0.327950754,0.683767952,0.78341433,-9762.0481,19536.0962,19576.99376
0.499127697,0.908443675,0.208508602,0.443359393,0.906510218,0.590211707,-9762.38457,19536.76914,19577.6667
0.32492176,0.86178702,0.289882225,0.379316018,0.910468253,0.622868394,-9763.00372,19538.00744,19578.905
0.456811441,0.87145114,0.224548856,0.263053674,0.624280896,0.915142235,-9763.29748,19538.59496,19579.49252
0.351348555,0.878802417,0.282703241,0.393332653,0.946726378,0.59761553,-9763.32824,19538.65648,19579.55404
0.377209111,0.833750021,0.266511477,0.32922736,0.743474057,0.711054981,-9764.34022,19540.68044,19581.578
0.301169253,0.937608685,0.195546106,0.463191998,0.618935437,0.744951331,-9766.37875,19544.7575,19585.65506
0.400655959,0.900003408,0.249720132,0.282230533,0.736676852,0.722541446,-9773.39312,19558.78624,19599.6838
0.501053581,0.93111726,0.21196211,0.364747628,0.769993213,0.692695203,-9774.1714,19560.3428,19601.24036
0.093678154,0.926307172,0.268633715,0.816371772,0.637023665,0.58160289,-9774.31897,19560.63794,19601.5355
0.606179282,0.937133801,0.169258635,0.375033651,0.734927769,0.703729425,-9774.47689,19560.95378,19601.85134
0.190523473,0.900587218,0.246668796,0.516492248,0.908368051,0.603685611,-9774.53628,19561.07256,19601.97012
0.444931313,0.892899527,0.244086934,0.259029766,0.797132434,0.713498645,-9774.96664,19561.93328,19602.83084
0.526087913,0.866306103,0.327490464,0.417552112,0.851189787,0.637148493,-9775.09128,19562.18256,19603.08012
0.598131052,0.900003651,0.266310168,0.345830007,0.738649791,0.757325014,-9775.27581,19562.55162,19603.44918
0.445648792,0.72838062,0.358848717,0.335740154,0.687532048,0.818783611,-9775.32089,19562.64178,19603.53934
0.469114134,0.908445989,0.273508851,0.394273282,0.792724079,0.729588418,-9776.70343,19565.40686,19606.30442
0.605624875,0.931665339,0.166502353,0.418913607,0.834330529,0.6126703,-9776.75853,19565.51706,19606.41462
0.547162269,0.898329875,0.286874549,0.424705396,0.900512306,0.6004313,-9777.04265,19566.0853,19606.98286
0.392629963,0.798717273,0.316286468,0.233853111,0.770550255,0.730363826,-9777.41424,19566.82848,19607.72604
0.373349465,0.921194085,0.177149284,0.424600553,0.918678244,0.592050401,-9777.82934,19567.65868,19608.55624
0.312868537,0.899986458,0.231733397,0.323755548,0.905255163,0.619297659,-9777.95016,19567.90032,19608.79788
0.311927143,0.909298587,0.238254813,0.339401275,0.901643332,0.617988785,-9778.37662,19568.75324,19609.6508
0.292246327,0.944949669,0.147905831,0.329760947,0.625162346,0.825151867,-9778.58406,19569.16812,19610.06568
0.405553833,0.969736321,0.099986547,0.636018101,0.699852017,0.599973094,-9778.68492,19569.36984,19610.2674
0.403790736,0.839694785,0.344691383,0.321627858,0.825268301,0.747877718,-9779.08058,19570.16116,19611.05872
0.325009746,0.905649886,0.243273531,0.326761369,0.706753904,0.736218179,-9779.94075,19571.8815,19612.77906
0.626113876,0.899027748,0.263262376,0.384543606,0.750341528,0.752269913,-9780.38845,19572.7769,19613.67446
0.382894468,0.900002342,0.203732062,0.37298951,0.899966181,0.633153958,-9781.86962,19575.73924,19616.6368
0.462697488,0.905379768,0.217465625,0.281734726,0.799723881,0.726025576,-9781.87086,19575.74172,19616.63928
0.380105685,0.89495382,0.201826666,0.352439456,0.917839619,0.600405734,-9782.04921,19576.09842,19616.99598
0.474195704,0.886644932,0.236866762,0.320932189,0.949476908,0.591583184,-9782.06753,19576.13506,19617.03262
0.268600979,0.899951037,0.214158448,0.308563771,0.699971503,0.74028998,-9782.14663,19576.29326,19617.19082
0.508441193,0.949896949,0.190702858,0.536847082,0.723990075,0.780179208,-9782.37871,19576.75742,19617.65498
0.396105709,0.89837053,0.198317766,0.342787196,0.900316198,0.600943072,-9782.56755,19577.1351,19618.03266
0.547741139,0.867780006,0.235165737,0.560391443,0.944376705,0.596072762,-9782.61112,19577.22224,19618.1198
0.292752415,0.900424649,0.263076412,0.359947084,0.945859027,0.599519033,-9782.80618,19577.61236,19618.50992
0.494012446,0.772690034,0.416671427,0.385521204,0.740902844,0.849684163,-9782.92764,19577.85528,19618.75284
0.31927706,0.902673005,0.163917224,0.436949077,0.658375623,0.857334244,-9783.32616,19578.65232,19619.54988
0.298587651,0.900000502,0.212767191,0.329916966,0.899992748,0.613192649,-9783.36897,19578.73794,19619.6355
0.346138382,0.899424215,0.290190351,0.389439063,0.902049286,0.600557473,-9784.87137,19581.74274,19622.6403
0.292300445,0.884735123,0.253493031,0.315021227,0.924776185,0.6217208,-9784.97614,19581.95228,19622.84984
0.242493368,0.955225649,0.152988528,0.369485391,0.527547254,0.922033511,-9785.02043,19582.04086,19622.93842
0.426443343,0.856388666,0.261001808,0.432101881,1.001562338,0.586142292,-9785.61172,19583.22344,19624.121
0.289270764,0.900478205,0.279294395,0.376952336,0.899741571,0.603822385,-9786.27631,19584.55262,19625.45018
0.548404002,0.903350907,0.20165875,0.242669239,0.745288678,0.71904649,-9786.38282,19584.76564,19625.6632
0.293094469,0.899986781,0.237073793,0.321042935,0.899990908,0.599998601,-9786.46868,19584.93736,19625.83492
0.346197286,0.902436451,0.194563046,0.341712339,0.892592131,0.605693448,-9786.53999,19585.07998,19625.97754
0.48165357,0.900002356,0.199994764,0.394663974,0.925874368,0.599994764,-9786.55018,19585.10036,19625.99792
0.402750338,0.847427604,0.261826229,0.34262202,0.903686134,0.654995096,-9786.62878,19585.25756,19626.15512
0.394194133,0.904742031,0.219285214,0.300977473,0.899012769,0.601339313,-9786.98675,19585.9735,19626.87106
0.268506515,0.895867764,0.242485112,0.284106048,0.81577807,0.714023245,-9787.25554,19586.51108,19627.40864
0.394216637,0.859256046,0.245166321,0.302653585,0.742345558,0.809604033,-9787.50695,19587.0139,19627.91146
0.248106558,0.897689437,0.27965169,0.391845426,0.89842214,0.601631949,-9787.85157,19587.70314,19628.6007
0.312550173,0.904792202,0.220329959,0.297168536,0.914068926,0.596990689,-9788.18738,19588.37476,19629.27232
0.333916066,0.902195662,0.23607754,0.299259822,0.896254533,0.638120281,-9788.39022,19588.78044,19629.678
0.384801111,0.900007123,0.242448763,0.324513413,0.911824638,0.623423703,-9788.39196,19588.78392,19629.68148
0.312257188,0.90845975,0.259852355,0.335186022,0.906161262,0.595388782,-9788.57123,19589.14246,19630.04002
0.557417056,0.900228216,0.178086798,0.286152039,0.752765611,0.714017172,-9788.84607,19589.69214,19630.5897
0.327079597,0.900000599,0.23816889,0.301302287,0.899991343,0.639406657,-9789.64708,19591.29416,19632.19172
0.283616053,0.90006832,0.231772842,0.299589292,0.924260097,0.599955063,-9789.9889,19591.9778,19632.87536
0.42559866,0.851741939,0.253947932,0.209699417,0.720764944,0.748540146,-9790.09858,19592.19716,19633.09472
0.379570597,0.876377431,0.262022425,0.190917774,0.706800147,0.807433847,-9790.30231,19592.60462,19633.50218
0.352267134,0.912860104,0.238097908,0.329350021,0.899958684,0.594634696,-9790.57302,19593.14604,19634.0436
0.173854498,0.89299667,0.22153899,0.474201965,0.891130054,0.592195531,-9791.01309,19594.02618,19634.92374
0.313495787,0.91649806,0.195664238,0.282310557,0.771777083,0.725409127,-9791.10015,19594.2003,19635.09786
0.28957357,0.905366354,0.209785226,0.317728255,0.895247433,0.622225333,-9791.13584,19594.27168,19635.16924
0.407378738,0.921505387,0.272021598,0.315534106,0.629479649,0.887459557,-9791.52172,19595.04344,19635.941
0.304702769,0.900634499,0.215825592,0.292477852,0.899351258,0.610237268,-9791.67462,19595.34924,19636.2468
0.521835456,0.899953642,0.272752679,0.251340298,0.751102831,0.719049973,-9791.88269,19595.76538,19636.66294
0.232535734,0.899219238,0.2272076,0.361059396,0.899659367,0.620507957,-9792.05438,19596.10876,19637.00632
0.296763199,0.891737369,0.221896292,0.285939414,0.902342264,0.612260501,-9792.14036,19596.28072,19637.17828
0.392874207,0.899969771,0.282539009,0.356773247,0.923268649,0.599996801,-9792.58982,19597.17964,19638.0772
0.335501776,0.900018497,0.217832876,0.304000407,0.899970506,0.616858372,-9792.61406,19597.22812,19638.12568
0.348531373,0.899915691,0.215051251,0.289459382,0.748355937,0.796806508,-9792.64119,19597.28238,19638.17994
0.688095739,0.86695437,0.220324284,0.504410178,0.698081961,0.667014519,-9792.85286,19597.70572,19638.60328
0.309710844,0.899998281,0.227936969,0.292522173,0.917165719,0.600001027,-9792.92762,19597.85524,19638.7528
0.37460766,0.653617198,0.462676177,0.283692307,0.583049915,1.082332266,-9793.30501,19598.61002,19639.50758
0.340391021,0.913538453,0.196483704,0.230743927,0.757264493,0.7443579,-9793.45952,19598.91904,19639.8166
0.270435243,0.897306474,0.244622472,0.315475618,0.930203286,0.614352491,-9793.48686,19598.97372,19639.87128
0.318766448,0.89908398,0.207399193,0.326190222,0.895334934,0.616253092,-9793.59533,19599.19066,19640.08822
0.478927024,0.937928244,0.262381945,0.364646611,0.53740815,1.026517834,-9793.70705,19599.4141,19640.31166
0.30825218,0.899996976,0.214124844,0.293687716,0.899997929,0.600001247,-9793.80713,19599.61426,19640.51182
1.190988646,0.985962142,0.172384986,0.763112219,0.638727963,0.582871645,-9794.27105,19600.5421,19641.43966
0.178408997,0.812323471,0.330347596,0.602023329,0.972287704,0.601138157,-9794.90526,19601.81052,19642.70808
0.301236926,0.897887131,0.210323251,0.295580825,0.897468552,0.607889526,-9795.47901,19602.95802,19643.85558
0.535674767,0.899217552,0.199475975,0.243957141,0.798237963,0.674845656,-9795.98218,19603.96436,19644.86192
0.497680594,0.788612947,0.319794094,0.195013183,0.805300399,0.717240788,-9796.39847,19604.79694,19645.6945
0.292215515,0.891550276,0.252997404,0.26981114,0.905528744,0.603473692,-9796.77778,19605.55556,19646.45312
0.282416184,0.900003118,0.250291047,0.241532284,0.747043332,0.733637001,-9797.15996,19606.31992,19647.21748
0.222612343,0.891724292,0.299161123,0.341831815,0.908865961,0.614804328,-9797.36709,19606.73418,19647.63174
0.275335076,0.980232435,0.097675694,0.668761863,0.696558518,0.599805907,-9797.5324,19607.0648,19647.96236
0.59364834,0.863931524,0.268273781,0.280399228,0.798614916,0.72742458,-9797.58758,19607.17516,19648.07272
0.194161924,0.946003009,0.160135738,0.402877079,0.726532941,0.770650114,-9797.59229,19607.18458,19648.08214
0.498630806,0.892163986,0.191824754,0.236466382,0.756230518,0.748613828,-9797.73662,19607.47324,19648.3708
0.658965072,0.931491132,0.140727678,0.484440845,0.814409932,0.60582406,-9797.78965,19607.5793,19648.47686
0.36649162,0.928797715,0.219203171,0.22455392,0.755741983,0.747292933,-9798.2828,19608.5656,19649.46316
0.348847317,0.91351183,0.209885724,0.168975384,0.752870707,0.755743637,-9798.80703,19609.61406,19650.51162
0.310470929,0.898321255,0.1987236,0.35988328,0.937820683,0.600205561,-9798.88237,19609.76474,19650.6623
0.289149792,0.899993424,0.219601106,0.303388253,0.899995477,0.599999304,-9798.95947,19609.91894,19650.8165
0.374143882,0.912065464,0.225416685,0.213524602,0.782666777,0.704754665,-9799.42592,19610.85184,19651.7494
0.369917425,0.911126458,0.221277089,0.195959068,0.806718821,0.683865367,-9799.43646,19610.87292,19651.77048
0.220980169,0.89994606,0.199994292,0.367589095,0.899962898,0.599994292,-9799.46409,19610.92818,19651.82574
0.314250028,0.899990493,0.243188298,0.287514729,0.901354761,0.607269029,-9799.7239,19611.4478,19652.34536
0.453923359,0.874182882,0.243746759,0.138749115,0.713203604,0.843348879,-9799.96143,19611.92286,19652.82042
0.283062874,0.901623385,0.199896237,0.305624644,0.897418767,0.608021769,-9800.05672,19612.11344,19653.011
0.299740817,0.899941931,0.238123378,0.297601104,0.900009347,0.633828588,-9800.10739,19612.21478,19653.11234
0.328543621,0.939454442,0.172242081,0.311276737,0.801675606,0.632296315,-9800.35957,19612.71914,19653.6167
0.390069084,0.907927747,0.23719474,0.175339033,0.739153596,0.742536305,-9800.42228,19612.84456,19653.74212
0.299516732,0.899849993,0.200083823,0.299889535,0.899915342,0.600167186,-9800.46696,19612.93392,19653.83148
0.307847175,0.935314264,0.255167236,0.432389145,0.803382251,0.612305035,-9800.50675,19613.0135,19653.91106
0.210316469,0.893353096,0.216365944,0.299335851,0.717876162,0.725499858,-9800.79405,19613.5881,19654.48566
0.388596749,0.900769678,0.326306852,0.441014014,0.94490562,0.599938922,-9800.88759,19613.77518,19654.67274
0.301798446,0.90000057,0.199998733,0.294146132,0.899991762,0.630345604,-9801.30048,19614.60096,19655.49852
0.293990966,0.902445633,0.194407441,0.292161237,0.895300833,0.619875861,-9802.05082,19616.10164,19656.9992
0.237224691,0.904287673,0.258028079,0.299785694,0.949526841,0.594486281,-9802.08823,19616.17646,19657.07402
0.300408994,0.899949826,0.19991322,0.299489044,0.900151251,0.599953663,-9802.35869,19616.71738,19657.61494
0.402282951,0.900001838,0.302974715,0.479921598,0.989388668,0.61168208,-9802.57931,19617.15862,19658.05618
0.444258987,0.901430961,0.308150502,0.271628067,0.812256931,0.68848179,-9802.65419,19617.30838,19658.20594
0.532271977,0.897651922,0.166463041,0.244455818,0.71071112,0.73263731,-9803.05706,19618.11412,19659.01168
0.311584153,0.878309554,0.267050499,0.132346034,0.634706297,0.896977024,-9803.68364,19619.36728,19660.26484
0.308975994,0.900003864,0.207685531,0.285858659,0.899962011,0.60001203,-9803.85073,19619.70146,19660.59902
0.316610015,0.899859395,0.216479275,0.262682017,0.900105609,0.63125735,-9804.18577,19620.37154,19661.2691
0.415111144,0.888282489,0.317718413,0.316145451,0.841508616,0.63454104,-9804.24645,19620.4929,19661.39046
0.286509667,0.898673406,0.202471432,0.306563847,0.901778031,0.615955901,-9804.29267,19620.58534,19661.4829
0.271208373,0.899735355,0.231217719,0.288446967,0.900017554,0.60053807,-9804.32342,19620.64684,19661.5444
0.278258109,0.899995265,0.213423884,0.283985494,0.905008779,0.600008304,-9804.51768,19621.03536,19661.93292
0.338757364,0.95343354,0.173192257,0.246533511,0.675740905,0.764090309,-9804.55883,19621.11766,19662.01522
0.360518314,0.900569973,0.36728724,0.55834478,0.718471491,0.754830037,-9804.90472,19621.80944,19662.707
0.536536344,0.963214604,0.170957127,0.27678926,0.690599089,0.780027221,-9805.05183,19622.10366,19663.00122
0.302027952,0.900286835,0.200158606,0.306589307,0.899906281,0.613049919,-9805.7652,19623.5304,19664.42796
0.399385768,0.900827095,0.248503301,0.260565489,0.908826914,0.607539248,-9806.08173,19624.16346,19665.06102
0.299774082,0.900041845,0.200284548,0.297678616,0.899978582,0.599889108,-9806.09221,19624.18442,19665.08198
0.317302146,0.900008726,0.20302246,0.297845557,0.90001658,0.611430114,-9806.22626,19624.45252,19665.35008
0.561620048,0.961183528,0.14842828,0.315538611,0.802048357,0.663476802,-9806.34879,19624.69758,19665.59514
0.114714252,0.972915724,0.171149568,0.580997872,0.711283928,0.734625871,-9806.59789,19625.19578,19666.09334
0.278941633,0.899989617,0.199998901,0.289130292,0.899992858,0.599998901,-9806.89956,19625.79912,19666.69668
0.32340665,0.899412513,0.240193898,0.273041669,0.928798411,0.608629644,-9807.22256,19626.44512,19667.34268
0.31949989,0.927678469,0.156882013,0.345190207,0.884353424,0.597469781,-9807.32637,19626.65274,19667.5503
0.318607461,0.902767731,0.200190044,0.281989349,0.902531802,0.602874394,-9807.36957,19626.73914,19667.6367
0.254726643,0.939537156,0.16848751,0.322784002,0.911178631,0.602637028,-9807.95029,19627.90058,19668.79814
0.366439246,0.894255104,0.330387805,0.334645028,0.706717872,0.754728875,-9808.11729,19628.23458,19669.13214
0.309858194,0.899975621,0.278154041,0.27837464,0.905851113,0.603407019,-9808.24206,19628.48412,19669.38168
0.280844252,0.899993929,0.202242668,0.304091004,0.901109902,0.599999358,-9808.53885,19629.0777,19669.97526
0.561912556,0.928215847,0.183557172,0.250489851,0.717024158,0.696065501,-9808.76181,19629.52362,19670.42118
0.291257335,0.921328341,0.202985243,0.284995119,0.902286141,0.608206771,-9808.99855,19629.9971,19670.89466
0.172015049,0.890414907,0.202093248,0.568099102,0.888434167,0.606777617,-9809.38599,19630.77198,19671.66954
0.275798063,0.900002635,0.219693408,0.316987291,0.899961933,0.651569392,-9809.4879,19630.9758,19671.87336
0.151460635,0.919637819,0.221293619,0.339418224,0.887831639,0.597020247,-9809.65957,19631.31914,19672.2167
0.263817192,0.904487263,0.328471854,0.328717854,0.66724619,0.827616647,-9809.76287,19631.52574,19672.4233
0.452552284,0.900605473,0.338331424,0.44064974,0.867040141,0.598966862,-9809.83219,19631.66438,19672.56194
0.589884559,0.887686023,0.208955434,0.1942133,0.783631124,0.690054578,-9810.12272,19632.24544,19673.143
0.609207559,0.923447719,0.262284095,0.305966468,0.858641834,0.666801298,-9810.16122,19632.32244,19673.22
0.294637139,0.900000712,0.206638332,0.281265387,0.902198011,0.599998418,-9810.18381,19632.36762,19673.26518
0.246316855,0.943162516,0.216037053,0.3,0.794277004,0.670358999,-9810.45246,19632.90492,19673.80248
0.625681176,0.928592141,0.160480398,0.236141255,0.696642555,0.791150144,-9811.11718,19634.23436,19675.13192
0.459542444,0.944288323,0.175409478,0.209584565,0.716060271,0.773348447,-9811.36655,19634.7331,19675.63066
0.294156604,0.859083092,0.274006168,0.388802489,0.837995881,0.578106306,-9811.60854,19635.21708,19676.11464
0.788028753,0.932108714,0.206843592,0.368760168,0.654082503,0.743348154,-9812.09694,19636.19388,19677.09144
0.210349761,0.892932137,0.245873578,0.256090978,0.777006011,0.766921276,-9812.6277,19637.2554,19678.15296
0.25151744,0.904722769,0.250298248,0.268565738,0.896596296,0.625414718,-9813.03873,19638.07746,19678.97502
0.358023638,0.893385948,0.214028503,0.166499845,0.845078908,0.658343214,-9813.18038,19638.36076,19679.25832
0.365936379,0.929272274,0.171770564,0.338542221,0.933798663,0.622402972,-9813.81342,19639.62684,19680.5244
0.290530432,0.898560057,0.199455132,0.298693823,0.900654435,0.603859027,-9814.27874,19640.55748,19681.45504
0.511469756,0.974136992,0.104488558,0.391609964,0.703212961,0.743880022,-9814.29224,19640.58448,19681.48204
0.234127962,0.896082872,0.283973501,0.200268012,0.77725694,0.730671846,-9814.80611,19641.61222,19682.50978
0.285520885,0.900801514,0.220685377,0.231293714,0.740515489,0.69359648,-9815.98952,19643.97904,19684.8766
0.313380338,0.900002685,0.310217652,0.223339963,0.699967182,0.828738376,-9816.49169,19644.98338,19685.88094
0.382906027,0.900003145,0.320436277,0.623282784,0.994970025,0.599993011,-9817.69135,19647.3827,19688.28026
0.24937462,0.970963052,0.09518706,0.546133847,0.7414887,0.600643588,-9817.72215,19647.4443,19688.34186
0.597463509,0.974506843,0.108879554,0.371944527,0.739849552,0.69178993,-9818.21861,19648.43722,19689.33478
0.508425109,0.969922004,0.099996021,0.402779625,0.699956227,0.653888215,-9818.44118,19648.88236,19689.77992
0.614913467,0.943582426,0.169227446,0.203234252,0.670950144,0.762901798,-9818.45034,19648.90068,19689.79824
0.556226747,0.94103906,0.155144995,0.218193111,0.77741477,0.698861391,-9818.62911,19649.25822,19690.15578
0.730547929,0.903043213,0.274684034,0.265907314,0.711775813,0.794020509,-9818.84261,19649.68522,19690.58278
0.312261849,0.90000445,0.348475651,0.442911583,0.806650768,0.647034451,-9819.23748,19650.47496,19691.37252
0.534238686,0.880497249,0.235855649,0.426166334,0.834069789,0.734470208,-9819.33407,19650.66814,19691.5657
0.723416069,0.900049605,0.264411659,0.239140833,0.714922195,0.739173359,-9819.48683,19650.97366,19691.87122
0.218969218,0.873150627,0.30087364,0.272176331,0.72834069,0.726120422,-9820.32234,19652.64468,19693.54224
0.386246852,0.941729575,0.129178883,0.269693729,0.739884369,0.684898023,-9820.56807,19653.13614,19694.0337
0.558628466,0.969535851,0.097786161,0.358403237,0.70017391,0.680568826,-9821.04399,19654.08798,19694.98554
0.290222944,0.981101221,0.100353586,0.482009174,0.705520011,0.71286331,-9821.08825,19654.1765,19695.07406
0.311521435,0.952801357,0.150280694,0.218960202,0.708333372,0.770044917,-9821.09887,19654.19774,19695.0953
0.692066737,0.973733839,0.108404508,0.364060163,0.699744673,0.746534543,-9821.73691,19655.47382,19696.37138
0.318241917,0.920677657,0.229463983,0.242771772,0.918318863,0.621076132,-9821.93836,19655.87672,19696.77428
0.596031332,0.976955641,0.107067636,0.351750759,0.695037882,0.733174693,-9822.68355,19657.3671,19698.26466
0.266173293,0.91254021,0.123869314,0.540080504,0.625626272,0.808728888,-9822.97067,19657.94134,19698.8389
0.335281405,0.910178231,0.237290582,0.214666761,0.851704354,0.619619116,-9823.64471,19659.28942,19700.18698
0.51697281,0.917789553,0.131907991,0.327069942,0.717701397,0.772562636,-9823.76606,19659.53212,19700.42968
0.650037976,0.870070899,0.238831087,0.299641274,0.789250821,0.6338443,-9823.96508,19659.93016,19700.82772
0.036807822,0.976738008,0.107648953,0.589415156,0.700789077,0.667496508,-9824.7818,19661.5636,19702.46116
0.696461733,0.974201334,0.10321869,0.421178829,0.756247298,0.612056656,-9824.8057,19661.6114,19702.50896
0.346165796,0.818163605,0.320811179,0.236702642,0.975675013,0.562093815,-9824.85258,19661.70516,19702.60272
0.599952879,0.943859272,0.207987981,0.197993677,0.694840132,0.771863446,-9825.95938,19663.91876,19704.81632
0.227221028,0.933910901,0.160508133,0.303400294,0.837995052,0.664218726,-9825.99568,19663.99136,19704.88892
0.208737009,0.919969699,0.239418095,0.239776082,0.803513645,0.664120809,-9825.99997,19663.99994,19704.8975
0.321952837,0.930737469,0.274278619,0.265221484,0.780525204,0.707365535,-9826.13792,19664.27584,19705.1734
0.617659307,0.897200429,0.16659691,0.229261607,0.715160301,0.753394406,-9826.75856,19665.51712,19706.41468
0.358212672,0.957390352,0.16772971,0.383671452,0.722642413,0.809125413,-9828.04973,19668.09946,19708.99702
0.616301056,0.957539613,0.110995716,0.292306724,0.67841373,0.764716548,-9828.75631,19669.51262,19710.41018
0.215567946,0.944643924,0.18948376,0.23765659,0.665440771,0.922599565,-9828.78069,19669.56138,19710.45894
0.420731085,0.961476712,0.10848137,0.427130739,0.893752122,0.557795061,-9829.09538,19670.19076,19711.08832
0.301544803,0.855600526,0.215345269,0.167734488,0.692437287,0.861209867,-9830.17069,19672.34138,19713.23894
0.815925266,0.95140017,0.125960263,0.487720276,0.786989693,0.59280306,-9830.17253,19672.34506,19713.24262
0.173825498,0.9030967,0.269613421,0.337442268,0.792494877,0.796070983,-9830.28666,19672.57332,19713.47088
0.599037298,0.916944973,0.165540355,0.346802882,0.700544744,0.847273664,-9830.5881,19673.1762,19714.07376
0.291817415,0.893711948,0.274196812,0.089416133,0.781332513,0.745923383,-9831.26872,19674.53744,19715.435
0.608538394,0.950957583,0.126190698,0.214345748,0.677234446,0.769438887,-9831.34598,19674.69196,19715.58952
0.279933342,0.850570214,0.385732215,0.236194832,0.851821821,0.745417856,-9831.772,19675.544,19716.44156
0.491694232,0.927622844,0.146518093,0.238620637,0.765627707,0.641870982,-9832.0688,19676.1376,19717.03516
0.676055131,0.900004371,0.238218204,0.214224285,0.699946575,0.71815508,-9832.72175,19677.4435,19718.34106
0.558025473,0.905040561,0.164278639,0.177422838,0.735705657,0.758517951,-9832.80464,19677.60928,19718.50684
0.227830417,0.979902606,0.156079972,0.409328008,0.706671641,0.664711077,-9832.89485,19677.7897,19718.68726
0.216884916,0.943717262,0.226385181,0.37142676,0.726429796,0.831740189,-9832.90577,19677.81154,19718.7091
0.584850605,0.968415048,0.1012506,0.32612732,0.711368514,0.742845686,-9832.9774,19677.9548,19718.85236
0.525434728,0.970319524,0.1038343,0.302594112,0.698070119,0.725500575,-9834.60336,19681.20672,19722.10428
0.360033379,0.896565645,0.142950317,0.275789712,0.711791258,0.753778322,-9834.80009,19681.60018,19722.49774
0.346604953,0.819716773,0.29828175,0.283933219,0.730193266,0.673428996,-9834.89089,19681.78178,19722.67934
0.255748175,0.953116547,0.186471614,0.147389357,0.728392927,0.776522421,-9835.19843,19682.39686,19723.29442
0.184116379,0.897545347,0.255525173,0.252038573,0.78341349,0.661642285,-9835.20593,19682.41186,19723.30942
0.596774924,0.899219145,0.179152935,0.188472545,0.832958648,0.641440126,-9835.26113,19682.52226,19723.41982
0.189115907,0.891691363,0.256598202,0.2375439,0.902453993,0.605304402,-9837.03701,19686.07402,19726.97158
0.518412419,0.980000922,0.099990777,0.685554635,0.821277881,0.599981553,-9837.15902,19686.31804,19727.2156
0.799566563,0.900006138,0.259555454,0.27694554,0.799930521,0.711959053,-9837.35073,19686.70146,19727.59902
0.270935499,0.952973886,0.202834354,0.203431869,0.75055404,0.705150569,-9837.5384,19687.0768,19727.97436
0.616417906,0.96939229,0.152121851,0.251734102,0.699876619,0.789776211,-9838.35647,19688.71294,19729.6105
0.293553708,0.97010345,0.100285171,0.540563313,0.700664928,0.766710898,-9838.38931,19688.77862,19729.67618
0.171429934,0.900003304,0.282126911,0.369551915,1.006657246,0.599992657,-9838.58225,19689.1645,19730.06206
0.615573865,0.854177752,0.311971393,0.146646815,0.834767279,0.704633984,-9838.78302,19689.56604,19730.4636
0.289774528,0.822622632,0.352875316,0.074564292,0.821648356,0.756196726,-9838.9276,19689.8552,19730.75276
0.554029413,0.942162609,0.163172408,0.158502395,0.790716154,0.716330047,-9839.02821,19690.05642,19730.95398
0.692401504,0.922147673,0.218725865,0.139893906,0.769680446,0.710145961,-9839.16577,19690.33154,19731.2291
0.389125512,0.978688662,0.258709497,0.727101361,0.699474342,0.742377069,-9839.38969,19690.77938,19731.67694
0.667880815,0.892383475,0.19836785,0.162539382,0.729923887,0.71654178,-9839.66901,19691.33802,19732.23558
0.341397723,0.900002722,0.266246938,0.323093727,0.78577318,0.611298702,-9839.69471,19691.38942,19732.28698
0.649712328,0.900002357,0.1780398,0.199343423,0.755692993,0.68855786,-9840.24751,19692.49502,19733.39258
0.587480503,0.970149218,0.101091996,0.2534826,0.695825394,0.71515749,-9840.50446,19693.00892,19733.90648
0.588075959,0.8351936,0.336545688,0.195405911,0.742182418,0.876683469,-9840.72664,19693.45328,19734.35084
0.230642968,0.861134047,0.416248789,0.456378678,0.940914053,0.647277597,-9841.15026,19694.30052,19735.19808
0.342823353,0.978943506,0.103412032,0.315296368,0.720477356,0.685684317,-9841.21001,19694.42002,19735.31758
0.379967763,0.962934213,0.142675962,0.26656899,0.794737935,0.701546644,-9841.65564,19695.31128,19736.20884
0.281382837,0.894256553,0.150829738,0.329591435,0.747169634,0.686942152,-9841.86739,19695.73478,19736.63234
0.336974556,0.900308705,0.233133086,0.175298062,0.897207377,0.597663449,-9841.88986,19695.77972,19736.67728
0.53497144,0.9578047,0.095610712,0.240122157,0.665788875,0.790919115,-9842.38546,19696.77092,19737.66848
0.580309178,0.895649482,0.185809066,0.320258549,0.814246617,0.584296059,-9842.80589,19697.61178,19738.50934
0.460873299,0.969835975,0.117417958,0.277743936,0.699805115,0.675180635,-9842.93819,19697.87638,19738.77394
0.505562729,0.92029504,0.150771932,0.14098926,0.760400056,0.686385787,-9843.04102,19698.08204,19738.9796
0.24941146,0.900002167,0.362233692,0.402110693,0.930586537,0.599995185,-9843.63413,19699.26826,19740.16582
0.730148097,0.954075474,0.247726084,0.452218233,0.869431176,0.637577979,-9843.83149,19699.66298,19740.56054
0.603014733,0.88016724,0.168767817,0.230753598,0.735215313,0.681486722,-9844.07029,19700.14058,19741.03814
0.316221562,0.950722324,0.138178986,0.252630042,0.763719792,0.654883951,-9844.13008,19700.26016,19741.15772
0.475117719,0.893463115,0.218367539,0.17617695,0.805953739,0.630710602,-9844.30481,19700.60962,19741.50718
0.693785224,0.942397832,0.217137401,0.196637218,0.820692667,0.689096377,-9844.92173,19701.84346,19742.74102
0.298002059,0.900793622,0.278763261,0.274722737,0.845572542,0.599000652,-9845.86183,19703.72366,19744.62122
0.735662719,0.893448716,0.290666298,0.368518594,0.664558952,0.966140024,-9845.93184,19703.86368,19744.76124
0.093243252,0.951932593,0.154013107,0.265762013,0.695358567,0.739896467,-9846.20412,19704.40824,19745.3058
0.618387614,0.960099406,0.141546547,0.212488692,0.694322549,0.707163341,-9846.44202,19704.88404,19745.7816
0.286194775,0.979947503,0.153429086,0.325021408,0.706786749,0.758066423,-9846.45093,19704.90186,19745.79942
0.442949129,0.839970655,0.428994294,0.257156092,0.906096854,0.657655045,-9846.7884,19705.5768,19746.47436
0.210496137,0.9012581,0.247964327,0.260252425,1.003690482,0.599385676,-9847.08693,19706.17386,19747.07142
0.195927851,0.899149656,0.200465974,0.192705997,0.778637123,0.717291251,-9847.26588,19706.53176,19747.42932
0.565176187,0.8998722,0.309711357,0.527889998,0.783729422,0.820014781,-9847.32703,19706.65406,19747.55162
0.394434111,0.900461896,0.35576837,0.344183233,0.901616662,0.600511702,-9847.59149,19707.18298,19748.08054
0.213667284,0.914675878,0.295459697,0.311338674,0.849706632,0.607875275,-9848.60921,19709.21842,19750.11598
0.20999489,0.899354808,0.289103757,0.367324306,0.952718088,0.664004486,-9849.46267,19710.92534,19751.8229
0.193218156,0.947997487,0.152937775,0.23936686,0.730969261,0.771390671,-9850.01727,19712.03454,19752.9321
0.388448173,0.963938347,0.120667316,0.185241212,0.703733776,0.785448306,-9850.56215,19713.1243,19754.02186
0.569428495,0.970035307,0.164367457,0.412212078,0.749035861,0.762381542,-9850.82059,19713.64118,19754.53874
0.620635215,0.77579134,0.453198256,0.239226703,0.934167267,0.67155225,-9851.29036,19714.58072,19755.47828
0.164304044,0.900753547,0.346346335,0.307515661,0.956992973,0.612720325,-9851.29292,19714.58584,19755.4834
0.547591438,0.967105164,0.098361364,0.228842665,0.699625763,0.75242533,-9851.54802,19715.09604,19755.9936
0.322793447,0.974774177,0.090124376,0.32363006,0.724715849,0.676773021,-9852.23351,19716.46702,19757.36458
0.612814763,0.969948042,0.100059156,0.233423446,0.699959086,0.723007869,-9852.35802,19716.71604,19757.6136
0.644568411,0.960518112,0.115482442,0.274096426,0.702000896,0.673708238,-9852.38723,19716.77446,19757.67202
0.248600588,0.979940294,0.099996969,0.314754864,0.699966662,0.726354645,-9852.46487,19716.92974,19757.8273
0.701848031,0.902198598,0.211349337,0.156159941,0.697870131,0.732246768,-9852.67635,19717.3527,19758.25026
0.342007654,0.900173818,0.182811471,0.32746398,0.699976451,0.642903985,-9853.26303,19718.52606,19759.42362
0.685775048,0.900005591,0.326008812,0.303729152,0.921353519,0.599987576,-9853.43542,19718.87084,19759.7684
0.466571726,0.967768656,0.125411997,0.328108622,0.972532592,0.557096798,-9853.55637,19719.11274,19760.0103
0.593555108,0.96927849,0.164743833,0.180314371,0.73891253,0.705164931,-9853.5945,19719.189,19760.08656
0.541681718,0.900713062,0.27953055,0.467325054,0.69884133,0.600483869,-9854.40134,19720.80268,19761.70024
0.42925288,0.959468857,0.090752506,0.262864536,0.75034332,0.661362179,-9854.45827,19720.91654,19761.8141
0.777697911,0.941787908,0.191062911,0.289981945,0.754678597,0.636394219,-9854.81916,19721.63832,19762.53588
0.597320053,0.901206589,0.244178451,0.101080708,0.827139402,0.653271019,-9855.79343,19723.58686,19764.48442
0.298726309,0.947724612,0.291909411,0.254801512,0.749856875,0.756234025,-9855.84732,19723.69464,19764.5922
0.578741407,0.981602725,0.109648538,0.306460233,0.719639812,0.734701051,-9856.44012,19724.88024,19765.7778
0.639759227,0.918676479,0.131642861,0.255797393,0.773481138,0.679232317,-9856.49991,19724.99982,19765.89738
0.242411168,0.900003181,0.323211323,0.153676329,0.78649313,0.778624268,-9856.50741,19725.01482,19765.91238
0.140896822,0.887027589,0.283945865,0.177370331,0.853401901,0.652561928,-9856.63366,19725.26732,19766.16488
0.626558668,0.959575633,0.108868794,0.244045102,0.736516987,0.740158633,-9856.8517,19725.7034,19766.60096
0.325950498,0.961109327,0.089528639,0.295004046,0.701961061,0.691259762,-9857.09045,19726.1809,19767.07846
0.391439045,0.951889513,0.090921023,0.340561501,0.677589159,0.66834671,-9857.50339,19727.00678,19767.90434
0.602168256,0.943903696,0.14884403,0.113340581,0.713466014,0.754212259,-9857.84218,19727.68436,19768.58192
0.172941723,0.906213777,0.275864909,0.054777008,0.702094017,0.814785325,-9858.11555,19728.2311,19769.12866
0.432315208,0.89314448,0.184959361,0.368238288,0.80472595,0.552892463,-9858.7673,19729.5346,19770.43216
0.518340241,0.9142079,0.327047411,0.168967678,0.74035071,0.811651843,-9858.78352,19729.56704,19770.4646
0.56639551,0.896006935,0.272434866,0.207491822,0.697476378,0.701889936,-9858.79082,19729.58164,19770.4792
0.577513782,0.968225207,0.189397224,0.203476547,0.742954335,0.695620277,-9859.06274,19730.12548,19771.02304
0.569189327,0.969974939,0.099998721,0.265391131,0.699985935,0.670709631,-9859.66748,19731.33496,19772.23252
0.18442807,0.969587247,0.118563358,0.294487706,0.731143806,0.711634702,-9859.7943,19731.5886,19772.48616
0.333784459,0.983867293,0.146475428,0.272978395,0.740635168,0.674069334,-9860.28731,19732.57462,19773.47218
0.297314059,0.923919449,0.224892261,0.099450249,0.789416719,0.780349997,-9860.30618,19732.61236,19773.50992
0.618796754,0.900461527,0.334185745,0.190145303,0.732406157,0.853348029,-9860.79098,19733.58196,19774.47952
0.496821843,0.936592284,0.145772958,0.213059241,0.962624347,0.577654066,-9861.00477,19734.00954,19774.9071
0.412602272,0.953774592,0.183899492,0.1700773,0.743080735,0.683845989,-9861.14169,19734.28338,19775.18094
0.241031819,0.978560019,0.181545813,0.241304848,0.702158643,0.746880639,-9861.4482,19734.8964,19775.79396
0.610052547,0.968226993,0.098225874,0.256140719,0.712160409,0.721569934,-9862.79927,19737.59854,19778.4961
-0.054575855,0.897796034,0.295550942,0.380988039,0.898700322,0.600925664,-9863.24532,19738.49064,19779.3882
0.391621158,0.979083803,0.098420138,0.252973933,0.700209196,0.677916348,-9863.3108,19738.6216,19779.51916
0.172120155,0.967112228,0.227826298,0.309297945,0.847774891,0.643094097,-9863.50096,19739.00192,19779.89948
0.06657016,0.924915486,0.288117997,0.428326806,0.947159559,0.639300013,-9864.04922,19740.09844,19780.996
0.681331619,0.972117624,0.099953329,0.220275936,0.703079685,0.721371859,-9864.21354,19740.42708,19781.32464
0.064597078,0.85678919,0.440288306,0.48253858,0.623177418,0.965614828,-9864.55716,19741.11432,19782.01188
0.59012914,0.91943147,0.11165662,0.271070655,0.707497153,0.74444805,-9864.93122,19741.86244,19782.76
0.422172272,0.978086198,0.118032135,0.248599834,0.750747115,0.673804513,-9865.3846,19742.7692,19783.66676
0.114839675,0.918104123,0.228891339,0.201156303,0.754940138,0.840830288,-9865.82212,19743.64424,19784.5418
0.464957467,0.933625919,0.231843084,0.497410699,1.008301882,0.608384569,-9865.89968,19743.79936,19784.69692
0.552141865,0.898795979,0.28316522,0.109322368,0.730005753,0.708408234,-9867.18957,19746.37914,19787.2767
0.539777015,0.900625614,0.377701953,0.31603783,0.87149262,0.707155904,-9867.28076,19746.56152,19787.45908
0.761923746,0.900037537,0.272935133,0.205281215,0.761338599,0.676458579,-9867.92719,19747.85438,19788.75194
0.67436252,0.925299939,0.238099227,0.211719509,0.797035068,0.62545094,-9868.51652,19749.03304,19789.9306
0.634638647,0.963551618,0.101315762,0.192326804,0.706462128,0.745741714,-9868.54754,19749.09508,19789.99264
0.355093846,0.87565395,0.298795053,0.45771456,0.91024346,0.729928385,-9868.90619,19749.81238,19790.70994
0.654803304,0.971564663,0.20856983,0.221636697,0.739235273,0.715993908,-9869.35765,19750.7153,19791.61286
0.150799371,0.899311255,0.377219067,0.387508642,0.899166983,0.600880246,-9870.36945,19752.7389,19793.63646
0.585127552,0.816550168,0.247403533,0.383990474,0.792909574,0.784771925,-9870.67764,19753.35528,19794.25284
0.197845629,0.977771424,0.101262078,0.240714066,0.71212761,0.722153303,-9870.88994,19753.77988,19794.67744
0.21885187,0.89956738,0.181909084,0.473097927,0.69764958,0.896714992,-9870.93206,19753.86412,19794.76168
0.934258083,0.979715535,0.100505371,0.978287152,0.699618602,0.60027166,-9871.16356,19754.32712,19795.22468
0.64306992,0.909540399,0.165217603,0.193842025,0.71855571,0.664872016,-9871.81319,19755.62638,19796.52394
0.281514174,0.901377104,0.232167198,0.493033553,0.699742446,0.962690622,-9872.46977,19756.93954,19797.8371
0.671095307,0.971489662,0.121814413,0.195382021,0.754238796,0.668721936,-9873.45889,19758.91778,19799.81534
0.337452499,0.934753429,0.215773471,0.182598847,0.846651144,0.597065302,-9873.46333,19758.92666,19799.82422
0.284183748,0.978477271,0.182483308,0.276609697,0.747613378,0.711572329,-9874.10991,19760.21982,19801.11738
0.30480776,0.903409225,0.313590488,0.138138742,0.900952444,0.621868436,-9875.36173,19762.72346,19803.62102
0.594718733,0.953735728,0.11858312,0.246200399,0.730132609,0.63475075,-9876.15131,19764.30262,19805.20018
0.615217114,0.898068347,0.151448248,0.204019132,0.681872108,0.854780572,-9876.63454,19765.26908,19806.16664
0.329919427,0.979489459,0.144349085,0.355370429,0.790544018,0.597104324,-9876.96436,19765.92872,19806.82628
0.76316859,0.968691,0.09891766,0.23469818,0.700645583,0.694388137,-9877.2529,19766.5058,19807.40336
0.131681089,0.922919831,0.266227896,0.129215041,0.908910258,0.630438518,-9877.84456,19767.68912,19808.58668
0.399032423,0.903136787,0.237421974,0.443218358,0.96883187,0.658487368,-9878.43117,19768.86234,19809.7599
0.520944197,0.969941024,0.197170906,0.057660279,0.699597915,0.781697542,-9879.01188,19770.02376,19810.92132
0.366482613,0.970001036,0.09999482,0.177338786,0.754912162,0.712681963,-9880.0896,19772.1792,19813.07676
0.318983438,0.981014246,0.083861435,0.361328619,0.76140289,0.61907867,-9880.22432,19772.44864,19813.3462
0.172425505,0.972093006,0.109274585,0.360862629,0.872921125,0.609233225,-9880.79435,19773.5887,19814.48626
0.214716918,0.979969074,0.09999843,0.317854071,0.739390886,0.719084136,-9880.94203,19773.88406,19814.78162
0.631825115,0.900012067,0.276222915,0.257690827,0.699852518,0.672975494,-9881.99464,19775.98928,19816.88684
0.645190329,0.905628409,0.188414182,0.147260223,0.70496227,0.891202779,-9883.12632,19778.25264,19819.1502
0.305606548,0.984181076,0.112374489,0.240182322,0.688399395,0.701197746,-9883.46928,19778.93856,19819.83612
0.21229432,0.967643773,0.100071542,0.250743401,0.69718133,0.684492386,-9883.52889,19779.05778,19819.95534
0.594163425,0.878025031,0.305182706,0.252877432,0.736580259,0.925569392,-9884.04252,19780.08504,19820.9826
0.55108612,0.943628145,0.131425266,0.176696537,0.729884198,0.649423505,-9884.64734,19781.29468,19822.19224
0.637690772,0.911871417,0.277445635,0.196681242,0.753998226,0.863263201,-9885.2408,19782.4816,19823.37916
0.573014763,0.971699629,0.192548922,0.216684279,0.733498628,0.685350751,-9885.44284,19782.88568,19823.78324
0.142835198,0.960673123,0.140832798,0.219721532,0.769108525,0.651965584,-9885.84176,19783.68352,19824.58108
0.734936013,0.871727514,0.351693149,0.025126653,0.661036095,0.887012398,-9886.32099,19784.64198,19825.53954
0.79040119,0.978254554,0.095967733,0.20966045,0.701483958,0.775048525,-9887.68437,19787.36874,19828.2663
0.095299148,0.981920355,0.076689362,0.58740224,0.815161381,0.582210032,-9887.81875,19787.6375,19828.53506
0.964998456,0.850630016,0.375822412,0.73554008,0.680793276,0.683040513,-9888.01585,19788.0317,19828.92926
1.306395888,0.967094777,0.243314053,0.46724797,0.892990011,0.594521944,-9888.71883,19789.43766,19830.33522
0.31566026,0.957103278,0.08593635,0.231814443,0.700948533,0.743822115,-9888.90964,19789.81928,19830.71684
0.094944427,0.900003392,0.319252248,0.249497539,0.899951003,0.599992462,-9888.99499,19789.98998,19830.88754
0.252984515,0.942261346,0.210611133,0.069029798,0.769223095,0.703110373,-9889.71117,19791.42234,19832.3199
0.710666123,0.974696579,0.094123863,0.199971956,0.730960285,0.722761849,-9890.83047,19793.66094,19834.5585
0.428880222,0.937080396,0.118645562,0.061813302,0.71999846,0.716480709,-9891.63244,19795.26488,19836.16244
0.346963871,0.91457245,0.154622704,0.266995017,0.803270952,0.581129151,-9892.21143,19796.42286,19837.32042
0.190076489,0.979623835,0.100112177,0.203602123,0.710927706,0.684794675,-9892.25049,19796.50098,19837.39854
0.450954376,0.988058932,0.16739994,0.496015925,0.736679648,0.765327107,-9892.29844,19796.59688,19837.49444
0.420911651,0.931165576,0.096872603,0.247090961,0.770378627,0.654574456,-9892.61184,19797.22368,19838.12124
0.430748801,0.971815561,0.101370289,0.143995511,0.703946471,0.71090003,-9893.77363,19799.54726,19840.44482
0.221710338,0.979945527,0.103498944,0.248216728,0.699969583,0.67219398,-9893.81829,19799.63658,19840.53414
0.78970411,0.929648467,0.229473546,0.186270539,0.756742266,0.652805734,-9893.99711,19799.99422,19840.89178
0.721009526,0.980002027,0.099979734,0.312100713,0.699777074,0.815011905,-9894.26553,19800.53106,19841.42862
0.080947124,0.899974679,0.342419846,0.253247523,0.899796356,0.599973097,-9895.39684,19802.79368,19843.69124
0.308369499,0.891430894,0.347467897,0.079852768,0.954835049,0.618639485,-9895.69332,19803.38664,19844.2842
0.81030925,0.916890314,0.296352941,0.213062426,0.664209621,0.756213355,-9895.96055,19803.9211,19844.81866
0.433890557,0.899895538,0.171717154,0.217820272,0.700033283,0.647220882,-9897.3276,19806.6552,19847.55276
1.274860654,0.980009347,0.099954911,0.408804678,0.699751996,0.686153957,-9897.68654,19807.37308,19848.27064
0.645478695,0.972871602,0.195005593,0.091343737,0.711229491,0.764233824,-9897.89273,19807.78546,19848.68302
0.315994838,0.96937977,0.122109894,0.321853926,0.826911288,0.694416764,-9898.16259,19808.32518,19849.22274
0.322007522,0.978497939,0.089139718,0.195682361,0.733632352,0.670493531,-9899.60985,19811.2197,19852.11726
0.402062246,0.982019895,0.096886592,0.279819858,0.781863332,0.604532105,-9900.29812,19812.59624,19853.4938
0.387685809,0.958676481,0.169713366,0.831601224,0.964994016,0.560917674,-9900.46768,19812.93536,19853.83292
-0.049447575,0.969397729,0.220787648,0.215029745,0.801626374,0.716434796,-9900.93594,19813.87188,19854.76944
0.268295509,0.931535684,0.327537216,0.357002277,0.82991966,0.766725003,-9901.95634,19815.91268,19856.81024
0.664113885,0.971753577,0.110242572,0.176065376,0.723844696,0.659215072,-9902.41417,19816.82834,19857.7259
0.529247639,0.969937817,0.265010289,0.218266403,0.758336438,0.742447772,-9903.53449,19819.06898,19859.96654
0.607904305,0.900014966,0.465590936,0.805915817,0.769746307,0.599932912,-9903.84763,19819.69526,19860.59282
0.165918054,0.980005044,0.100031107,0.155388162,0.69994774,0.772636123,-9904.46642,19820.93284,19861.8304
0.356976837,0.965215754,0.08319967,0.199178078,0.711328984,0.675980372,-9904.65783,19821.31566,19862.21322
0.264254561,0.954547363,0.14269955,-0.074036815,0.687480203,0.82785556,-9905.89004,19823.78008,19864.67764
2.646470658,0.986488886,0.272409024,0.82557943,0.809756118,0.534273782,-9906.50536,19825.01072,19865.90828
0.061384014,0.898953972,0.352037993,0.151884967,0.995105218,0.602763883,-9906.68184,19825.36368,19866.26124
0.854851852,0.898192827,0.3973635,0.553915879,0.70067092,0.895828837,-9907.21512,19826.43024,19867.3278
0.521183806,0.969871051,0.096321938,0.182702554,0.730172314,0.65570809,-9907.48697,19826.97394,19867.8715
0.324349362,0.979959161,0.113476625,0.083970535,0.71184476,0.720563105,-9907.56257,19827.12514,19868.0227
1.061248509,0.971261704,0.148108914,0.37272144,0.634454582,0.662812643,-9907.84395,19827.6879,19868.58546
0.833364969,0.900018046,0.195487121,0.300348933,0.87934639,0.634938828,-9908.5352,19829.0704,19869.96796
0.343632324,0.966233372,0.100580186,0.217542818,0.694470886,0.65602832,-9909.00406,19830.00812,19870.90568
0.526933669,0.857016436,0.397828067,-0.061646548,0.714985947,0.944792359,-9909.17431,19830.34862,19871.24618
1.019855328,0.970003887,0.099980565,0.462608333,0.69978621,0.759740419,-9910.6508,19833.3016,19874.19916
0.899478795,0.90001493,0.370580177,0.430580923,0.841605741,0.599966822,-9911.71904,19835.43808,19876.33564
0.910242532,0.946276209,0.121904118,0.385109368,0.744215636,0.704213183,-9912.05101,19836.10202,19876.99958
0.324118418,0.978262546,0.192676623,0.125532896,0.761897628,0.70122483,-9912.17141,19836.34282,19877.24038
0.361777079,0.899976748,0.418849761,0.37592309,0.899959779,0.600034956,-9913.13952,19838.27904,19879.1766
0.824031893,0.969904554,0.259998461,0.391082466,0.776411423,0.770677714,-9913.19628,19838.39256,19879.29012
0.756357467,0.969638813,0.195081965,0.040537434,0.69938542,0.845279231,-9913.35594,19838.71188,19879.60944
0.754157843,0.931701197,0.183100344,0.185134311,1.058504126,0.547893662,-9914.06723,19840.13446,19881.03202
0.441750139,0.977900008,0.082352952,0.213308283,0.767257278,0.642340295,-9914.15143,19840.30286,19881.20042
0.209448369,0.900003181,0.35566876,0.192001215,0.89995405,0.599992931,-9914.21845,19840.4369,19881.33446
0.270028951,0.984312972,0.169603805,0.131101818,0.763131271,0.717655832,-9915.9351,19843.8702,19884.76776
0.602054212,0.902807899,0.11137829,0.18428776,0.714913308,0.718775076,-9916.02096,19844.04192,19884.93948
0.336069382,0.899953567,0.100011519,0.646702748,0.74661702,0.599924464,-9916.42133,19844.84266,19885.74022
0.363901351,0.899857719,0.383344126,0.255589266,0.899902135,0.599984944,-9916.51148,19845.02296,19885.92052
0.551546165,0.90000279,0.108291892,0.150731268,0.699965901,0.726454979,-9917.06446,19846.12892,19887.02648
0.157548903,0.97941506,0.212459644,0.204199024,0.820512709,0.634340747,-9919.42371,19850.84742,19891.74498
0.632757371,0.970010073,0.306813914,0.354423184,0.846233923,0.654844251,-9919.66482,19851.32964,19892.2272
0.216081796,0.971138371,0.083221745,0.246379205,0.698499356,0.658325591,-9924.16169,19860.32338,19901.22094
0.696855317,0.973278534,0.111356429,0.195073325,0.766128208,0.619284813,-9924.20881,19860.41762,19901.31518
0.170714654,0.899286955,0.328051601,0.124089888,0.899578818,0.60488119,-9924.47135,19860.9427,19901.84026
0.220202659,0.933316729,0.147006735,0.149640274,0.696123261,0.687043432,-9925.73718,19863.47436,19904.37192
0.349032801,0.90000414,0.363147021,0.158422532,0.699949397,0.743907995,-9926.23536,19864.47072,19905.36828
-0.242622816,0.969761934,0.100577065,0.802245787,0.69990236,0.5993156,-9927.13331,19866.26662,19907.16418
0.206216234,0.918135653,0.132690053,0.157493689,0.721326767,0.707953496,-9927.33359,19866.66718,19907.56474
0.776237647,0.801786469,0.450284102,0.271229449,0.76794141,0.883727157,-9927.63827,19867.27654,19908.1741
0.090872234,0.829998801,0.27332872,0.111913694,0.752583395,0.875127749,-9928.54232,19869.08464,19909.9822
0.299561693,0.978775232,0.085087256,0.205487084,0.75692927,0.619607438,-9928.70441,19869.40882,19910.30638
0.583197726,0.967267465,0.239195124,0.053849067,0.793098174,0.735661251,-9928.73089,19869.46178,19910.35934
0.663272975,0.830644202,0.168316509,0.181778638,0.678147573,0.750585591,-9929.12962,19870.25924,19911.1568
0.205585394,0.963734845,0.102983176,0.1618363,0.700254257,0.678651833,-9929.30985,19870.6197,19911.51726
0.417143601,0.981012673,0.20813006,0.178841378,0.86903264,0.602593648,-9930.34043,19872.68086,19913.57842
0.25413445,0.967288249,0.161529203,0.221093911,0.769374719,0.598777937,-9931.17825,19874.3565,19915.25406
0.282653094,0.900004921,0.362922082,0.665439738,0.899928924,0.754340982,-9933.52497,19879.04994,19919.9475
0.571249874,0.970003312,0.344671469,1.167987336,0.699874358,0.648154662,-9934.1572,19880.3144,19921.21196
0.388573168,0.969890887,0.099994433,0.213326152,0.699938763,0.634265465,-9934.27129,19880.54258,19921.44014
0.60682412,0.92594204,0.131596742,0.264982794,0.698212521,0.613793266,-9934.62988,19881.25976,19922.15732
0.295902258,0.962538175,0.10847011,0.226668357,0.775381792,0.592950642,-9934.9621,19881.9242,19922.82176
0.133332292,0.970074235,0.143550345,-0.085516573,0.672237345,0.826034814,-9935.72811,19883.45622,19924.35378
0.221560069,0.899953259,0.17360046,0.470202115,0.699553451,0.94566152,-9937.9251,19887.8502,19928.74776
0.536785934,0.958388638,0.148118588,0.171984552,0.73913705,0.614297227,-9939.42858,19890.85716,19931.75472
0.309554603,0.899227096,0.128399937,0.113643855,0.714770917,0.705132457,-9939.43088,19890.86176,19931.75932
0.295234627,0.9811516,0.10078714,0.209187904,0.699352377,0.648027531,-9939.67872,19891.35744,19932.255
0.604289648,0.970925501,0.165914167,0.181415692,0.739296746,0.626941544,-9940.56265,19893.1253,19934.02286
0.593939803,0.979481362,0.183872693,0.048311801,0.872730802,0.635376557,-9941.29731,19894.59462,19935.49218
0.584179127,0.970449224,0.26856834,0.164285009,0.877312356,0.665686715,-9941.77621,19895.55242,19936.44998
0.638594017,0.96997046,0.099790344,0.235317067,0.699830155,0.619275083,-9942.73267,19897.46534,19938.3629
-0.212691137,0.891028001,0.351648284,0.640849386,0.697634244,0.920210227,-9943.79919,19899.59838,19940.49594
0.901719361,0.900013335,0.426435188,0.899007855,0.751005208,0.800404647,-9945.7248,19903.4496,19944.34716
0.353403231,0.953987093,0.142727879,0.147226177,0.724189309,0.635317752,-9946.6237,19905.2474,19946.14496
0.328828568,0.898051695,0.401871384,0.141585058,0.717586924,0.750851335,-9947.14569,19906.29138,19947.18894
0.754048292,0.903761812,0.386842927,-0.03106835,0.711167958,0.907517014,-9947.18489,19906.36978,19947.26734
0.39744631,0.97604387,0.102606858,0.203773257,0.744422219,0.609593287,-9950.30226,19912.60452,19953.50208
0.277660308,0.977545086,0.122553365,0.202053245,0.738651197,0.614203603,-9952.74973,19917.49946,19958.39702
0.550753841,0.970760094,0.187399824,0.191166145,0.718613082,0.638726541,-9956.39193,19924.78386,19965.68142
0.443835562,0.980118246,0.143598712,-0.004333062,0.790680543,0.672311241,-9956.75155,19925.5031,19966.40066
0.829748807,0.958996339,0.298915225,0.136992451,0.711257606,0.742997726,-9957.12895,19926.2579,19967.15546
0.542859394,0.969376072,0.24958514,0.234731163,0.81375992,0.599707504,-9959.04714,19930.09428,19970.99184
0.251962972,0.930499697,0.154426788,0.167494293,0.703943699,0.64657412,-9959.33004,19930.66008,19971.55764
0.885082272,0.96918392,0.364859489,0.544629609,0.870094824,0.598585689,-9960.13468,19932.26936,19973.16692
0.310346948,0.898670472,0.403337084,0.070482255,0.69845496,0.78654924,-9961.37857,19934.75714,19975.6547
0.27580116,0.906876158,0.417431763,0.202300939,0.906156384,0.74803551,-9961.8839,19935.7678,19976.66536
-0.067427419,0.960317812,0.35510115,0.57244322,0.714828886,0.615359174,-9962.91428,19937.82856,19978.72612
0.391621003,0.972983216,0.18930441,0.273855147,0.725538409,0.602633915,-9963.12348,19938.24696,19979.14452
0.812720294,0.969870613,0.295511106,0.035783829,0.699927385,0.818854962,-9965.18703,19942.37406,19983.27162
0.564871202,0.897667893,0.440145134,0.154416369,0.709183122,0.79601683,-9966.06174,19944.12348,19985.02104
0.330344449,0.899841916,0.391643032,0.100840306,0.699907993,1.055084974,-9966.84214,19945.68428,19986.58184
0.438071381,0.899776611,0.395098692,0.182880034,0.742859748,0.690733026,-9967.10498,19946.20996,19987.10752
0.384066767,0.969538018,0.161383488,0.570140308,0.69879156,0.931404659,-9970.26651,19952.53302,19993.43058
0.43249743,0.976393376,0.188589764,0.032733872,0.89348294,0.621226093,-9971.35607,19954.71214,19995.6097
0.743431956,0.89721794,0.354666784,0.154694184,0.864987963,0.596791162,-9972.53971,19957.07942,19997.97698
0.517355029,0.899999591,0.234829444,0.088416273,0.786653637,0.600002048,-9975.3574,19962.7148,20003.61236
0.597585936,0.902967253,0.104529246,0.049611154,0.715776951,0.70720052,-9976.22278,19964.44556,20005.34312
0.29339876,0.975148895,0.151802558,0.218040513,0.714801709,0.619456689,-9977.41861,19966.83722,20007.73478
1.516224776,0.952278011,0.343649936,0.357338151,0.69914894,0.784448956,-9981.10063,19974.20126,20015.09882
0.290898796,0.979945743,0.230456869,0.264364447,0.767992887,0.600619525,-9981.46664,19974.93328,20015.83084
0.197059378,0.898882017,0.367661094,0.266923035,0.74216841,1.014887138,-9981.6244,19975.2488,20016.14636
0.3040827,0.979825382,0.108879624,0.151128577,0.713025079,0.864000215,-9982.57501,19977.15002,20018.04758
0.234339061,0.93532951,0.416541321,0.247628534,0.753790283,0.752406008,-9986.042,19984.084,20024.98156
0.327252135,0.894352544,0.139394056,0.164546506,0.715844238,0.639493073,-9986.27182,19984.54364,20025.4412
0.676395554,0.900709912,0.101218987,0.14213098,0.700243842,0.693976259,-9988.0205,19988.041,20028.93856
