Parameter,miu,be,sig,a,p,q,LogL,AIC,BIC
Estimate,0.649764108,0.960001369,0.174662062,0.58157414,3.119311784,23.89885958,-10000.4944,20012.98881,20053.88637
Estimate,0.67811739,0.966696007,0.135856164,0.530449058,3.044866978,23.85838794,-9983.32078,19978.64156,20019.53912
Estimate,0.611997512,0.942524651,0.195215086,0.555171028,2.995760339,23.97346946,-9970.361423,19952.72285,19993.62041
Estimate,0.600165157,0.934143512,0.177383298,0.56748405,2.997210961,23.90552236,-9966.767368,19945.53474,19986.4323
Estimate,0.667276912,0.954965307,0.111343212,0.569575265,2.977461903,23.93962234,-10006.13858,20024.27715,20065.17472
Estimate,0.622676193,0.953703449,0.140555867,0.513536449,3.031948846,23.95347941,-9985.210356,19982.42071,20023.31827
Estimate,0.646378915,0.965822243,0.105751444,0.526657947,3.003367473,23.9202851,-9990.817001,19993.634,20034.53156
Estimate,0.498610014,0.958376711,0.18418103,0.586627562,3.000310627,23.89855946,-9993.898265,19999.79653,20040.69409
Estimate,0.658940525,0.960918484,0.098481864,0.511752687,3.017731544,23.89958287,-10008.989,20029.97801,20070.87557
Estimate,0.665768941,0.958844893,0.103597758,0.536006254,3.000170143,23.91210898,-9996.936742,20005.87348,20046.77105
Estimate,0.658949486,0.959953541,0.153261683,0.500016384,3.097709472,23.8983006,-10001.82141,20015.64283,20056.54039
Estimate,0.601634736,0.930253893,0.151511146,0.549800439,2.995956849,23.86480636,-9968.71157,19949.42314,19990.3207
Estimate,0.64687031,0.96040256,0.100947591,0.555754245,3.065673635,23.89993309,-10006.67817,20025.35634,20066.2539
Estimate,0.665123559,0.951458397,0.203341137,0.565224769,3.088660548,24.11001117,-9992.309638,19996.61928,20037.51684
Estimate,0.669296982,0.949354713,0.145234132,0.512784202,2.992948697,23.94972385,-9995.342191,20002.68438,20043.58194
Estimate,0.733170608,0.932211534,0.166318788,0.510431713,3.049624848,23.93946348,-10000.64026,20013.28052,20054.17808
Estimate,0.650885616,0.958015037,0.14594406,0.553391764,3.025509386,23.9647743,-9975.939625,19963.87925,20004.77681
Estimate,0.753876633,0.959430779,0.125798519,0.523412394,3.081740702,23.87536894,-9999.355494,20010.71099,20051.60855
Estimate,0.337487655,0.960061227,0.147315212,0.520355064,3.131294795,23.95670409,-9984.423504,19980.84701,20021.74457
Estimate,0.597900402,0.949115905,0.14549176,0.496536579,3.034104923,23.89793886,-9999.400084,20010.80017,20051.69773
Estimate,0.652940204,0.959639137,0.136557436,0.500066111,3.024776572,23.8996882,-10008.66964,20029.33929,20070.23685
Estimate,0.679601354,0.925240391,0.223669094,0.555829618,2.94402129,23.92125092,-9979.043449,19970.0869,20010.98446
Estimate,0.550677166,0.950325549,0.184463848,0.528164226,3.056752146,24.13491254,-9981.155459,19974.31092,20015.20848
Estimate,0.62136404,0.967086211,0.13716464,0.560586523,2.983055511,23.8854235,-9988.904029,19989.80806,20030.70562
Estimate,0.765725219,0.954280042,0.121584039,0.555369091,3.021047948,23.89855363,-10008.39811,20028.79622,20069.69378
Estimate,0.642807161,0.960483647,0.125875899,0.566445337,2.999905696,23.89947776,-9984.457029,19980.91406,20021.81162
Estimate,0.645293392,0.955011467,0.132010457,0.553225578,2.980967679,23.89240784,-9983.963901,19979.9278,20020.82536
Estimate,0.64651437,0.96237538,0.101624415,0.54124375,3.023316761,23.89684347,-9993.698086,19999.39617,20040.29373
Estimate,0.637610775,0.953947757,0.157838927,0.5037475,3.038667028,23.90507839,-10002.85064,20017.70128,20058.59885
Estimate,0.626622139,0.960206149,0.122399635,0.50077235,3.010920458,23.89312044,-10006.46283,20024.92565,20065.82321
Estimate,0.634973351,0.962616345,0.109592393,0.558220315,3.005177461,23.90519449,-9999.392826,20010.78565,20051.68321
Estimate,0.649273332,0.960941168,0.115065312,0.504727731,3.006952742,23.89756542,-10005.84328,20023.68655,20064.58411
Estimate,0.534491736,0.955462902,0.135448027,0.51688234,2.984615457,23.93911161,-9985.512955,19983.02591,20023.92347
Estimate,0.637017908,0.969834062,0.107355025,0.568144897,3.002241483,24.00354859,-10006.41894,20024.83788,20065.73545
Estimate,0.692025744,0.961411054,0.1023738,0.540894527,2.99954695,23.90825418,-10004.20953,20020.41906,20061.31662
Estimate,0.666462672,0.9690894,0.128190087,0.536852417,2.996129591,23.90994182,-9992.271561,19996.54312,20037.44068
Estimate,0.708840226,0.944404475,0.19004506,0.576813722,2.996101689,23.80600369,-9989.283046,19990.56609,20031.46365
Estimate,0.483963243,0.939968741,0.164799262,0.498278557,3.243126398,23.91992326,-9970.021216,19952.04243,19992.93999
Estimate,0.65859693,0.959869863,0.119354628,0.559400168,2.991000827,23.91970072,-9991.050995,19994.10199,20034.99955
Estimate,0.645937718,0.957643586,0.104391294,0.548048352,2.998420599,23.90058485,-9996.391411,20004.78282,20045.68038
Estimate,0.709314174,0.945613382,0.143394309,0.54193453,3.028384634,24.01186433,-9985.255079,19982.51016,20023.40772
Estimate,0.642424941,0.960355247,0.119716543,0.498758653,3.00381398,23.90013608,-10008.38951,20028.77901,20069.67657
Estimate,0.627624881,0.943171913,0.199147187,0.517471946,3.099399371,23.94393278,-9987.818194,19987.63639,20028.53395
Estimate,0.595688892,0.976342534,0.110420408,0.515623608,3.009122425,23.89132824,-10006.49871,20024.99741,20065.89497
Estimate,0.742459581,0.960627028,0.1618148,0.529869616,2.999294951,23.8970345,-10002.71711,20017.43423,20058.33179
Estimate,0.64316929,0.957231593,0.125417126,0.497462747,3.015812217,23.96586188,-10007.77516,20027.55031,20068.44787
Estimate,0.480320046,0.959994024,0.118605078,0.49995174,3.174132665,23.89869409,-9989.122737,19990.24547,20031.14304
Estimate,0.627845394,0.959974875,0.144654649,0.499992269,2.999963923,23.89967788,-10008.38157,20028.76313,20069.66069
Estimate,0.424051418,0.961722428,0.106210629,0.511789889,2.997422768,24.31893529,-10003.90563,20019.81126,20060.70882
Estimate,0.453238808,0.959416403,0.176351104,0.599401801,3.053881658,24.19185987,-10004.47513,20020.95026,20061.84782
Estimate,0.647911124,0.959975368,0.099998737,0.523506381,2.999964631,23.89968421,-10003.88322,20019.76644,20060.664
Estimate,0.598348877,0.934179955,0.147491135,0.552133509,3.243570552,24.04289911,-9985.499825,19982.99965,20023.89721
Estimate,0.617577422,0.962432984,0.101225247,0.541808082,2.998739115,23.90320621,-9997.622044,20007.24409,20048.14165
Estimate,0.715160312,0.951578414,0.132506945,0.524437174,3.000585399,23.92705347,-9993.894546,19999.78909,20040.68665
Estimate,0.681967539,0.959988527,0.10001908,0.517283155,2.99997703,23.89926271,-10012.42513,20036.85027,20077.74783
Estimate,0.594927942,0.959344262,0.172903713,0.564940531,2.996983906,23.92256709,-9978.641995,19969.28399,20010.18155
Estimate,0.600162818,0.958278335,0.16807028,0.567474637,3.002193552,23.89979114,-9981.171822,19974.34364,20015.2412
Estimate,0.653446706,0.950817197,0.153632618,0.498113902,3.033324224,23.91976515,-10005.5057,20023.0114,20063.90896
Estimate,0.651341518,0.958846701,0.13544898,0.54537358,3.031827842,23.90325853,-9978.365789,19968.73158,20009.62914
Estimate,0.725900768,0.959955796,0.121631639,0.562578989,3.05593649,23.89943328,-10003.31565,20018.6313,20059.52886
Estimate,0.518961834,0.958923794,0.134445006,0.573608505,3.002295653,23.89885282,-9977.604118,19967.20824,20008.1058
Estimate,0.696865255,0.959533472,0.111754392,0.54321082,2.978168989,23.89612741,-9998.066226,20008.13245,20049.03001
Estimate,0.296471337,0.960004366,0.13756609,0.499924287,3.073192972,23.90354027,-10014.74575,20041.4915,20082.38906
Estimate,0.662354868,0.95508936,0.110795079,0.550704092,3.017138296,23.98488409,-9998.393802,20008.7876,20049.68517
Estimate,0.651512179,0.95967514,0.117293113,0.56757809,3.006820324,23.90021045,-9995.905614,20003.81123,20044.70879
Estimate,0.591910177,0.920149453,0.197780188,0.592848778,3.006285515,24.1711422,-9971.660078,19955.32016,19996.21772
Estimate,0.711133775,0.947611823,0.139032282,0.532124907,3.047931978,23.94047157,-9991.189366,19994.37873,20035.27629
Estimate,0.605699804,0.959953463,0.142181614,0.499985681,2.999933177,23.91379345,-10005.21612,20022.43224,20063.32981
Estimate,0.590973182,0.944605697,0.152232277,0.520441269,3.033856636,23.94692901,-9975.949869,19963.89974,20004.7973
Estimate,0.562346855,0.959913803,0.099986319,0.500031373,3.166366833,23.89813547,-9996.425663,20004.85133,20045.74889
Estimate,0.765084,0.942091629,0.135461135,0.516787835,3.030101486,23.92682444,-10008.99927,20029.99854,20070.8961
Estimate,0.660914623,0.960025305,0.13370495,0.543291616,2.999864148,23.89945684,-9987.620096,19987.24019,20028.13775
Estimate,0.642658242,0.957446818,0.100874437,0.540120112,3.074328454,23.90987073,-10002.58804,20017.17608,20058.07364
Estimate,0.632127599,0.966658962,0.17040916,0.55453803,3.023036803,23.91540967,-9997.850189,20007.70038,20048.59794
Estimate,0.613870071,0.960791185,0.100013723,0.537641562,3.013035727,23.92037983,-10000.7651,20013.53019,20054.42775
Estimate,0.638637293,0.965040874,0.133208371,0.561109368,2.999958951,23.89577343,-9981.823658,19975.64732,20016.54488
Estimate,0.658315376,0.966595388,0.107609669,0.51599,2.981778728,23.89832904,-10006.8119,20025.62381,20066.52137
Estimate,0.590191054,0.934381901,0.175442616,0.550385239,2.974826976,23.89278082,-9958.938404,19929.87681,19970.77437
Estimate,0.447195601,0.944993605,0.132418197,0.51136483,3.04523761,24.07049727,-9985.588612,19983.17722,20024.07479
Estimate,0.501403646,0.901884074,0.218788716,0.534463125,3.082153094,23.82345639,-9962.31029,19936.62058,19977.51814
Estimate,0.604514929,0.946431681,0.122267649,0.544313976,3.048171655,23.93826225,-9981.629296,19975.25859,20016.15615
Estimate,0.54065854,0.967256987,0.122645754,0.511408156,3.007928454,23.89573198,-9994.278197,20000.55639,20041.45395
Estimate,0.668910419,0.959962565,0.139559882,0.507646652,3.05175148,23.89948957,-9995.832378,20003.66476,20044.56232
Estimate,0.60962743,0.970922523,0.119463717,0.514384529,3.037706722,23.88975229,-9996.214345,20004.42869,20045.32625
Estimate,0.622627759,0.963108478,0.160606374,0.543090801,3.038014798,23.92650598,-9990.724007,19993.44801,20034.34558
Estimate,0.602785556,0.956552102,0.100958222,0.526456916,3.001724006,23.90011539,-9997.298165,20006.59633,20047.49389
Estimate,0.654435155,0.960000532,0.165876745,0.519850253,2.999953135,23.89958247,-9998.463319,20008.92664,20049.8242
Estimate,0.690253219,0.932348047,0.224988168,0.577166756,2.99088684,23.92248075,-9991.320743,19994.64149,20035.53905
Estimate,0.661476347,0.960000564,0.099998119,0.536309621,2.999947333,23.89952976,-10000.441,20012.88201,20053.77957
Estimate,0.609339415,0.959969808,0.157737585,0.546438168,2.999957698,23.89962172,-9976.568727,19965.13745,20006.03502
Estimate,0.494553445,0.963168722,0.108586629,0.50779954,3.016839456,23.92881293,-10003.10828,20018.21656,20059.11412
Estimate,0.675617717,0.956015133,0.13634513,0.557674827,3.083224156,23.85445044,-9990.016152,19992.0323,20032.92987
Estimate,0.522701475,0.954280608,0.100327272,0.515671407,3.002518122,24.12900701,-10003.38921,20018.77843,20059.67599
Estimate,0.603767084,0.965228853,0.120774413,0.511180167,3.205044299,23.89885517,-9984.341934,19980.68387,20021.58143
Estimate,0.689179356,0.961422077,0.114685086,0.547098685,3.031390942,23.87819539,-9990.694333,19993.38867,20034.28623
Estimate,0.637026871,0.961942828,0.104925747,0.536089578,3.027870119,23.9003385,-9992.619255,19997.23851,20038.13607
Estimate,0.60176186,0.959933707,0.10323422,0.566762618,2.999954456,23.91705859,-10006.1792,20024.35841,20065.25597
Estimate,0.597992258,0.952091385,0.138156367,0.557912615,3.081679957,23.9044387,-9979.824719,19971.64944,20012.547
Estimate,0.584504318,0.959147158,0.147142273,0.500546226,3.000817615,23.90192859,-10009.99767,20031.99533,20072.89289
Estimate,0.655841888,0.960033044,0.100576251,0.507050008,3.007349667,23.89988561,-10012.11769,20036.23537,20077.13294
Estimate,0.671274655,0.963580657,0.099687609,0.525069923,3.053503423,23.93026779,-10005.26516,20022.53032,20063.42788
Estimate,0.688001111,0.975750627,0.112196568,0.521934045,3.012020995,24.16505035,-10003.74449,20019.48899,20060.38655
Estimate,0.708890065,0.957288844,0.20108966,0.535448139,3.031102601,23.90766434,-10003.0836,20018.16721,20059.06477
Estimate,0.657914087,0.964338538,0.129282635,0.543856352,2.9947142,23.8880923,-9983.417811,19978.83562,20019.73318
Estimate,0.632287505,0.960349837,0.100652538,0.540619051,2.999744974,23.90610126,-9997.666111,20007.33222,20048.22978
Estimate,0.386990356,0.960470835,0.101083874,0.572288654,2.995431789,24.51115359,-10012.31651,20036.63301,20077.53057
Estimate,0.626018517,0.957416716,0.14122259,0.54632255,3.004424005,23.91912254,-9973.264737,19958.52947,19999.42703
Estimate,0.674645068,0.964585745,0.114039807,0.524045468,3.009176793,23.89370613,-9997.763933,20007.52787,20048.42543
Estimate,0.592093076,0.960000526,0.13382491,0.562581353,3.077278905,23.89945805,-9979.334063,19970.66813,20011.56569
Estimate,0.691286134,0.95981713,0.099920326,0.555065135,3.000047074,23.89937929,-10012.08095,20036.1619,20077.05947
Estimate,0.582600225,0.95768085,0.098613516,0.509807802,3.112552483,23.89893995,-9996.107035,20004.21407,20045.11163
Estimate,0.659669023,0.958425115,0.105976009,0.527395323,3.000254274,23.89773214,-9999.15121,20010.30242,20051.19998
Estimate,0.656737829,0.933557199,0.157475979,0.558838572,3.041292672,23.96531721,-9974.21401,19960.42802,20001.32558
Estimate,0.58302503,0.959759654,0.100531191,0.557146435,3.027555612,23.89956688,-10007.08076,20026.16153,20067.05909
Estimate,0.490205954,0.954976788,0.155549264,0.584725438,3.029399475,23.92084425,-9981.175095,19974.35019,20015.24775
Estimate,0.6050288,0.959759218,0.099890089,0.499876031,3.290193532,23.89824354,-9998.669665,20009.33933,20050.23689
Estimate,0.690318199,0.957691369,0.104236395,0.518345679,3.011210877,23.90025598,-10006.11856,20024.23713,20065.13469
Estimate,0.636332052,0.939684383,0.195505442,0.515953658,3.016173845,23.94825216,-9993.408503,19998.81701,20039.71457
Estimate,0.666328828,0.960001353,0.105756033,0.518593477,3.000005274,23.89975689,-10004.1962,20020.39241,20061.28997
Estimate,0.524960781,0.96107298,0.096439657,0.534827204,3.012071838,23.90300179,-9988.86232,19989.72464,20030.6222
Estimate,0.647076128,0.96049936,0.102393716,0.548101053,3.087809435,23.89213784,-10004.39398,20020.78797,20061.68553
Estimate,0.540571326,0.967741768,0.133218517,0.524198907,2.982969815,23.96697666,-9993.294639,19998.58928,20039.48684
Estimate,0.603737276,0.960000735,0.114815725,0.574298082,3.047498142,23.91880869,-10005.30884,20022.61767,20063.51524
Estimate,0.640294249,0.97413492,0.123615916,0.519541775,2.998241322,23.87890371,-10002.05342,20016.10683,20057.00439
Estimate,0.56065191,0.924897647,0.153903187,0.570895394,3.013219996,24.08378394,-9969.931443,19951.86289,19992.76045
Estimate,0.43536624,0.963702534,0.107984336,0.498593224,3.124975651,23.88828485,-10001.94344,20015.88688,20056.78444
Estimate,0.667712803,0.960085723,0.208357062,0.547542866,3.037293575,23.89924642,-10005.92993,20023.85985,20064.75742
Estimate,0.806031536,0.966109805,0.146669142,0.533706993,3.115101873,23.91895143,-9995.349939,20002.69988,20043.59744
Estimate,0.641399864,0.96059026,0.101199927,0.534022723,3.018518919,23.89807365,-9999.735766,20011.47153,20052.36909
Estimate,0.715182062,0.958580683,0.105361294,0.514006267,3.059405107,23.89913513,-10008.69644,20029.39288,20070.29044
Estimate,0.390599198,0.959295271,0.135709248,0.507351501,3.34113931,23.89096501,-9976.920888,19965.84178,20006.73934
Estimate,0.674947903,0.961637211,0.124956262,0.50694656,3.003772985,23.9293135,-10000.765,20013.53,20054.42757
Estimate,0.565966061,0.945810287,0.124852217,0.520516145,2.978708694,23.98917851,-9981.632126,19975.26425,20016.16181
Estimate,0.646585919,0.95708437,0.146864053,0.504019026,3.008088641,23.89443232,-10003.29657,20018.59315,20059.49071
Estimate,0.698074048,0.967653968,0.149357838,0.528299983,3.046757347,23.96780887,-9990.891699,19993.7834,20034.68096
Estimate,0.784273199,0.940070021,0.154673051,0.509838679,3.159963,24.04846664,-10002.78891,20017.57783,20058.47539
Estimate,0.51146119,0.959411654,0.099459862,0.500603423,2.999495528,24.04535781,-10013.76589,20039.53178,20080.42934
Estimate,0.775582986,0.93538257,0.17956642,0.534463122,3.02698159,23.90713946,-9995.331086,20002.66217,20043.55973
Estimate,0.559503053,0.958076884,0.102270313,0.498215368,2.996112998,23.85433269,-10015.09082,20042.18164,20083.0792
Estimate,0.652696825,0.959989475,0.128673888,0.499996762,3.003774326,23.92178287,-10008.54714,20029.09427,20069.99184
Estimate,0.674644811,0.960000685,0.099997718,0.538397037,3.085756847,23.97360465,-10006.85498,20025.70996,20066.60752
Estimate,0.657140587,0.95166729,0.135995335,0.506123642,3.005153983,23.90537124,-9999.366262,20010.73252,20051.63009
Estimate,0.632339647,0.959986618,0.099999314,0.533012318,2.999980784,23.89982843,-9997.622174,20007.24435,20048.14191
Estimate,0.522344191,0.960581752,0.099524286,0.541979449,3.0340468,23.89840016,-9994.326338,20000.65268,20041.55024
Estimate,0.580973513,0.960001219,0.113796578,0.580108147,2.999886216,24.00617937,-9999.585812,20011.17162,20052.06919
Estimate,0.655983698,0.959953244,0.151786995,0.49996855,3.039063144,23.90639938,-10006.50846,20025.01692,20065.91448
Estimate,0.528732962,0.968138896,0.100006372,0.50056094,3.009478235,23.89562297,-10014.22696,20040.45392,20081.35148
Estimate,0.661438258,0.960001389,0.205119775,0.546676026,2.999870358,23.89884249,-10003.52055,20019.04111,20059.93867
Estimate,0.600327513,0.964112801,0.160139794,0.520261417,3.00251133,23.89605828,-9995.281859,20002.56372,20043.46128
Estimate,0.608139198,0.956396613,0.11399689,0.500278522,3.006753906,23.95331177,-10008.37713,20028.75425,20069.65182
Estimate,0.57844572,0.959945807,0.155429136,0.51126769,2.999922185,23.90194271,-10001.89451,20015.78902,20056.68658
Estimate,0.622303486,0.95943435,0.114155618,0.518485888,2.966895441,23.89638815,-9993.614107,19999.22821,20040.12577
Estimate,0.620246773,0.959953617,0.127411831,0.499985924,2.999933512,23.92726028,-10003.93145,20019.8629,20060.76046
Estimate,0.653330003,0.96108741,0.133628683,0.503025012,3.01396769,23.89052776,-10005.47589,20022.95177,20063.84933
Estimate,0.646929375,0.957447318,0.142030723,0.521630673,3.017231578,23.9034627,-9984.205641,19980.41128,20021.30884
Estimate,0.726865322,0.959735385,0.100078216,0.50036808,3.266544705,23.89766881,-10009.79768,20031.59537,20072.49293
Estimate,0.701017314,0.968297263,0.107646539,0.486151004,3.241939155,24.06523354,-10011.22976,20034.45952,20075.35708
Estimate,0.412962926,0.951443584,0.103756516,0.502867927,3.269826071,24.08778811,-9998.639802,20009.2796,20050.17716
Estimate,0.562276673,0.945887615,0.135204623,0.529983423,2.96967127,24.07313181,-9981.264758,19974.52952,20015.42708
Estimate,0.658575221,0.959979696,0.15998304,0.572190733,2.999970845,23.89973968,-9988.275365,19988.55073,20029.44829
Estimate,0.530952599,0.957519034,0.123093133,0.583747341,2.996001847,23.89857318,-9991.564719,19995.12944,20036.027
Estimate,0.635360935,0.95600424,0.123763587,0.525190738,2.995235732,23.87963571,-9986.73,19985.46,20026.35756
Estimate,0.692423394,0.959957275,0.185019503,0.593536848,2.999938652,23.89945225,-10005.99896,20023.99792,20064.89548
Estimate,0.652175774,0.95993898,0.11800999,0.535797363,3.059482498,23.89955176,-9992.055561,19996.11112,20037.00868
Estimate,0.666439193,0.959972104,0.113172138,0.543050191,3.009710492,23.89971803,-9992.677783,19997.35557,20038.25313
Estimate,0.583383881,0.907184455,0.20825031,0.536203332,3.007136871,23.94978873,-9967.39653,19946.79306,19987.69062
Estimate,0.64786688,0.95899336,0.099662516,0.49882437,3.207347308,23.90082707,-10007.11629,20026.23257,20067.13014
Estimate,0.683464261,0.959857214,0.100024908,0.530783589,2.999934382,23.89969129,-10003.25105,20018.50211,20059.39967
Estimate,0.667972119,0.960536118,0.125457913,0.530002583,3.034541396,23.90002882,-9987.339751,19986.6795,20027.57706
Estimate,0.619542125,0.960589149,0.143297674,0.562633907,2.999852027,23.97849323,-9980.882468,19973.76494,20014.6625
Estimate,0.500976441,0.961054256,0.216462664,0.567127048,3.022629472,23.93161656,-10008.98652,20029.97303,20070.87059
Estimate,0.626287763,0.95999688,0.099996692,0.523087036,3.001461696,23.91764618,-10000.94643,20013.89286,20054.79042
Estimate,0.656030021,0.961083061,0.097393154,0.521506273,2.997681527,23.89660953,-10008.116,20028.232,20069.12956
Estimate,0.650743794,0.947623764,0.108652748,0.523941852,3.019600387,23.91786144,-10000.26272,20012.52544,20053.42301
Estimate,0.650997705,0.962491632,0.095233484,0.549726637,3.011590014,23.94619265,-10007.53701,20027.07403,20067.97159
Estimate,0.623532555,0.957374141,0.115483251,0.546533313,3.005222238,23.91262826,-9988.754349,19989.5087,20030.40626
Estimate,0.605231969,0.958491082,0.142572924,0.526339003,3.066479727,23.91526013,-9975.180629,19962.36126,20003.25882
Estimate,0.741795985,0.96125534,0.135460528,0.531006554,3.001029963,23.90036299,-9990.396345,19992.79269,20033.69025
Estimate,0.619412735,0.949623757,0.124325389,0.535481698,3.025171274,23.9133587,-9983.2413,19978.4826,20019.38016
Estimate,0.623464374,0.966859097,0.146781143,0.554071556,3.017809861,23.86314948,-9982.690098,19977.3802,20018.27776
Estimate,0.680685532,0.960000959,0.099996803,0.551611251,3.068955299,23.91709997,-10012.77856,20037.55711,20078.45467
Estimate,0.899195703,0.963739268,0.149035669,0.512191544,3.275745953,23.89102688,-10008.28789,20028.57579,20069.47335
Estimate,0.638234719,0.960590911,0.09930685,0.527298228,3.001176112,23.903451,-9998.398333,20008.79667,20049.69423
Estimate,0.659820172,0.962003644,0.103520637,0.556407623,3.03108323,23.96392966,-10006.88137,20025.76274,20066.6603
Estimate,0.701985751,0.96011878,0.137306577,0.558733771,2.999812031,23.89921574,-9981.845687,19975.69137,20016.58893
Estimate,0.582240736,0.938272438,0.161989026,0.538265714,3.0421148,23.89697595,-9966.694682,19945.38936,19986.28693
Estimate,0.644303795,0.932615789,0.210920687,0.531102892,2.987482051,23.94827172,-9990.586816,19993.17363,20034.07119
Estimate,0.614536244,0.960000657,0.129924778,0.499986863,2.999938695,23.89945264,-10005.20597,20022.41194,20063.3095
Estimate,0.52798349,0.972156017,0.153238406,0.538638522,3.035040845,23.85880156,-9992.101195,19996.20239,20037.09995
Estimate,0.632066083,0.972859263,0.133936488,0.526723693,3.004354038,23.93076122,-9995.158283,20002.31657,20043.21413
Estimate,0.658903023,0.965386934,0.11420712,0.542234014,2.995362038,23.93109075,-9987.260362,19986.52072,20027.41829
Estimate,0.711037875,0.956959441,0.126705903,0.545501203,3.051243295,23.91995076,-9989.657473,19991.31495,20032.21251
Estimate,0.652731556,0.951123865,0.186614762,0.561026067,2.982976881,23.89980299,-9982.922529,19977.84506,20018.74262
Estimate,0.594636093,0.956837028,0.120639088,0.505158356,3.012636806,23.89135136,-9997.21443,20006.42886,20047.32642
Estimate,0.654427968,0.959956236,0.15517627,0.522254327,2.999937159,23.94273365,-9991.275878,19994.55176,20035.44932
Estimate,0.718790988,0.974610614,0.118400171,0.54372818,2.987103923,24.16932534,-9999.783658,20011.56732,20052.46488
Estimate,0.593114107,0.959873687,0.101352247,0.499723584,2.999825009,23.89872051,-10013.86835,20039.73671,20080.63427
Estimate,0.715184868,0.959175451,0.191728677,0.499711985,3.391276655,23.93825292,-9998.916803,20009.83361,20050.73117
Estimate,0.676336028,0.954453179,0.12227671,0.521508077,3.028802785,23.8854449,-9997.501122,20007.00224,20047.89981
Estimate,0.671638501,0.970935873,0.103352956,0.545787545,2.987082539,23.93598487,-10001.83094,20015.66187,20056.55944
Estimate,0.641339981,0.960000614,0.140153436,0.571199403,3.011770936,23.89948855,-9986.241735,19984.48347,20025.38103
Estimate,0.542260933,0.947932779,0.150708937,0.556899892,2.999777458,23.88832532,-9964.132298,19940.2646,19981.16216
Estimate,0.658974366,0.958933451,0.103917482,0.504995736,2.995647145,23.90949399,-10013.30244,20038.60487,20079.50243
Estimate,0.673781403,0.960310005,0.099854087,0.513629186,2.9997252,23.90556906,-10007.91861,20027.83722,20068.73478
Estimate,0.630602475,0.959977676,0.099998855,0.534409592,2.999967945,23.93352825,-9998.861957,20009.72391,20050.62147
Estimate,0.697690695,0.953697568,0.184353866,0.523488605,2.996911287,23.92823612,-9996.507552,20005.0151,20045.91267
Estimate,0.656305139,0.965248431,0.101394998,0.513282411,3.011684854,23.89819405,-10000.30632,20012.61264,20053.5102
Estimate,0.675028099,0.960000891,0.09999728,0.541337677,3.017294959,23.89919202,-10005.02256,20022.04512,20062.94269
Estimate,0.449141993,0.923073681,0.159893823,0.553318072,3.039627924,23.96506926,-9968.639816,19949.27963,19990.17719
Estimate,0.578925233,0.959934647,0.113333907,0.575585474,3.125821889,23.89916214,-10013.52506,20039.05012,20079.94768
Estimate,0.641448737,0.960000713,0.113610622,0.577204376,3.021158653,23.89940608,-10008.87814,20029.75628,20070.65384
Estimate,0.571496689,0.970787941,0.088615443,0.524566799,2.986352888,24.91680205,-10004.28161,20020.56322,20061.46078
Estimate,0.573893821,0.961373367,0.108203092,0.539012947,2.997773499,23.89270631,-9988.348472,19988.69694,20029.59451
Estimate,0.714320169,0.959920098,0.135352493,0.545562177,3.054542937,23.89923853,-9988.897154,19989.79431,20030.69187
Estimate,0.594298302,0.960000559,0.149181095,0.541776262,3.027341033,23.89953398,-9970.158557,19952.31711,19993.21467
Estimate,0.660100095,0.952477595,0.119904775,0.541746188,3.009400461,23.96713252,-9987.935594,19987.87119,20028.76875
Estimate,0.679609671,0.922788616,0.177618724,0.561751946,3.06802561,23.91530344,-9983.540122,19979.08024,20019.9778
Estimate,0.656543227,0.965588949,0.111716991,0.542583426,3.00217366,23.90183215,-9986.470674,19984.94135,20025.83891
Estimate,0.61372838,0.953339984,0.107235598,0.5039135,3.346348048,24.12496623,-9995.637466,20003.27493,20044.17249
Estimate,0.654478576,0.967940535,0.149170945,0.53173341,3.043749994,23.89269464,-9988.301621,19988.60324,20029.5008
Estimate,0.730989134,0.959932243,0.199798469,0.557517195,2.999903844,23.95851101,-10000.82656,20013.65312,20054.55068
Estimate,0.646592923,0.962031795,0.100319403,0.527773123,3.002465041,23.9040062,-9998.5769,20009.1538,20050.05136
Estimate,0.581784079,0.949858003,0.123788759,0.500537955,3.462258493,24.09239132,-9978.67736,19969.35472,20010.25228
Estimate,0.612962588,0.959880829,0.116484998,0.547949939,2.999814965,23.930164,-9981.521451,19975.0429,20015.94046
Estimate,0.653453737,0.93422562,0.210508604,0.54882878,3.126220283,23.83722918,-9981.449638,19974.89928,20015.79684
Estimate,0.68138239,0.959859552,0.114007089,0.558951382,3.050511851,23.98018104,-9997.769905,20007.53981,20048.43737
Estimate,0.679687228,0.959503391,0.15800808,0.536077643,3.175369787,23.89585532,-9982.823024,19977.64605,20018.54361
Estimate,0.621065538,0.92267889,0.182245859,0.589307639,2.906073069,23.82518131,-9975.949209,19963.89842,20004.79598
Estimate,0.65810651,0.960744293,0.111555774,0.499423922,2.999829725,23.92086261,-10013.23136,20038.46272,20079.36028
Estimate,0.655428954,0.940315039,0.118758623,0.556649358,2.988866039,23.97198712,-10002.42348,20016.84696,20057.74452
Estimate,0.680268483,0.958876003,0.108583262,0.557800643,2.999566889,23.91137312,-9999.705035,20011.41007,20052.30763
Estimate,0.55620012,0.937075586,0.140030729,0.518650262,3.028384656,23.91335814,-9973.348649,19958.6973,19999.59486
Estimate,0.67526923,0.954891782,0.119562395,0.499360667,3.393276952,23.91237455,-9987.633266,19987.26653,20028.16409
Estimate,0.515179667,0.961835695,0.098712957,0.498236317,3.205471708,23.90112223,-10000.43349,20012.86698,20053.76454
Estimate,0.621363939,0.959910811,0.148800554,0.500038717,3.000052638,23.94961321,-10012.70103,20037.40206,20078.29962
Estimate,0.497051034,0.875478966,0.223922356,0.565106917,3.061140378,23.83699256,-9961.289084,19934.57817,19975.47573
Estimate,0.548977089,0.952139135,0.109837587,0.570202128,3.069725876,23.89714991,-10013.16345,20038.3269,20079.22446
Estimate,0.692723084,0.951450561,0.111971902,0.517759961,2.992115972,23.89685219,-10009.50785,20031.01569,20071.91325
Estimate,0.589006924,0.960020267,0.22186614,0.566036145,2.999511552,24.20799155,-10011.44923,20034.89845,20075.79602
Estimate,0.655193449,0.951786101,0.164673091,0.505851633,3.050034531,23.91246975,-9997.147532,20006.29506,20047.19263
Estimate,0.643007598,0.959954727,0.133241378,0.557338822,2.999928394,23.97538601,-9980.374356,19972.74871,20013.64627
Estimate,0.671605899,0.959985844,0.100013223,0.557450117,3.058493158,23.89957939,-10011.53834,20035.07669,20075.97425
Estimate,0.551531889,0.960002222,0.137897524,0.499955569,3.127656548,24.08970297,-9988.148505,19988.29701,20029.19457
Estimate,0.641059953,0.960598411,0.107690082,0.540020199,3.027710929,23.89872593,-9989.626506,19991.25301,20032.15057
Estimate,0.678219789,0.959986024,0.101009388,0.52112524,3.014496539,23.89982083,-10010.06662,20032.13323,20073.03079
Estimate,0.566625298,0.960000681,0.099997713,0.562651168,2.999936045,23.89942882,-9997.80995,20007.6199,20048.51746
Estimate,0.650032323,0.960268361,0.117665135,0.51116003,3.001061728,23.91344968,-9998.356047,20008.71209,20049.60966
Estimate,0.695489675,0.955662477,0.128539221,0.499317509,3.001444355,23.90016296,-10013.18137,20038.36274,20079.2603
Estimate,0.697958092,0.953912545,0.136954488,0.547330814,3.004092288,23.91824853,-9987.348063,19986.69613,20027.59369
Estimate,0.65302057,0.959301215,0.143936818,0.502972526,3.000397908,23.89982674,-10012.18489,20036.36978,20077.26734
Estimate,0.430005956,0.926170627,0.134540651,0.565942486,2.961313266,24.4143083,-9980.350848,19972.7017,20013.59926
Estimate,0.654145541,0.95960163,0.132886646,0.576297198,3.001161766,23.90012679,-9994.210992,20000.42198,20041.31954
Estimate,0.812564595,0.963844204,0.15737998,0.512082256,3.234307522,23.87703101,-10005.08316,20022.16633,20063.06389
Estimate,0.557219615,0.950459685,0.157151846,0.557063841,3.031630894,23.87530645,-9969.97619,19951.95238,19992.84994
Estimate,0.649230267,0.922365518,0.157146138,0.561904991,2.952059119,25.03354123,-9983.237929,19978.47586,20019.37342
Estimate,0.588762546,0.944701222,0.139952431,0.515371963,2.997147243,23.94348183,-9985.89416,19983.78832,20024.68588
Estimate,0.620927438,0.950731372,0.201397573,0.54983478,3.001680475,23.99569708,-9986.873321,19985.74664,20026.6442
Estimate,0.625120823,0.943294442,0.154998257,0.510477275,3.190538468,23.93631939,-9972.949744,19957.89949,19998.79705
Estimate,0.523550236,0.953691469,0.169930982,0.539127608,3.138794524,23.85571855,-9966.499349,19944.9987,19985.89626
Estimate,0.680448736,0.960122237,0.101336047,0.558064209,3.000114833,23.93271056,-10008.20534,20028.41067,20069.30823
Estimate,0.569181353,0.958176384,0.126969237,0.542885207,3.041343103,23.89758068,-9978.683424,19969.36685,20010.26441
Estimate,0.668170092,0.9600009,0.111617308,0.550140638,2.999916039,23.89925035,-9996.928503,20005.85701,20046.75457
Estimate,0.594080955,0.959829707,0.148527928,0.501382816,3.000372432,23.94871799,-10010.30937,20032.61874,20073.51631
Estimate,0.591690607,0.958023224,0.127061742,0.522094972,3.036259279,23.91339409,-9980.728813,19973.45763,20014.35519
Estimate,0.625196011,0.960695313,0.133817591,0.552251441,3.008755569,23.90557556,-9986.857278,19985.71456,20026.61212
Estimate,0.527960049,0.967604427,0.108390064,0.498643098,3.004409705,23.89505436,-10011.48218,20034.96437,20075.86193
Estimate,0.594716599,0.959878947,0.209512136,0.544053034,2.9996081,23.96236627,-10007.33071,20026.66143,20067.55899
Estimate,0.444529693,0.96079288,0.101209271,0.50029789,3.095057615,23.89762301,-10008.88682,20029.77364,20070.6712
Estimate,0.658584194,0.963170598,0.148253626,0.52381075,3.011548589,23.88855215,-9990.388584,19992.77717,20033.67473
Estimate,0.520805845,0.968189796,0.145998693,0.546716765,3.109073044,24.00717969,-9986.945562,19985.89112,20026.78869
Estimate,0.709540452,0.961380246,0.211920451,0.546955372,3.034754473,23.92926939,-10008.64539,20029.29078,20070.18834
Estimate,0.573125047,0.943159194,0.15959085,0.547385308,3.024536554,23.90895199,-9966.018649,19944.0373,19984.93486
Estimate,0.72788149,0.960580063,0.161858349,0.535328586,2.999818658,23.90026922,-9987.336834,19986.67367,20027.57123
Estimate,0.642921018,0.959864601,0.165196109,0.519557999,2.999912731,23.89945843,-9998.766798,20009.5336,20050.43116
Estimate,0.636837029,0.950964969,0.141256628,0.54051859,2.99165919,23.90526505,-9972.797113,19957.59423,19998.49179
Estimate,0.940414266,0.964383177,0.167300282,0.555033831,2.996193423,23.89911198,-10008.62439,20029.24877,20070.14634
Estimate,0.752605284,0.960001153,0.200530435,0.570809108,3.004441697,23.95658351,-10002.10804,20016.21608,20057.11364
Estimate,0.614357136,0.903686052,0.200637112,0.520592137,2.965166785,23.89162312,-9986.375898,19984.7518,20025.64936
Estimate,0.629341732,0.931013217,0.183639775,0.535079734,2.976788658,23.96854328,-9977.223437,19966.44687,20007.34443
Estimate,0.606569354,0.90605792,0.285601439,0.579732925,2.875712184,23.75443934,-9994.452477,20000.90495,20041.80252
Estimate,0.663017317,0.959247815,0.127284051,0.499524807,3.208389153,23.89941126,-9997.008719,20006.01744,20046.915
Estimate,0.679374898,0.960056738,0.13694046,0.526376031,3.007570843,23.89885472,-9989.513978,19991.02796,20031.92552
Estimate,0.692773268,0.951897431,0.123286899,0.54768353,2.975017668,23.91474781,-9990.571044,19993.14209,20034.03965
Estimate,0.693757361,0.958474335,0.100959142,0.537358106,3.028131217,23.89954523,-10008.61041,20029.22082,20070.11838
Estimate,0.587455923,0.959921342,0.147882936,0.499975797,3.028545484,23.89899156,-10008.13878,20028.27756,20069.17512
Estimate,0.568342074,0.975052579,0.126715639,0.522242223,3.475207791,23.86573347,-10002.57073,20017.14146,20058.03902
Estimate,0.188274589,0.959165867,0.159023522,0.597062525,3.009894272,23.89799647,-10014.36843,20040.73686,20081.63442
Estimate,0.695328963,0.966239226,0.099848065,0.502652701,3.135163288,23.89796999,-10007.35554,20026.71108,20067.60865
Estimate,0.666540101,0.959948107,0.099997339,0.559709297,2.999925487,23.89933471,-10011.37393,20034.74786,20075.64542
Estimate,0.652062529,0.945522666,0.125972375,0.532704684,3.081201191,23.97937765,-9983.108991,19978.21798,20019.11554
Estimate,0.534235022,0.941774459,0.17382468,0.511006099,3.140078219,23.98477587,-9974.187705,19960.37541,20001.27297
Estimate,0.618093258,0.958558502,0.15314845,0.557347332,3.001049022,23.94407338,-9982.804855,19977.60971,20018.50727
Estimate,0.655667559,0.960159332,0.099913702,0.542792258,3.039593851,23.96715056,-10000.24319,20012.48637,20053.38394
Estimate,0.663298266,0.960341814,0.129990502,0.50351335,2.999681034,23.93899547,-10008.0099,20028.01979,20068.91736
Estimate,0.644740823,0.957128157,0.137558597,0.59193546,3.004199726,23.90625734,-9999.935021,20011.87004,20052.7676
Estimate,0.665671969,0.945912016,0.152087546,0.540049963,2.998158236,23.90353613,-9979.974758,19971.94952,20012.84708
Estimate,0.682060992,0.959913553,0.104774004,0.500019562,3.015662917,23.90026395,-10014.36043,20040.72086,20081.61842
Estimate,0.626765994,0.959831679,0.100028138,0.563645588,2.999803541,23.89882866,-10010.50952,20033.01903,20073.91659
Estimate,0.62603078,0.960379727,0.127539109,0.556576895,2.999413912,23.92594268,-9986.683537,19985.36707,20026.26464
Estimate,0.633757958,0.960000551,0.115899107,0.499988984,2.999948591,23.89954099,-10008.6313,20029.26261,20070.16017
Estimate,0.514037146,0.959849482,0.102001219,0.564341188,3.091544266,23.98719829,-10005.54122,20023.08244,20063.98
Estimate,0.654512318,0.961573506,0.105420337,0.53638952,2.998142446,23.89354993,-9997.906562,20007.81312,20048.71069
Estimate,0.68423427,0.962673909,0.149367321,0.53872774,3.119884461,23.88490726,-9983.229982,19978.45996,20019.35752
Estimate,0.529223204,0.959922628,0.104652355,0.562707875,3.102910118,23.89897524,-10000.44929,20012.89859,20053.79615
Estimate,0.636682326,0.943137354,0.181732821,0.562885798,2.989285204,23.90318173,-9973.022645,19958.04529,19998.94285
Estimate,0.598198746,0.960068639,0.107043755,0.543011088,3.033791759,23.89977054,-9990.901116,19993.80223,20034.69979
Estimate,0.640653174,0.930042842,0.138694512,0.527600348,3.008572666,23.89424194,-9988.691682,19989.38336,20030.28093
Estimate,0.332225265,0.925464878,0.197850147,0.55545698,2.919164901,23.80577701,-9972.706855,19957.41371,19998.31127
Estimate,0.698585932,0.959913767,0.150803448,0.586717962,2.999876178,23.95503288,-10000.68447,20013.36894,20054.2665
Estimate,0.537866488,0.932678051,0.157672681,0.517031198,3.234573172,24.16771182,-9962.253019,19936.50604,19977.4036
Estimate,0.79690191,0.958792087,0.150425184,0.509422862,3.002772666,23.89229717,-10015.16189,20042.32378,20083.22134
Estimate,0.652299541,0.961344083,0.157262028,0.546820558,3.118392931,23.97920435,-9979.454498,19970.909,20011.80656
Estimate,0.695129928,0.944553069,0.127373756,0.550201488,3.016641878,23.90364619,-9991.672789,19995.34558,20036.24314
Estimate,0.677678133,0.960489837,0.154937242,0.570641933,3.000720325,23.89065099,-9985.39108,19982.78216,20023.67972
Estimate,0.623163455,0.959811757,0.160368598,0.544105772,3.025476802,23.89962389,-9978.71399,19969.42798,20010.32554
Estimate,0.718447932,0.949457853,0.153372237,0.500991957,3.094870144,23.89882616,-9996.907511,20005.81502,20046.71258
Estimate,0.613961262,0.965947036,0.141000861,0.541264662,3.032469684,23.92593687,-9984.406228,19980.81246,20021.71002
Estimate,0.642480893,0.959895342,0.126088255,0.539874354,3.00009945,23.89965915,-9979.475237,19970.95047,20011.84804
Estimate,0.634515765,0.954005328,0.131692378,0.536132294,3.001293808,23.92431532,-9980.043148,19972.0863,20012.98386
Estimate,0.645564339,0.959704847,0.16640576,0.529643328,3.000187286,23.89900142,-9990.273885,19992.54777,20033.44533
Estimate,0.651267611,0.956018182,0.123611791,0.546197255,3.002876993,23.9056633,-9985.805817,19983.61163,20024.5092
Estimate,0.565049711,0.935605935,0.15760987,0.555365208,3.085933155,23.97118539,-9963.98941,19939.97882,19980.87638
Estimate,0.632815614,0.960607863,0.131666257,0.558038037,3.011370042,23.90046018,-9984.670522,19981.34104,20022.23861
Estimate,0.746288948,0.959423061,0.180748626,0.53751402,3.224924806,23.95253545,-9998.168321,20008.33664,20049.2342
Estimate,0.651233774,0.93734898,0.147304655,0.539171416,3.028587013,23.90582627,-9976.183165,19964.36633,20005.26389
Estimate,0.645992825,0.959512839,0.139979383,0.507812506,3.014246227,23.90052014,-10000.13935,20012.2787,20053.17626
Estimate,0.68697512,0.959950466,0.09999746,0.531600022,2.999928875,23.90038344,-10006.83999,20025.67998,20066.57754
Estimate,0.647679966,0.879748368,0.26125176,0.549549307,3.133709968,23.97770845,-9979.659882,19971.31976,20012.21733
Estimate,0.647164725,0.959959554,0.139567126,0.535306729,2.999922114,23.90526299,-9979.657243,19971.31449,20012.21205
Estimate,0.45406545,0.964141084,0.130446462,0.526250722,3.055046767,24.13332447,-9986.49306,19984.98612,20025.88368
Estimate,0.694062321,0.964061081,0.109876067,0.530248258,3.099678594,23.89867002,-9999.071237,20010.14247,20051.04004
Estimate,0.605218207,0.949762535,0.14242836,0.55103325,3.001446466,23.90592624,-9973.039325,19958.07865,19998.97621
Estimate,0.668437168,0.930711493,0.164274501,0.560653437,2.98284658,23.93401106,-9977.865186,19967.73037,20008.62793
Estimate,0.655424209,0.917080621,0.180082519,0.525066768,3.069812226,23.94552037,-9973.619706,19959.23941,20000.13697
Estimate,0.583090102,0.952320623,0.15872299,0.547299507,2.997924993,23.90259853,-9968.504443,19949.00889,19989.90645
Estimate,0.591121901,0.95996789,0.114655254,0.559510609,3.000751655,23.89961513,-9993.444467,19998.88893,20039.7865
Estimate,0.715746946,0.938076121,0.179082931,0.515417037,3.075130059,23.94162927,-9993.115139,19998.23028,20039.12784
Estimate,0.729705296,0.976392565,0.144072179,0.518200891,2.988636287,23.916983,-10012.17777,20036.35555,20077.25311
Estimate,0.726099105,0.938527969,0.179455171,0.517064766,3.153464673,23.87242723,-9984.054641,19980.10928,20021.00684
Estimate,0.506578931,0.908309146,0.174849894,0.531937095,3.119292861,23.94784909,-9963.629708,19939.25942,19980.15698
Estimate,0.635760518,0.9632079,0.137919299,0.50684613,2.99389162,23.89337397,-10003.41459,20018.82918,20059.72674
Estimate,0.462669764,0.931905779,0.20177464,0.531308304,3.001886902,23.90784273,-9973.42374,19958.84748,19999.74504
Estimate,0.645835999,0.958906755,0.129659832,0.513134728,3.031683585,23.90358811,-9987.92181,19987.84362,20028.74118
Estimate,0.550915739,0.944448168,0.164005888,0.583979235,3.00360785,23.9039963,-9976.333763,19964.66753,20005.56509
Estimate,0.626431407,0.961191461,0.134177436,0.501268565,2.997234592,23.89947612,-10008.95481,20029.90962,20070.80718
Estimate,0.64361687,0.960074863,0.149783273,0.567269604,2.99999228,23.89889022,-9983.364634,19978.72927,20019.62683
Estimate,0.678155601,0.958634342,0.129867287,0.500909844,2.998975897,23.90017839,-10011.69157,20035.38315,20076.28071
Estimate,0.669240462,0.960758646,0.131361943,0.565464935,3.001461405,23.97490004,-9991.07802,19994.15604,20035.0536
Estimate,0.672784985,0.959976999,0.140865444,0.499547938,3.016329875,23.89910746,-10014.66271,20041.32541,20082.22298
Estimate,0.611314147,0.961987896,0.12485636,0.502416049,3.000586045,23.90016671,-10002.40334,20016.80668,20057.70424
Estimate,0.599372565,0.916078942,0.175641268,0.547405326,2.997911206,23.88266521,-9966.551346,19945.10269,19986.00025
Estimate,0.653150413,0.960487701,0.127392921,0.547097522,3.107452482,23.89954005,-9980.478808,19972.95762,20013.85518
Estimate,0.54629538,0.959987868,0.100004839,0.54988552,3.001848415,23.99255548,-9992.142367,19996.28473,20037.18229
Estimate,0.622495551,0.946246799,0.152318232,0.551119583,2.979229923,23.8977552,-9966.766083,19945.53217,19986.42973
Estimate,0.501768758,0.965693721,0.114956875,0.525007745,3.260483273,23.89131516,-9989.141071,19990.28214,20031.1797
Estimate,0.60312281,0.965415723,0.116257949,0.558069581,2.973644076,23.90140596,-9993.7927,19999.5854,20040.48296
Estimate,0.599634704,0.912971197,0.179434138,0.561251518,3.017475717,23.91279015,-9965.548904,19943.09781,19983.99537
Estimate,0.570422434,0.959944878,0.099997173,0.523295894,3.018609118,23.89929331,-9993.960891,19999.92178,20040.81934
Estimate,0.58136619,0.959908594,0.202842212,0.576479902,2.99986875,23.9076025,-9999.459601,20010.9192,20051.81676
Estimate,0.658515152,0.959940937,0.100007276,0.534850082,2.999928684,23.89947276,-10001.48734,20014.97467,20055.87223
Estimate,0.62542757,0.962776383,0.141911789,0.500073979,3.000374051,23.89938976,-10010.06278,20032.12557,20073.02313
Estimate,0.597848775,0.960000895,0.149253064,0.499982094,3.049658125,23.93828004,-10000.47774,20012.95547,20053.85303
Estimate,0.640291694,0.959925204,0.139968212,0.534067603,3.043191534,23.90135201,-9983.686161,19979.37232,20020.26988
Estimate,0.67464537,0.946674109,0.150508609,0.514337182,3.052645531,23.89281081,-9986.196483,19984.39297,20025.29053
Estimate,0.651622468,0.95693285,0.097634432,0.531950956,3.012533973,23.90668903,-10005.70001,20023.40002,20064.29758
Estimate,0.673999683,0.959982467,0.140542607,0.500155999,3.03061347,23.89992445,-10011.23784,20034.47569,20075.37325
Estimate,0.685006633,0.97298792,0.104953648,0.542864495,3.002373107,23.89492781,-9996.869278,20005.73856,20046.63612
Estimate,0.510419726,0.954087755,0.163928151,0.56512799,2.957747737,23.88586348,-9971.662182,19955.32436,19996.22193
Estimate,0.668082698,0.960007939,0.126466229,0.546203413,3.009646435,23.92670552,-9987.263484,19986.52697,20027.42453
Estimate,0.67337307,0.94832471,0.143698424,0.525051832,3.055352769,23.88755905,-9981.806428,19975.61286,20016.51042
Estimate,0.616948885,0.959711892,0.099981568,0.499917655,3.007796138,23.8966205,-10013.85112,20039.70224,20080.59981
Estimate,0.656680318,0.960002534,0.099991554,0.49995006,3.222335874,24.11781432,-10001.59609,20015.19218,20056.08974
Estimate,0.653799126,0.95785033,0.127611118,0.560041476,2.997279601,23.94208659,-9984.676207,19981.35241,20022.24997
Estimate,0.76490524,0.960000896,0.134008498,0.53479444,2.999916343,23.89925306,-9991.594749,19995.1895,20036.08706
Estimate,0.504131645,0.963832835,0.167041543,0.518342779,3.080704269,23.99008807,-9991.430653,19994.86131,20035.75887
Estimate,0.638669505,0.959215,0.133123561,0.520073396,2.992649449,23.96600549,-9988.02432,19988.04864,20028.9462
Estimate,0.631350022,0.953841714,0.136412963,0.592097531,2.995356139,23.90002715,-10003.62289,20019.24578,20060.14334
Estimate,0.617227446,0.960011945,0.099972288,0.559913458,2.999938213,23.89993823,-10008.96932,20029.93863,20070.83619
Estimate,0.718252134,0.960001616,0.150176149,0.571824428,2.999929307,23.91556735,-9993.633538,19999.26708,20040.16464
Estimate,0.67629594,0.959292481,0.16923206,0.574169627,2.999991155,23.89942848,-9992.342074,19996.68415,20037.58171
Estimate,0.621346536,0.955815118,0.100640769,0.542467982,3.025835683,23.95489936,-9998.602749,20009.2055,20050.10306
Estimate,0.625443661,0.961278064,0.161866615,0.51683515,3.089791291,23.89618756,-9990.058518,19992.11704,20033.0146
Estimate,0.65175934,0.960003556,0.099985327,0.499910864,3.249675559,24.14548461,-10003.63541,20019.27081,20060.16837
Estimate,0.608360801,0.954553114,0.136210674,0.570552864,3.00244894,23.97160075,-9984.463414,19980.92683,20021.82439
Estimate,0.654150231,0.958296339,0.127868489,0.515498662,3.06685607,23.88495752,-9987.410608,19986.82122,20027.71878
Estimate,0.594443368,0.962720142,0.099014805,0.507631051,2.990841701,23.92324022,-10011.93361,20035.86722,20076.76478
Estimate,0.72457589,0.960000748,0.117483304,0.531366036,2.999930221,23.89937697,-10000.45086,20012.90172,20053.79928
Estimate,0.525188496,0.894891973,0.222432395,0.508488681,3.15047538,23.96615075,-9983.852715,19979.70543,20020.60299
Estimate,0.586162333,0.960547097,0.097652675,0.522999826,3.074567138,23.90198173,-9994.465316,20000.93063,20041.82819
Estimate,0.673959301,0.95908868,0.099640723,0.523994445,3.041494397,23.89943,-10008.55428,20029.10857,20070.00613
Estimate,0.762291835,0.958760111,0.14310269,0.550974661,3.07876788,23.89871892,-9996.912336,20005.82467,20046.72223
Estimate,0.666393746,0.958615854,0.133917972,0.498082885,3.001461774,23.89786841,-10011.74163,20035.48326,20076.38082
Estimate,0.57700667,0.960000981,0.099996731,0.547942015,3.067840542,23.90074689,-9998.348155,20008.69631,20049.59387
Estimate,0.61878304,0.962077774,0.101108541,0.541631643,2.998616045,23.9011738,-9993.007711,19998.01542,20038.91298
Estimate,0.650691693,0.962628547,0.127243396,0.506033012,3.005739231,23.90936966,-9996.57974,20005.15948,20046.05704
Estimate,0.653452044,0.960907697,0.112761352,0.502235007,3.008656145,23.90803638,-10008.14886,20028.29772,20069.19528
Estimate,0.636821432,0.950304285,0.122122369,0.543832551,3.000925661,23.8914211,-9984.075394,19980.15079,20021.04835
Estimate,0.670410415,0.954234687,0.140755555,0.5616124,3.015101641,23.92977744,-9982.658271,19977.31654,20018.2141
Estimate,0.562754271,0.960524162,0.173801593,0.551136408,2.994173331,23.91075766,-9986.845031,19985.69006,20026.58762
Estimate,0.637536156,0.960538536,0.138665236,0.553880965,3.012451279,23.90055377,-9982.769272,19977.53854,20018.4361
Estimate,0.626116652,0.957095723,0.135214687,0.498157357,3.031740559,23.90160086,-10002.46,20016.92001,20057.81757
Estimate,0.702614338,0.954255395,0.12489126,0.529820183,3.046595271,23.91744609,-9991.192392,19994.38478,20035.28235
Estimate,0.628722908,0.956079166,0.143334833,0.542991855,2.985308326,23.89227846,-9977.268869,19966.53774,20007.4353
Estimate,0.65986678,0.960104285,0.1501016,0.499935371,3.084620285,23.91581862,-10003.60541,20019.21082,20060.10838
Estimate,0.549821813,0.955508003,0.097868599,0.529636937,2.994786698,23.98118745,-9997.104981,20006.20996,20047.10752
Estimate,0.675989441,0.931122443,0.181983564,0.55378728,3.010689718,23.87477303,-9980.725901,19973.4518,20014.34936
Estimate,0.634721357,0.962660857,0.116361129,0.524931349,2.971750226,23.93238909,-9997.33206,20006.66412,20047.56168
Estimate,0.486145437,0.859550326,0.274800108,0.568236563,2.993546803,23.89210407,-9963.837295,19939.67459,19980.57215
Estimate,0.456887532,0.907370952,0.228870546,0.540059146,2.968369863,23.9253315,-9971.268982,19954.53796,19995.43553
Estimate,0.596959952,0.937481155,0.172556916,0.545643592,3.084866374,23.87845371,-9965.649041,19943.29808,19984.19564
Estimate,0.628961081,0.959993307,0.103062066,0.532002649,3.030002515,23.92156614,-9991.320801,19994.6416,20035.53916
Estimate,0.420498327,0.927297643,0.123669978,0.544345638,3.199649125,24.0081839,-9998.665512,20009.33102,20050.22859
Estimate,0.569159992,0.964646758,0.156252954,0.561191323,3.01195685,23.89884994,-9988.937937,19989.87587,20030.77343
Estimate,0.634962353,0.966134539,0.121401324,0.54970705,2.996986501,23.89749002,-9987.074013,19986.14803,20027.04559
Estimate,0.629317014,0.960059416,0.105888798,0.569497429,3.000215116,23.90727277,-10010.28771,20032.57543,20073.47299
Estimate,0.593500282,0.95277083,0.11815254,0.550812192,3.010872158,23.94347975,-9983.894245,19979.78849,20020.68605
Estimate,0.700131122,0.959411719,0.141204791,0.501018851,3.031140429,23.8994806,-10006.36956,20024.73911,20065.63667
Estimate,0.589955469,0.960221993,0.150456904,0.502227599,3.029993543,23.91275544,-10003.7669,20019.5338,20060.43136
Estimate,0.681400419,0.959458752,0.128386622,0.542988497,3.053009096,23.90894784,-9978.820164,19969.64033,20010.53789
Estimate,0.638819169,0.959952266,0.182819556,0.560576457,3.051262086,23.89938803,-9987.330086,19986.66017,20027.55773
Estimate,0.479561709,0.959509338,0.125952425,0.555393332,3.013540935,24.06000207,-9986.454003,19984.90801,20025.80557
Estimate,0.613598761,0.959919828,0.185981321,0.499954376,3.148604589,23.94747732,-10011.51095,20035.02191,20075.91947
Estimate,0.559635574,0.960001363,0.099995456,0.561844775,2.99987278,23.89886411,-9998.813887,20009.62777,20050.52534
Estimate,0.680912639,0.961650396,0.155364018,0.529820494,2.996902463,23.90121418,-9998.311894,20008.62379,20049.52135
Estimate,0.632731278,0.971617127,0.114555027,0.555166979,3.034683927,23.88823291,-9999.622461,20011.24492,20052.14248
Estimate,0.663051837,0.955013797,0.12512306,0.52883926,3.031230713,23.91044023,-9980.731613,19973.46323,20014.36079
Estimate,0.672635518,0.959732502,0.171818058,0.587922585,3.111569462,23.89913218,-10007.75975,20027.5195,20068.41706
Estimate,0.62816009,0.959974415,0.099997325,0.531751786,2.999963077,23.89967501,-9997.917014,20007.83403,20048.73159
Estimate,0.572889227,0.958630086,0.177111296,0.49549647,4.001315615,24.04688043,-9995.932216,20003.86443,20044.76199
Estimate,0.500862615,0.944910645,0.116691319,0.490600953,3.172609747,24.13861487,-9997.379574,20006.75915,20047.65671
Estimate,0.630661307,0.959971364,0.150396715,0.510459895,3.008092968,23.89963288,-9996.677682,20005.35536,20046.25292
Estimate,0.58283184,0.969300321,0.091716098,0.523177488,3.004388019,24.12024281,-10003.94184,20019.88367,20060.78123
Estimate,0.612526746,0.960755658,0.147418945,0.558529252,3.001400784,23.90085548,-9985.576566,19983.15313,20024.05069
Estimate,0.535000364,0.959357086,0.10267849,0.568503095,3.012213304,23.89537621,-10001.83615,20015.6723,20056.56986
Estimate,0.666658154,0.962343563,0.101563557,0.51795314,3.000805304,23.90953432,-10004.35313,20020.70627,20061.60383
Estimate,0.386837268,0.950580695,0.167312955,0.521081044,3.389207179,23.89342466,-9969.561298,19951.1226,19992.02016
Estimate,0.621286463,0.947110524,0.13350227,0.542271527,2.971670271,23.95281489,-9978.671294,19969.34259,20010.24015
Estimate,0.565712254,0.959893971,0.099994563,0.499967376,2.999847753,23.89864065,-10013.24958,20038.49917,20079.39673
Estimate,0.634756209,0.95667601,0.128614773,0.526606767,2.997828558,23.89454036,-9980.314908,19972.62982,20013.52738
Estimate,0.65882987,0.960389243,0.125416773,0.49848606,3.000091833,23.89857136,-10010.25879,20032.51757,20073.41514
Estimate,0.64613834,0.960000666,0.123825669,0.551441852,2.999937831,23.89954182,-9987.870459,19987.74092,20028.63848
Estimate,0.371023288,0.930763457,0.162820943,0.575283961,2.964680852,23.87520711,-9970.484844,19952.96969,19993.86725
Estimate,0.734283299,0.960000855,0.136425709,0.508252348,2.999920218,23.91111078,-10002.47272,20016.94544,20057.843
Estimate,0.658218989,0.960087982,0.132163706,0.552754405,3.000179281,23.89974495,-9985.968664,19983.93733,20024.83489
Estimate,0.612644201,0.96031875,0.1526378,0.533145148,2.998693111,23.89894306,-9982.980241,19977.96048,20018.85804
Estimate,0.786172667,0.95991499,0.172494246,0.544065888,3.39085817,23.89373597,-10004.04139,20020.08278,20060.98035
Estimate,0.498214615,0.959833609,0.103540193,0.575979782,3.022267905,23.89896993,-10013.9096,20039.8192,20080.71676
Estimate,0.639393925,0.96003901,0.095900743,0.521244871,3.027521125,23.92144298,-10006.62836,20025.25672,20066.15428
Estimate,0.576376011,0.891174997,0.190878654,0.582914508,2.975943756,23.9314709,-9976.652035,19965.30407,20006.20163
Estimate,0.68167306,0.969796809,0.134603037,0.509193005,2.99260803,23.89447826,-10011.24878,20034.49756,20075.39512
Estimate,0.653716946,0.959835993,0.101054297,0.545486482,2.997888637,23.89943915,-10002.20525,20016.41049,20057.30805
Estimate,0.71120014,0.934018695,0.19707952,0.585712132,3.000779885,23.96618998,-9986.681396,19985.36279,20026.26035
Estimate,0.626716134,0.946130801,0.172442477,0.55942687,3.036170197,23.8930207,-9975.934327,19963.86865,20004.76621
Estimate,0.655329065,0.956440376,0.100166346,0.528347149,3.010761196,23.89760339,-10002.6532,20017.30641,20058.20397
Estimate,0.620466649,0.956711952,0.189095704,0.577692969,2.999728555,23.9032693,-9988.37026,19988.74052,20029.63808
Estimate,0.491859253,0.960255432,0.128962021,0.563621986,3.208353546,23.97509813,-9997.584761,20007.16952,20048.06708
Estimate,0.573881948,0.967313489,0.170276972,0.542670775,3.033352513,23.89262168,-9993.69029,19999.38058,20040.27814
Estimate,0.668822203,0.959958573,0.129327293,0.526289958,3.029465175,23.89953808,-9982.776344,19977.55269,20018.45025
Estimate,0.651188807,0.9619618,0.108869682,0.541667593,2.998451989,23.91481232,-9988.313668,19988.62734,20029.5249
Estimate,0.513792737,0.925768758,0.190894062,0.545472234,3.013680955,23.97358173,-9961.134369,19934.26874,19975.1663
Estimate,0.705125504,0.96000066,0.148511482,0.551441612,3.015538532,23.9035103,-9987.45652,19986.91304,20027.8106
Estimate,0.636664195,0.908692476,0.216511851,0.525017618,2.963944531,23.99610773,-9990.414207,19992.82841,20033.72598
Estimate,0.51861509,0.960001603,0.099994656,0.572203284,2.999850363,24.21464155,-10004.96308,20021.92616,20062.82372
Estimate,0.710976779,0.959859519,0.156888657,0.543788489,2.999798283,24.07838893,-9988.00676,19988.01352,20028.91108
Estimate,0.665983125,0.962950986,0.112826324,0.540081822,2.999788256,23.89677988,-9993.573969,19999.14794,20040.0455
Estimate,0.614257782,0.960000687,0.125494089,0.576643243,2.999935875,23.9121367,-9996.359657,20004.71931,20045.61688
Estimate,0.670024086,0.964635551,0.099311492,0.51689527,2.997981859,23.89767387,-10005.11407,20022.22814,20063.1257
Estimate,0.673606324,0.967538572,0.105388828,0.536448997,2.988319728,23.98369321,-9997.160717,20006.32143,20047.219
Estimate,0.630161332,0.959929136,0.152851408,0.499978196,3.041495932,23.89909149,-10005.20451,20022.40901,20063.30657
Estimate,0.68785834,0.962011058,0.10055405,0.522897721,3.114342754,23.91459001,-10002.43442,20016.86884,20057.7664
Estimate,0.627871735,0.892181591,0.203740172,0.542286283,3.311139994,23.73296561,-9977.222126,19966.44425,20007.34181
Estimate,0.640905534,0.960843417,0.137080104,0.503583886,2.999990591,23.8995642,-10007.37899,20026.75799,20067.65555
Estimate,0.542584865,0.921089669,0.221641005,0.501547534,3.055775216,23.86998711,-10006.82136,20025.64272,20066.54028
Estimate,0.655968269,0.960036408,0.100476662,0.53032404,3.067725444,23.89887527,-10002.91891,20017.83782,20058.73538
Estimate,0.776052489,0.954662466,0.196859108,0.525938081,3.130040356,23.88195998,-10004.29318,20020.58636,20061.48392
Estimate,0.762849172,0.957808759,0.188403297,0.552362834,3.037138712,23.89818063,-9996.600167,20005.20033,20046.09789
Estimate,0.607299364,0.959992623,0.147675765,0.500189266,3.000061762,23.89923632,-10013.49959,20038.99917,20079.89673
Estimate,0.629522956,0.947508173,0.148140089,0.523604693,2.998969098,23.91246802,-9981.838663,19975.67733,20016.57489
Estimate,0.646252298,0.980522795,0.1225496,0.534676833,3.035602108,23.91605714,-10003.79281,20019.58563,20060.48319
Estimate,0.635483498,0.959955863,0.099997737,0.53899356,3.01046266,23.99580526,-9996.08915,20004.1783,20045.07586
Estimate,0.773425806,0.959820407,0.146231726,0.515671875,3.087626466,24.00456822,-9997.601047,20007.20209,20048.09966
Estimate,0.759211399,0.962818695,0.143689121,0.517328968,3.024211339,23.87979984,-9996.707552,20005.4151,20046.31267
Estimate,0.64045535,0.96004232,0.131255606,0.550428466,2.999847095,23.91119353,-9984.297241,19980.59448,20021.49204
Estimate,0.551468577,0.959711844,0.131315378,0.499355763,3.04385069,23.93852829,-10000.35155,20012.7031,20053.60066
Estimate,0.597728615,0.961982321,0.133023539,0.56654214,3.033196936,24.00137534,-9986.29869,19984.59738,20025.49494
Estimate,0.660137694,0.960862587,0.130353076,0.501029557,2.997146302,23.90339535,-10009.8856,20031.77119,20072.66876
Estimate,0.665643195,0.927460905,0.197312261,0.550134955,3.093399688,23.87810337,-9971.025287,19954.05057,19994.94813
Estimate,0.649578615,0.961844151,0.122613994,0.506473797,3.013917921,23.90461932,-10005.36133,20022.72266,20063.62022
Estimate,0.656063271,0.958172688,0.167185213,0.502221115,3.045012613,23.90032707,-10009.75475,20031.5095,20072.40707
Estimate,0.597142111,0.959740845,0.137992336,0.535920284,3.002555736,23.9145538,-9980.14921,19972.29842,20013.19598
Estimate,0.647586994,0.943088449,0.17263279,0.573024081,2.981431875,23.88598624,-9971.143053,19954.28611,19995.18367
Estimate,0.643348604,0.960637467,0.157906979,0.514877379,3.000273251,23.8993965,-10000.8386,20013.67721,20054.57477
Estimate,0.6520816,0.946757669,0.125930042,0.500734277,3.0095004,23.89317555,-10005.96845,20023.93691,20064.83447
Estimate,0.73706255,0.9599617,0.099835234,0.532819123,3.000051384,23.92809678,-10011.25632,20034.51263,20075.41019
Estimate,0.645662189,0.958159549,0.117316481,0.528430997,3.008391936,23.89516392,-9988.122653,19988.24531,20029.14287
Estimate,0.542310921,0.974462981,0.114559212,0.560826151,2.998185874,24.01177595,-9996.423609,20004.84722,20045.74478
Estimate,0.658193479,0.959883622,0.102738084,0.565885269,2.999834171,23.89848941,-10012.11307,20036.22613,20077.1237
Estimate,0.628821721,0.959965924,0.099998253,0.54211685,2.999951071,23.89956313,-10002.85059,20017.70117,20058.59873
Estimate,0.650389728,0.959979397,0.099998912,0.538502202,2.99997068,23.9090312,-10002.76882,20017.53763,20058.43519
Estimate,0.56891972,0.959048897,0.11159304,0.497798385,3.467083033,24.07395187,-9982.965796,19977.93159,20018.82915
