Parameter,miu,be,sig,a,q,LogL,AIC,BIC
Estimate,0.641913231,0.917967035,0.129816806,1.485546372,1.883328619,-10147.98306,20305.96612,20340.04742
Estimate,0.915956567,0.989970486,0.221326376,1.212028421,2.357522271,-10109.83866,20229.67733,20263.75863
Estimate,0.638614988,0.855689779,0.318680804,1.263991879,1.903195033,-10042.73087,20095.46174,20129.54304
Estimate,0.691496553,0.939871502,0.213440241,1.520567884,1.883911092,-10086.30031,20182.60061,20216.68191
Estimate,0.299396337,0.965431963,0.158667151,1.225767641,1.863816327,-10037.20539,20084.41078,20118.49208
Estimate,0.611995334,0.901129386,0.242152877,1.13547048,1.894490611,-10090.22566,20190.45132,20224.53262
Estimate,0.50620373,0.923327894,0.177890094,1.314817172,2.053189864,-9982.653068,19975.30614,20009.38744
Estimate,0.75148228,0.903270355,0.227262778,1.219928975,1.937331327,-10042.62721,20095.25442,20129.33572
Estimate,0.329696719,0.924896202,0.143592015,1.164563545,1.863744293,-10079.09282,20168.18564,20202.26694
Estimate,0.787680467,0.899650436,0.266025517,1.266702572,2.180010602,-10045.51055,20101.0211,20135.1024
Estimate,0.753676821,0.954490171,0.181865312,1.169149571,2.042617746,-10054.94486,20119.88971,20153.97101
Estimate,0.561795909,0.786491161,0.305986194,1.340891782,1.995974342,-10017.09553,20044.19106,20078.27236
Estimate,0.33431193,0.959868193,0.114323351,1.322313617,2.22315387,-10020.18197,20050.36394,20084.44524
Estimate,0.781484086,0.900011555,0.269660156,1.263808579,2.042518225,-10046.96044,20103.92088,20138.00218
Estimate,0.694726514,0.917333662,0.150867843,1.182676784,1.831788447,-10055.56499,20121.12998,20155.21128
Estimate,0.665815834,0.881547655,0.179794171,1.222963199,1.893094863,-10043.06333,20096.12666,20130.20796
Estimate,0.735851152,0.943902972,0.196921235,1.252435423,1.922697667,-10020.22567,20050.45133,20084.53263
Estimate,0.931347967,0.928237041,0.287786611,1.263792796,2.088030881,-10089.72228,20189.44457,20223.52587
Estimate,0.293957805,0.891581146,0.246067548,1.318202724,2.569378731,-9989.472764,19988.94553,20023.02683
Estimate,0.667336861,0.900404179,0.275838824,1.174244129,1.918702674,-10085.0113,20180.02259,20214.10389
Estimate,0.706387992,0.894195437,0.257141329,1.21541385,1.894936483,-10049.14798,20108.29596,20142.37726
Estimate,0.913103706,0.916540573,0.220533806,1.166875079,1.936111214,-10109.90464,20229.80928,20263.89058
Estimate,0.771253844,0.948607703,0.196684103,1.227429405,2.045821011,-10028.69953,20067.39906,20101.48036
Estimate,0.740373265,0.84922993,0.336238567,1.295927715,2.124252517,-10061.02767,20132.05533,20166.13663
Estimate,0.8187335,0.946157674,0.125140712,1.169183405,1.845440825,-10080.45323,20170.90646,20204.98777
Estimate,0.728763235,0.904793108,0.296947316,1.36765274,1.819594931,-10041.47244,20092.94488,20127.02618
Estimate,0.291279197,0.982206361,0.180341432,1.125929864,2.352817062,-10105.62826,20221.25651,20255.33782
Estimate,0.712383722,0.9096023,0.139844759,1.081009962,1.934787469,-10137.18961,20284.37922,20318.46052
Estimate,0.598301898,0.980597262,0.100152862,1.084135371,1.905594586,-10135.96463,20281.92925,20316.01055
Estimate,0.570778819,0.939572517,0.175450053,1.225542674,2.126694145,-10000.34667,20010.69334,20044.77464
Estimate,0.570399984,0.900033906,0.258772246,1.394001974,2.059760004,-10009.30645,20028.61291,20062.69421
Estimate,0.895387912,0.938161201,0.183010982,1.185546941,2.009576283,-10075.45601,20160.91202,20194.99332
Estimate,0.510717412,0.91776861,0.194199768,1.312264548,2.076091605,-9979.088067,19968.17613,20002.25743
Estimate,0.606836566,0.95528161,0.103120635,1.261247393,1.893475091,-10023.81548,20057.63096,20091.71226
Estimate,0.808857341,0.880914763,0.172944441,1.095490982,2.093622129,-10159.99253,20329.98506,20364.06636
Estimate,0.517740407,0.692494574,0.324010634,1.36053842,1.788347862,-10053.6731,20117.34619,20151.42749
Estimate,0.799861699,0.967514578,0.182617601,1.238757426,2.011069508,-10042.71049,20095.42099,20129.50229
Estimate,0.477541611,0.935340018,0.161910802,1.351549494,1.881283208,-9991.808157,19993.61631,20027.69761
Estimate,0.745837216,0.948235288,0.134293466,1.163015146,1.937463479,-10056.6671,20123.3342,20157.4155
Estimate,0.641304387,0.900012834,0.343055048,1.222647433,2.166981414,-10091.84396,20193.68792,20227.76922
Estimate,0.749934933,0.95445981,0.120909393,1.117463355,1.851108059,-10096.38697,20202.77394,20236.85524
Estimate,0.547434451,0.932895744,0.140226438,1.170422082,1.983293684,-10028.09809,20066.19618,20100.27748
Estimate,0.629970452,0.945665218,0.229602338,1.355865754,1.921007919,-10019.21319,20048.42637,20082.50768
Estimate,0.563612671,0.89855449,0.304381928,1.238657978,1.954512115,-10051.96831,20113.93663,20148.01793
Estimate,0.687422814,0.867794405,0.188737691,1.128380111,1.939052588,-10099.3301,20208.6602,20242.7415
Estimate,0.683655211,0.927317487,0.128567005,1.099284567,1.872866687,-10116.23826,20242.47652,20276.55783
Estimate,0.59208113,0.904191888,0.173585625,1.150112907,1.879351797,-10059.89365,20129.7873,20163.8686
Estimate,0.747094437,0.90036656,0.201462208,1.091690237,1.889211277,-10137.16814,20284.33627,20318.41757
Estimate,0.574813053,0.838796843,0.325352282,1.379723788,2.165246521,-10012.93513,20035.87027,20069.95157
Estimate,0.75618459,0.926640339,0.233607126,1.276482695,1.890465388,-10028.06262,20066.12523,20100.20654
Estimate,0.78717315,0.889287077,0.198207182,1.160215703,1.922765155,-10097.12074,20204.24149,20238.32279
Estimate,0.617463635,0.904818366,0.262471192,1.220417638,2.110710502,-10024.95576,20059.91152,20093.99282
Estimate,0.634738767,0.942736369,0.155711218,1.306674471,2.039955859,-9994.620631,19999.24126,20033.32256
Estimate,0.75539359,0.932235228,0.14503609,1.130401222,1.873939168,-10093.17078,20196.34156,20230.42286
Estimate,0.572454418,0.955480402,0.126793193,1.254078929,1.912765288,-10005.40256,20020.80513,20054.88643
Estimate,0.828696635,0.884645297,0.26597115,1.248694136,1.876858185,-10074.52629,20159.05258,20193.13389
Estimate,0.446348169,0.900018135,0.330270146,1.140240641,1.879195207,-10171.41995,20352.83989,20386.92119
Estimate,1.088393492,0.94985691,0.233807997,1.356625133,2.264995202,-10093.128,20196.25601,20230.33731
Estimate,0.545830421,0.94701956,0.149084932,1.22553925,1.861932613,-10009.77944,20029.55889,20063.64019
Estimate,0.962231327,0.918453751,0.226661045,1.208407186,2.011539022,-10100.4532,20210.90641,20244.98771
Estimate,0.654900581,0.891219812,0.24387343,1.227518899,2.15206908,-10015.95172,20041.90344,20075.98474
Estimate,0.93877063,0.899605593,0.305900029,1.178571622,1.880165445,-10160.00408,20330.00816,20364.08946
Estimate,0.874150482,0.901846569,0.249667321,1.358346931,2.153710816,-10080.82067,20171.64135,20205.72265
Estimate,0.730407365,0.971400603,0.124895061,1.314896857,1.959966529,-10028.22248,20066.44497,20100.52627
Estimate,-0.078067514,0.912689629,0.28598538,1.569536713,2.048863902,-10166.58362,20343.16723,20377.24854
Estimate,0.55023851,0.913851925,0.128675473,1.384023888,2.102440007,-10064.94017,20139.88035,20173.96165
Estimate,0.814323909,0.91702491,0.290171499,1.237899661,1.896844254,-10086.10617,20182.21235,20216.29365
Estimate,0.455875443,0.779657649,0.249937531,1.212265728,2.311866313,-10043.087,20096.174,20130.2553
Estimate,0.44668636,0.849170363,0.285910925,1.344402588,2.092261891,-9987.071193,19984.14239,20018.22369
Estimate,0.747732623,0.890352591,0.274135164,1.324966866,2.085949491,-10035.77485,20081.5497,20115.631
Estimate,0.885952251,0.923999999,0.281303428,1.276081392,2.136394316,-10072.49085,20154.9817,20189.063
Estimate,0.811595696,0.890062874,0.211171596,1.140803254,1.989373473,-10109.2039,20228.40779,20262.48909
Estimate,0.743434186,0.827138502,0.362091405,1.262436584,2.098660258,-10084.03601,20178.07203,20212.15333
Estimate,0.736763369,0.830351168,0.465961932,1.27970724,2.070193587,-10159.75865,20329.51731,20363.59861
Estimate,0.693527933,0.899992737,0.177361794,1.47304865,1.879553251,-10105.25906,20220.51813,20254.59943
Estimate,0.380221847,0.830691519,0.281386876,1.208663363,2.447542458,-10013.79589,20037.59178,20071.67308
Estimate,0.745107967,0.897667518,0.24539331,1.261377109,1.881935581,-10033.64488,20077.28976,20111.37106
Estimate,0.684675526,0.900820824,0.2926084,1.441497507,1.882825084,-10044.7484,20099.49681,20133.57811
Estimate,0.566392888,0.882812519,0.337735982,1.266217159,1.890986197,-10059.99374,20129.98747,20164.06877
Estimate,0.749539189,0.931115013,0.256956239,1.420520142,2.229814459,-10057.63558,20125.27116,20159.35246
Estimate,0.71572612,0.911691915,0.100640499,1.206868674,1.905566998,-10118.70945,20247.4189,20281.5002
Estimate,0.715302832,0.889054513,0.28160324,1.226535184,1.851209752,-10059.52953,20129.05907,20163.14037
Estimate,0.714520555,0.947094789,0.175113074,1.174339407,1.864419339,-10053.59906,20117.19812,20151.27942
Estimate,0.557232088,0.893907347,0.311486319,1.22276592,1.887308684,-10073.86571,20157.73142,20191.81272
Estimate,0.467972598,0.90134183,0.249468014,1.455314237,1.877262641,-10006.4291,20022.85819,20056.93949
Estimate,0.32860948,0.911640397,0.251731888,1.312217969,1.871017235,-10002.89001,20015.78001,20049.86131
Estimate,0.801891076,0.953523112,0.196027739,1.349201242,1.826110909,-10026.7855,20063.57101,20097.65231
Estimate,0.379046476,0.908136763,0.176148207,1.298786167,1.899559434,-9991.041823,19992.08365,20026.16495
Estimate,0.70593784,0.863947634,0.292762362,1.279011587,2.272149791,-10032.22814,20074.45627,20108.53758
Estimate,0.632986226,0.920641364,0.173528002,1.358843605,1.867316673,-10006.90004,20023.80009,20057.88139
Estimate,0.640441095,0.898923141,0.223120504,1.333528955,1.880978288,-10000.14916,20010.29833,20044.37963
Estimate,0.839214956,0.947191293,0.183419836,1.277156725,1.926295008,-10033.27713,20076.55427,20110.63557
Estimate,0.667940011,0.896330151,0.205670218,1.241120958,1.875468966,-10021.94248,20053.88495,20087.96625
Estimate,0.751694967,0.858023489,0.300966902,1.341296559,1.906867524,-10052.42184,20114.84368,20148.92499
Estimate,0.91105494,0.95959675,0.237388189,1.27842689,2.316936963,-10060.43642,20130.87284,20164.95414
Estimate,0.77011154,0.937346591,0.164451691,1.3443925,1.88598287,-10031.29779,20072.59557,20106.67688
Estimate,0.640163427,0.94665918,0.164737808,1.134511436,2.048043283,-10056.62452,20123.24903,20157.33033
Estimate,0.788775258,0.97827645,0.12572494,1.331910821,1.991419179,-10042.34759,20094.69518,20128.77648
Estimate,0.590666928,0.880629773,0.22320683,1.408991538,2.022938939,-10021.57317,20053.14634,20087.22764
Estimate,0.710819175,0.917190035,0.194325825,1.328494884,2.101119892,-10018.91466,20047.82933,20081.91063
Estimate,0.587354144,0.971523162,0.204784289,1.272190432,2.23943396,-10040.4444,20090.8888,20124.9701
Estimate,0.175558895,0.982302122,0.091175493,1.370475257,1.678958946,-10071.18802,20152.37604,20186.45734
Estimate,0.607934762,0.916375124,0.248895537,1.337376174,1.834968688,-10006.06432,20022.12864,20056.20994
Estimate,0.717889076,0.900101132,0.252645209,1.22846716,1.980604968,-10039.67287,20089.34574,20123.42704
Estimate,0.737055212,0.969079135,0.167544067,1.221489986,1.878401339,-10046.54902,20103.09803,20137.17933
Estimate,0.705428973,0.900038494,0.22441377,1.301521972,1.880536164,-10018.95806,20047.91611,20081.99741
Estimate,0.542456448,0.87173646,0.213380106,1.244034149,1.878720602,-10008.68318,20027.36636,20061.44766
Estimate,0.422024646,0.943806011,0.159262873,1.32839551,1.88785735,-9989.508749,19989.0175,20023.0988
Estimate,0.646484325,0.900014088,0.192699778,1.289963355,2.037359247,-10008.53862,20027.07724,20061.15854
Estimate,0.832907926,0.944400438,0.1752884,1.186913518,1.836265894,-10065.92212,20141.84425,20175.92555
Estimate,0.545676397,0.854524421,0.27171291,1.336486115,2.033831264,-9991.775575,19993.55115,20027.63245
Estimate,0.835071939,0.917988748,0.208958736,1.37276065,1.902691471,-10055.91341,20121.82681,20155.90811
Estimate,0.802564143,0.899853417,0.244725784,1.182601373,1.87983713,-10084.44786,20178.89572,20212.97702
Estimate,0.653354174,0.918235084,0.201255667,1.226432836,2.029345205,-10009.72637,20029.45274,20063.53404
Estimate,0.51129169,0.905235413,0.284225048,1.253075353,1.87094012,-10035.36261,20080.72522,20114.80652
Estimate,0.586564076,0.922016417,0.190859325,1.310794241,2.872327885,-9995.660571,20001.32114,20035.40244
Estimate,0.814412481,0.945841131,0.209381966,1.382159925,1.931851927,-10040.93519,20091.87038,20125.95169
Estimate,0.79442723,0.902360892,0.278892941,1.294678462,1.89199681,-10055.60784,20121.21568,20155.29698
Estimate,0.611038202,0.91056277,0.109293455,1.230560323,1.893661714,-10068.43369,20146.86739,20180.94869
Estimate,0.204113852,0.900051902,0.354239193,1.372392594,2.624803514,-10064.28016,20138.56033,20172.64163
Estimate,0.751678104,0.926266607,0.259379102,1.294570818,1.855003377,-10043.96726,20097.93453,20132.01583
Estimate,-0.182205129,0.900059156,0.371743286,1.29560585,2.127642538,-10174.91876,20359.83753,20393.91883
Estimate,0.838314934,0.905264469,0.359933775,1.194174218,2.171459706,-10161.35581,20332.71163,20366.79293
Estimate,0.468755528,0.842278435,0.29738199,1.371110573,1.872683502,-9990.989544,19991.97909,20026.06039
Estimate,0.609346122,0.90963424,0.233297281,1.269664645,2.113067289,-10000.07948,20010.15896,20044.24027
Estimate,0.639509801,0.959040518,0.157519301,1.219971105,1.982923019,-10013.03245,20036.0649,20070.14621
Estimate,0.531937267,0.949494157,0.115097683,1.2741707,1.984331722,-10006.96485,20023.9297,20058.011
Estimate,0.758632818,0.839369361,0.268662667,1.215073509,1.875499008,-10087.70786,20185.41571,20219.49701
Estimate,0.36927427,0.810796137,0.330104442,1.326497758,1.919731932,-10007.95757,20025.91515,20059.99645
Estimate,0.776188883,0.975258982,0.105744621,1.122062881,1.978305757,-10098.26947,20206.53894,20240.62024
Estimate,0.979311925,0.927990422,0.288273228,1.326045103,1.883628999,-10100.56502,20211.13003,20245.21133
Estimate,0.876469456,0.952168985,0.211258594,1.236793213,1.891418239,-10060.56169,20131.12338,20165.20468
Estimate,0.89531387,0.898839759,0.204073087,1.244205572,1.951016415,-10099.61081,20209.22162,20243.30292
Estimate,0.625320152,0.914633966,0.199151259,1.283853989,2.140668362,-9995.725916,20001.45183,20035.53313
Estimate,0.685775173,0.933238702,0.152496437,1.327521553,1.804326451,-10016.18071,20042.36141,20076.44271
Estimate,0.256200103,0.959459917,0.251649079,1.2097555,1.972645757,-10097.74971,20205.49943,20239.58073
Estimate,0.779841152,0.9108586,0.256148941,1.412196741,2.202213258,-10061.0705,20132.141,20166.2223
Estimate,0.641935216,0.925693735,0.197414563,1.305523049,1.849999357,-9997.578479,20005.15696,20039.23826
Estimate,0.451275844,0.826234243,0.279611345,1.295710418,2.664263796,-9988.76172,19987.52344,20021.60474
Estimate,0.909425994,0.930066296,0.195711393,1.254769702,1.863299817,-10065.63871,20141.27743,20175.35873
Estimate,0.618501868,0.876167322,0.272006418,1.129441647,1.892852855,-10108.32364,20226.64728,20260.72858
Estimate,0.731617846,0.963248873,0.132440714,1.106704045,1.861013881,-10112.89302,20235.78603,20269.86733
Estimate,0.794518227,0.920200416,0.275880402,1.344621016,1.872553564,-10047.96917,20105.93834,20140.01964
Estimate,0.278758852,0.657674801,0.450675283,1.537729528,2.505718156,-10069.80848,20149.61696,20183.69826
Estimate,0.766161992,0.904746174,0.255784915,1.619129688,1.886387851,-10177.37143,20364.74287,20398.82417
Estimate,0.787177395,0.923484372,0.18201529,1.199846127,1.907700245,-10048.62227,20107.24454,20141.32584
Estimate,0.873534043,0.915892129,0.204498104,1.085181147,1.859674442,-10171.15459,20352.30918,20386.39048
Estimate,0.772160986,0.977454573,0.182822248,1.357095022,1.797241715,-10049.6899,20109.37979,20143.46109
Estimate,0.628424767,0.958287018,0.136549352,1.152242119,2.118189258,-10039.61294,20089.22588,20123.30719
Estimate,0.631736343,0.897376434,0.272782951,1.229947572,1.86666978,-10042.48399,20094.96799,20129.04929
Estimate,0.539767228,0.917954991,0.185492253,1.319358688,2.019174931,-9983.772131,19977.54426,20011.62556
Estimate,0.675556735,0.897586901,0.309110563,1.324406266,1.938701892,-10040.30815,20090.61631,20124.69761
Estimate,0.734770607,0.836905389,0.376287677,1.275151616,1.93897036,-10095.10865,20200.21731,20234.29861
Estimate,0.678256391,0.874907911,0.224204472,1.098230615,1.929454158,-10126.4052,20262.8104,20296.8917
Estimate,0.773611083,0.957098114,0.176634623,1.332080706,1.804877444,-10022.5278,20055.05561,20089.13691
Estimate,0.649170377,0.904484889,0.134554584,1.322460316,1.882377115,-10065.30176,20140.60351,20174.68481
Estimate,0.667128941,0.913636373,0.209264775,1.250965026,1.829814595,-10018.21403,20046.42807,20080.50937
Estimate,0.632682123,0.881046359,0.262023038,1.336255382,1.948373276,-10006.03757,20022.07513,20056.15643
Estimate,0.628345737,0.945598661,0.15496687,1.235421964,1.962329767,-10003.80726,20017.61453,20051.69583
Estimate,0.862905257,0.896844672,0.260711113,1.278166712,1.912547585,-10069.45755,20148.9151,20182.9964
Estimate,0.325383446,0.889611996,0.207484964,1.506098049,1.883887173,-10051.87525,20113.7505,20147.8318
Estimate,0.759499417,0.859110414,0.314192246,1.264312674,1.872024729,-10071.67255,20153.3451,20187.4264
Estimate,0.754898093,0.961032421,0.154731558,1.436321999,1.882556299,-10056.76537,20123.53073,20157.61203
Estimate,0.29761844,0.924326034,0.182311075,1.377402816,1.815849206,-10000.57446,20011.14893,20045.23023
Estimate,0.475932244,0.828754532,0.318632924,1.335370272,1.777992338,-10005.61514,20021.23027,20055.31157
Estimate,0.746839917,0.906977066,0.184518464,1.209069287,1.914835837,-10044.67325,20099.3465,20133.4278
Estimate,0.794420847,0.921471134,0.185244871,1.18082813,1.850658433,-10064.73902,20139.47804,20173.55934
Estimate,0.283101646,0.859921408,0.399135905,1.35794892,2.396268721,-10055.23438,20120.46876,20154.55006
Estimate,0.823784148,0.860760581,0.363407406,1.221487079,1.84919292,-10140.45039,20290.90078,20324.98208
Estimate,0.755032059,0.833342444,0.321786892,1.275150167,2.280582113,-10069.97566,20149.95131,20184.03261
Estimate,0.788226161,0.952247472,0.145541016,1.219394217,1.972759819,-10035.11115,20080.22231,20114.30361
Estimate,0.704362096,0.770750507,0.275714885,1.152978964,1.8631876,-10133.19972,20276.39943,20310.48073
Estimate,0.825851109,0.923441179,0.251429482,1.176243937,2.013883794,-10085.793,20181.586,20215.6673
Estimate,0.509270362,0.956531448,0.14661416,1.449861221,1.881420777,-10041.85153,20093.70307,20127.78437
Estimate,0.401203674,0.809267769,0.346205238,1.272469497,1.916214221,-10033.92277,20077.84554,20111.92684
Estimate,0.840639565,0.919524739,0.212488821,1.101820305,1.936576613,-10140.3647,20290.72939,20324.81069
Estimate,0.736700257,0.899806618,0.099990047,1.152677489,1.879785085,-10155.51332,20321.02663,20355.10793
Estimate,0.256290014,0.954384628,0.196176857,1.200330236,2.082867454,-10046.31068,20102.62136,20136.70267
Estimate,0.368682989,0.963583313,0.128516543,1.271150122,2.018378005,-10004.90692,20019.81384,20053.89514
Estimate,0.57018968,0.879477206,0.201647003,1.317362155,1.930334571,-10000.83824,20011.67648,20045.75778
Estimate,0.552044138,0.840269264,0.283876022,1.439509519,1.837224427,-10013.77411,20037.54822,20071.62952
Estimate,0.680573178,0.940702252,0.285885723,1.494207073,2.068449438,-10107.35936,20224.71872,20258.80002
Estimate,0.601614049,0.910750227,0.164437657,1.348247293,1.880665764,-10010.86628,20031.73256,20065.81386
Estimate,0.649081361,0.896545289,0.310220004,1.451785926,1.938837903,-10047.26382,20104.52764,20138.60894
Estimate,0.200003094,0.116538312,0.934654857,2.409008757,1.705046471,-10163.87677,20337.75355,20371.83485
Estimate,0.700616835,0.928307583,0.168611576,1.135888427,1.939392072,-10070.98826,20151.97652,20186.05782
Estimate,0.749514014,0.955018861,0.155425983,1.286559341,1.880069302,-10013.92956,20037.85913,20071.94043
Estimate,0.708888289,0.956919758,0.123383175,1.283266617,1.89034029,-10018.64763,20047.29525,20081.37656
Estimate,0.311997767,0.926404743,0.209988846,1.530111208,2.043351881,-10079.61801,20169.23601,20203.31731
Estimate,0.79023904,0.950194495,0.168572833,1.286444279,2.851722741,-10034.6786,20079.35721,20113.43851
Estimate,0.817765544,0.867787963,0.323206733,1.157097136,1.883198301,-10153.0872,20316.1744,20350.2557
Estimate,0.638493361,0.954816041,0.194412259,1.239850424,2.182014254,-10016.61448,20043.22897,20077.31027
Estimate,0.67673688,0.916142126,0.246832304,1.321264033,1.737438951,-10016.82413,20043.64826,20077.72956
Estimate,0.545752182,0.954333648,0.152875297,1.338486434,2.412604597,-10007.21997,20024.43994,20058.52124
Estimate,0.642562311,0.923641373,0.17193065,1.13290296,1.992022115,-10065.80957,20141.61915,20175.70045
Estimate,0.666648553,0.825949858,0.280647661,1.232654784,1.87224414,-10053.38369,20116.76737,20150.84867
Estimate,0.664465823,0.838754159,0.347711744,1.400583401,1.936542004,-10046.28294,20102.56589,20136.64719
Estimate,0.724229186,0.899740695,0.161696718,1.245769004,1.879806452,-10049.82096,20109.64191,20143.72322
Estimate,0.687429645,0.942693361,0.136185391,1.273041764,2.125004912,-10017.16464,20044.32929,20078.41059
Estimate,0.597859263,0.889252716,0.205569655,1.029187535,2.086553288,-10181.85296,20373.70592,20407.78722
Estimate,0.849240375,0.907093011,0.294418225,1.155142401,1.880837989,-10147.59334,20305.18669,20339.26799
Estimate,0.898131631,0.890437591,0.261594157,1.243698531,1.871478761,-10099.4843,20208.9686,20243.04991
Estimate,0.734688347,0.913825653,0.252034683,1.262593217,1.892408297,-10035.90988,20081.81975,20115.90105
Estimate,0.774314927,0.931544037,0.307344349,1.234419911,2.044334045,-10104.67991,20219.35981,20253.44111
Estimate,0.458189689,0.815196544,0.275952106,1.407740839,1.801750098,-10003.06224,20016.12448,20050.20578
Estimate,0.491328132,0.849965393,0.270559501,1.331757723,1.94049516,-9990.34267,19990.68534,20024.76664
Estimate,0.534451777,0.914005127,0.151866082,1.301625911,2.267447,-10003.89289,20017.78579,20051.86709
Estimate,0.59537318,0.899619749,0.099979881,1.338033321,1.879577499,-10124.78281,20259.56562,20293.64692
Estimate,0.550735578,0.900040197,0.431265834,1.361285958,2.027918174,-10143.68114,20297.36229,20331.44359
Estimate,0.74064016,0.884122732,0.181651888,1.178247337,2.019280711,-10076.99169,20163.98337,20198.06467
Estimate,0.566241949,0.908095384,0.251323763,1.518762295,3.478130402,-10172.3453,20354.69061,20388.77191
Estimate,0.956707939,0.903528444,0.287579301,1.174599556,2.017291557,-10141.92851,20293.85702,20327.93833
Estimate,-0.121835755,0.942446878,0.245225973,1.485985705,1.889796797,-10104.68652,20219.37304,20253.45435
Estimate,0.53939824,0.907791057,0.257168127,1.229730178,2.274515253,-10007.40844,20024.81688,20058.89818
Estimate,0.46455253,0.902112125,0.179695034,1.255248913,2.03454446,-9991.165989,19992.33198,20026.41328
Estimate,0.710869156,0.909729006,0.242457215,1.153505613,1.894112107,-10086.92954,20183.85908,20217.94038
Estimate,0.710784443,0.901292474,0.250792903,1.144583064,1.879933657,-10105.1757,20220.35141,20254.43271
Estimate,0.7710562,0.863047697,0.243403071,1.124877984,1.893333537,-10129.96441,20269.92882,20304.01012
Estimate,-0.07107772,0.90552274,0.262688439,1.617187084,1.870500348,-10190.06881,20390.13761,20424.21892
Estimate,0.932112372,0.977887956,0.223747626,1.309955965,1.914228217,-10080.15696,20170.31391,20204.39521
Estimate,0.624759128,0.974727096,0.123224675,1.105722407,1.817693237,-10120.66501,20251.33001,20285.41131
Estimate,0.77764157,0.89758413,0.310534308,1.214995269,1.879730802,-10099.24949,20208.49897,20242.58027
Estimate,0.640554961,0.94798292,0.197994038,1.293668007,1.917663091,-10008.67619,20027.35238,20061.43368
Estimate,0.561667079,0.966153817,0.19195411,1.300876339,2.142066498,-10022.66314,20055.32628,20089.40758
Estimate,0.775884839,0.876354999,0.306174295,1.247231704,1.902153582,-10075.21588,20160.43176,20194.51306
Estimate,0.649532714,0.900107469,0.349399825,1.381404049,2.091509578,-10064.41883,20138.83766,20172.91896
Estimate,0.360343897,0.608497378,0.473323962,1.408527517,2.031883008,-10044.02824,20098.05648,20132.13778
Estimate,0.583293163,0.898743157,0.223625973,1.230396657,1.878376384,-10013.50355,20037.00709,20071.0884
Estimate,0.509147063,0.900010902,0.099985803,1.35538341,1.891118596,-10112.0376,20234.0752,20268.15651
Estimate,0.601532654,0.94490141,0.234736209,1.321679824,1.883596151,-10020.32687,20050.65374,20084.73504
Estimate,0.815310148,0.901888863,0.279335753,1.358645392,1.888234597,-10058.94547,20127.89094,20161.97224
Estimate,0.618433182,0.727934512,0.261300895,1.255724568,1.842132451,-10093.07341,20196.14682,20230.22813
Estimate,0.631605088,0.950807994,0.178195039,1.346746097,1.898204899,-10002.1945,20014.389,20048.4703
Estimate,0.817410643,0.948638597,0.142145482,1.299571908,1.970172681,-10037.18586,20084.37171,20118.45301
Estimate,0.714440077,0.970822411,0.132410599,1.321317373,1.893356664,-10020.49928,20050.99856,20085.07986
Estimate,1.022620472,0.943115773,0.264543181,1.125260465,2.156736161,-10169.78095,20349.56189,20383.64319
Estimate,0.609027395,0.893874788,0.315726579,1.287037292,1.881010495,-10045.48312,20100.96624,20135.04754
Estimate,0.706318194,0.907297311,0.143984795,1.087310583,1.785617125,-10145.90133,20301.80267,20335.88397
Estimate,0.750350083,0.911886447,0.246549374,1.179843112,1.918076616,-10074.14496,20158.28992,20192.37122
Estimate,0.824342883,0.901989054,0.268149009,1.125269434,1.883007308,-10151.05285,20312.1057,20346.187
Estimate,0.662536816,0.912327498,0.223038093,1.361047845,1.861231853,-10006.00368,20022.00735,20056.08866
Estimate,1.144110729,0.920767098,0.233564283,1.134459974,2.600703497,-10188.45528,20386.91057,20420.99187
Estimate,0.592712054,0.899802285,0.234768408,1.29430298,1.949321836,-9995.175912,20000.35182,20034.43313
Estimate,0.700876226,0.888222797,0.203128028,1.456924401,1.828810012,-10080.8624,20171.7248,20205.8061
Estimate,0.56098001,0.959264609,0.131451259,1.295217152,1.883815496,-10002.91007,20015.82013,20049.90143
Estimate,0.398428731,0.9022723,0.136095971,1.34416897,1.864211202,-10033.95626,20077.91252,20111.99382
Estimate,0.743707774,0.899755309,0.322278943,1.282716899,1.933108618,-10073.35471,20156.70943,20190.79073
Estimate,0.866714648,0.919494847,0.204889888,1.180853893,1.879804821,-10088.57212,20187.14424,20221.22554
Estimate,0.469789528,0.900014774,0.329765707,1.421912194,1.879384013,-10036.97459,20083.94917,20118.03048
Estimate,0.675920621,0.914800578,0.19175432,1.23205174,1.900872796,-10018.07176,20046.14351,20080.22481
Estimate,0.55415646,0.901723853,0.22626094,1.23226118,2.028876841,-10003.24208,20016.48415,20050.56545
Estimate,0.675943845,0.936110991,0.192003855,1.266733949,2.235324222,-10001.81295,20013.6259,20047.7072
Estimate,0.669706012,0.941883978,0.128710166,1.208938004,1.889617624,-10034.89489,20079.78977,20113.87107
Estimate,0.604107218,0.865177989,0.28203052,1.329508157,2.015852454,-10003.91432,20017.82864,20051.90994
Estimate,0.58283609,0.935163269,0.180031972,1.301494713,1.943747002,-9983.239946,19976.47989,20010.56119
Estimate,0.624174781,0.899037997,0.18614788,1.351278162,1.887647486,-10011.14496,20032.28992,20066.37122
Estimate,0.570416617,0.908645553,0.185518253,1.257907091,2.1125504,-9990.660481,19991.32096,20025.40226
Estimate,0.680707732,0.950958209,0.178457587,1.357903127,1.98261386,-10016.79116,20043.58232,20077.66362
Estimate,0.70514274,0.939196231,0.169086179,1.250677128,1.888119781,-10013.25836,20036.51671,20070.59801
Estimate,0.50505469,0.898326339,0.228562716,1.343649345,1.883249078,-9985.752662,19981.50532,20015.58662
Estimate,0.807645336,0.939582671,0.16327967,1.268480191,1.973984342,-10029.58852,20069.17704,20103.25834
Estimate,0.669596087,0.915738874,0.237220936,1.261057689,2.090404794,-10011.5089,20033.0178,20067.0991
Estimate,0.825458697,0.966689319,0.145386182,1.286862977,2.391256707,-10032.15119,20074.30238,20108.38369
Estimate,0.66832954,0.939375139,0.15469974,1.153098041,1.941138579,-10052.7526,20115.5052,20149.5865
Estimate,0.430304581,0.956223078,0.154013392,1.179466225,2.504162626,-10004.82514,20019.65029,20053.73159
Estimate,0.999909072,0.94982234,0.211840563,1.196540809,1.784285298,-10107.06182,20224.12363,20258.20493
Estimate,0.646401757,0.899874577,0.372963974,1.288867948,1.951422058,-10107.18496,20224.36992,20258.45122
Estimate,0.658523378,0.896128875,0.344111745,1.290645762,1.851910485,-10076.52679,20163.05357,20197.13487
Estimate,0.577496237,0.929847399,0.139424618,1.383051874,2.097031517,-10040.32029,20090.64058,20124.72188
Estimate,0.473068065,0.821710059,0.286718549,1.363867442,1.951725121,-9993.93799,19997.87598,20031.95728
Estimate,1.182264324,0.970630046,0.243761278,1.191700492,1.890158463,-10153.55686,20317.11372,20351.19502
Estimate,0.780469862,0.899989007,0.247885819,1.146862443,1.882369679,-10111.42735,20232.8547,20266.936
Estimate,0.531899316,0.897876945,0.156116543,1.33954256,1.87405129,-10017.25403,20044.50805,20078.58935
Estimate,0.906898727,0.948949648,0.222933838,1.247150632,1.936351917,-10064.33709,20138.67418,20172.75548
Estimate,0.717375652,0.896757332,0.258810522,1.229105434,2.145295629,-10034.33498,20078.66996,20112.75127
Estimate,0.631178419,0.896986731,0.274334233,1.202495782,1.882491494,-10059.35253,20128.70506,20162.78636
Estimate,0.631948725,0.895304214,0.188705684,1.292631787,2.381049347,-10012.94506,20035.89013,20069.97143
Estimate,0.886439239,0.956391288,0.171104019,1.194106588,1.9529025,-10065.40144,20140.80287,20174.88418
Estimate,0.764993808,0.954064604,0.133638809,1.213294412,2.021500108,-10032.34006,20074.68011,20108.76141
Estimate,0.627081962,0.904201613,0.169248156,1.115459309,1.79069833,-10106.30387,20222.60775,20256.68905
Estimate,0.854500076,0.941944429,0.206010497,1.257845011,2.224442139,-10033.40751,20076.81501,20110.89631
Estimate,0.940077228,0.956053315,0.159377537,1.112207423,2.096036065,-10114.16411,20238.32821,20272.40951
Estimate,0.526970692,0.857850095,0.245616222,1.292147213,1.856311927,-9995.700838,20001.40168,20035.48298
Estimate,0.814483047,0.989970146,0.075446697,1.322383232,1.661113579,-10075.27466,20160.54932,20194.63062
Estimate,0.708428133,0.944258082,0.189031119,1.318747753,1.888930416,-10009.06154,20028.12309,20062.20439
Estimate,0.444176983,0.899722342,0.193474527,1.417770157,1.938405421,-10003.7657,20017.53141,20051.61271
Estimate,0.678186891,0.910388289,0.193700428,1.243645431,1.859832613,-10017.15511,20044.31023,20078.39153
Estimate,0.496049211,0.922216706,0.187375605,1.341569494,2.049176206,-9984.227945,19978.45589,20012.53719
Estimate,0.713695291,0.937628747,0.190900854,1.218834576,2.144411342,-10015.3793,20040.75859,20074.83989
Estimate,0.596201999,0.888199409,0.410880445,1.242944479,1.875691676,-10163.75426,20337.50852,20371.58982
Estimate,0.767461711,0.899737052,0.352566761,1.314901085,1.879707836,-10094.71022,20199.42044,20233.50174
Estimate,0.326421434,0.889900836,0.248722699,1.390911508,1.879100695,-9991.444976,19992.88995,20026.97125
Estimate,0.723938296,0.799146574,0.283051834,1.276071889,1.857023975,-10084.36274,20178.72548,20212.80678
Estimate,0.434112667,0.790493411,0.357612289,1.496022572,2.164074562,-10032.28006,20074.56013,20108.64143
Estimate,0.646518544,0.868614299,0.228079718,1.18394176,2.008462747,-10043.41038,20096.82076,20130.90207
Estimate,0.471344744,0.838472925,0.321526805,1.358229328,1.937546737,-9996.111784,20002.22357,20036.30487
Estimate,0.893761066,0.898240028,0.286961102,1.145477595,1.879899432,-10157.27905,20324.55811,20358.63941
Estimate,0.310686186,0.884631377,0.269938862,1.167255313,2.194011783,-10061.17719,20132.35438,20166.43568
Estimate,0.680819358,0.909343264,0.190174444,1.093366187,2.037561038,-10100.78813,20211.57626,20245.65756
Estimate,0.31793112,0.943315801,0.151707715,1.460039922,1.915577467,-10046.03067,20102.06133,20136.14263
Estimate,0.627232565,0.900020798,0.370489004,1.429807639,1.879514718,-10090.46709,20190.93419,20225.01549
Estimate,0.989259143,0.936201938,0.208570414,1.427006527,1.835243847,-10097.50587,20205.01174,20239.09305
Estimate,0.787534291,0.874431858,0.287918152,1.265228643,2.173197047,-10062.30744,20134.61488,20168.69619
Estimate,0.827017253,0.926645476,0.203946032,1.325458216,1.99767827,-10039.6912,20089.38239,20123.46369
Estimate,0.592810162,0.936513358,0.158825789,1.354817779,1.959473735,-10003.88318,20017.76636,20051.84766
Estimate,0.40540072,0.890767236,0.33002679,1.242196366,1.882836029,-10072.11354,20154.22709,20188.30839
Estimate,0.557338555,0.885666963,0.216799661,1.257904288,1.97740016,-9996.612833,20003.22567,20037.30697
Estimate,0.696445065,0.895139195,0.202580868,1.182054606,1.929546495,-10049.46856,20108.93713,20143.01843
Estimate,0.483034765,0.897041735,0.307118845,1.253857552,1.89765459,-10048.61401,20107.22803,20141.30933
Estimate,0.740738524,0.967299253,0.09767962,1.201518609,1.794393207,-10059.27288,20128.54577,20162.62707
Estimate,0.766665887,0.923128675,0.145830724,1.070733175,2.028261275,-10139.28997,20288.57994,20322.66124
Estimate,0.543681323,0.898599377,0.118014204,1.454347301,1.878443753,-10146.72983,20303.45966,20337.54097
Estimate,0.908545403,0.913651027,0.378168557,1.290555226,2.639365842,-10143.02184,20296.04368,20330.12498
Estimate,0.673386286,0.836047159,0.289330969,1.369107715,1.568193532,-10036.89707,20083.79413,20117.87543
Estimate,0.80817818,0.894398847,0.274348839,1.302505987,1.882932029,-10055.99672,20121.99343,20156.07473
Estimate,0.923139415,0.963259588,0.160842272,1.216559791,1.908061979,-10058.05342,20126.10684,20160.18814
Estimate,0.757958906,0.972608563,0.074758983,1.149387104,1.876163148,-10085.82354,20181.64709,20215.72839
Estimate,0.457531927,0.85788463,0.354492829,1.435148204,1.794345363,-10022.78827,20055.57653,20089.65783
Estimate,0.770573377,0.920732285,0.170457147,1.487450039,1.873411138,-10128.5016,20267.00319,20301.08449
Estimate,0.195773263,0.973885921,0.172420773,1.218507342,2.520849223,-10031.20693,20072.41386,20106.49516
Estimate,0.586929994,0.888681439,0.232627755,1.484687846,1.639389109,-10024.5324,20059.06479,20093.1461
Estimate,0.293741649,0.940554001,0.154397381,1.151869961,2.647396169,-10012.96412,20035.92823,20070.00953
Estimate,0.624109296,0.948768029,0.147482338,1.327728467,2.014934464,-9998.896487,20007.79297,20041.87427
Estimate,0.694498087,0.931631584,0.177671606,1.525943868,1.754858428,-10094.01897,20198.03793,20232.11923
Estimate,0.733643856,0.967302418,0.173406677,1.313286654,2.043504806,-10026.02914,20062.05829,20096.13959
Estimate,0.904215271,0.89053007,0.294718598,1.188522599,1.894260151,-10132.61448,20275.22895,20309.31026
Estimate,0.749800621,0.735163723,0.419850569,1.354723585,1.931853149,-10126.11938,20262.23876,20296.32006
Estimate,0.478901228,0.842732679,0.263531162,1.263192317,2.068039242,-9998.7666,20007.5332,20041.6145
Estimate,0.684746892,0.910854486,0.326127292,1.224581685,1.939321279,-10104.90263,20219.80526,20253.88656
Estimate,0.541680955,0.949885097,0.153055579,1.343058888,1.998912607,-9996.452685,20002.90537,20036.98667
Estimate,0.646886933,0.916584804,0.178302729,1.462956243,1.882793659,-10058.29879,20126.59758,20160.67888
Estimate,0.398548449,0.921699225,0.238201028,1.313352555,2.016416628,-9996.856318,20003.71264,20037.79394
Estimate,0.687177545,0.777967185,0.325367104,1.189947274,1.894751549,-10104.02299,20218.04598,20252.12728
Estimate,0.297337175,0.891753971,0.248586847,1.231030801,2.012102107,-10026.50734,20063.01468,20097.09598
Estimate,0.765400053,0.948332867,0.237909092,1.099847291,1.823615608,-10185.09714,20380.19429,20414.27559
Estimate,0.528900682,0.968247487,0.145635279,1.413264894,1.724499209,-10032.85781,20075.71562,20109.79693
Estimate,0.810064005,0.934046462,0.20346006,1.257805494,1.926560624,-10034.76201,20079.52401,20113.60531
Estimate,0.461475363,0.946103448,0.1581044,1.265372342,1.810380461,-10001.06565,20012.1313,20046.2126
Estimate,0.561123571,0.933533568,0.14468043,1.239583452,1.863534816,-10006.46037,20022.92073,20057.00203
Estimate,0.406809783,0.917144154,0.217959519,1.247904356,1.829570973,-10011.76931,20033.53863,20067.61993
Estimate,0.604366348,0.917347309,0.22121078,1.363772992,1.77558202,-9996.941975,20003.88395,20037.96525
Estimate,0.652781926,0.93274806,0.18671109,1.340399124,1.929902767,-10001.70537,20013.41074,20047.49204
Estimate,0.650621609,0.949990051,0.14254636,1.207637148,1.984958602,-10017.08405,20044.1681,20078.2494
Estimate,0.546171575,0.89149823,0.367371752,1.50401586,1.830775782,-10079.46429,20168.92859,20203.00989
Estimate,0.728669706,0.931582692,0.238484693,1.274632352,1.872465374,-10031.27245,20072.5449,20106.6262
Estimate,0.895577301,0.952203582,0.20242554,1.2117603,2.100769724,-10052.91395,20115.8279,20149.9092
Estimate,0.572879151,0.900013055,0.404553633,1.240951504,1.879674889,-10172.90042,20355.80084,20389.88215
Estimate,0.731901395,0.900072604,0.319578603,1.266360451,1.878305911,-10079.28791,20168.57582,20202.65712
Estimate,0.499334391,0.877941907,0.198100036,1.202490671,2.182717293,-10008.69833,20027.39666,20061.47796
Estimate,0.599527472,0.900016037,0.245156126,1.179517544,1.87962581,-10059.40966,20128.81931,20162.90061
Estimate,0.7284718,0.92525147,0.183753471,1.274157383,1.917909299,-10014.75049,20039.50099,20073.58229
Estimate,0.622128841,0.888370242,0.226151629,1.33621089,1.899196158,-9997.985202,20005.9704,20040.0517
Estimate,0.823507805,0.900302461,0.234307689,1.226028449,1.904782179,-10065.48093,20140.96186,20175.04316
Estimate,0.559918121,0.925838744,0.306781597,1.175227381,1.992175048,-10126.26835,20262.5367,20296.61801
Estimate,0.637783479,0.862814259,0.259333455,1.312179566,1.878904463,-10008.73998,20027.47997,20061.56127
Estimate,0.791229982,0.95333859,0.155700313,1.245590667,1.84345076,-10033.30283,20076.60566,20110.68696
Estimate,0.442028742,0.899489927,0.312732447,1.119154207,2.029293499,-10159.94589,20329.89178,20363.97308
Estimate,0.681298475,0.900011762,0.253130693,1.366103915,1.879557395,-10013.1353,20036.27061,20070.35191
Estimate,0.54575252,0.933860661,0.153335124,1.251763881,1.958587212,-9992.299113,19994.59823,20028.67953
Estimate,0.834008131,0.896880348,0.290148491,1.319336399,1.884011068,-10062.6083,20135.2166,20169.2979
Estimate,0.749613883,0.950827434,0.173272907,1.188756051,1.779503737,-10055.32598,20120.65196,20154.73326
Estimate,0.563084855,0.706034194,0.434545106,1.567704346,1.906602331,-10091.09655,20192.19309,20226.2744
Estimate,0.705016558,0.903601599,0.233189818,1.088612586,1.87996435,-10150.39126,20310.78252,20344.86382
Estimate,0.574394803,0.93355795,0.177723106,1.34992977,1.881501448,-9987.552175,19985.10435,20019.18565
Estimate,0.961524849,0.982152868,0.152876972,1.199381281,2.175139593,-10063.40243,20136.80487,20170.88617
Estimate,0.954865906,0.935446789,0.209547692,1.495857453,2.013971567,-10146.65656,20303.31311,20337.39441
Estimate,0.73029912,0.897752707,0.104086003,1.181972287,1.884771108,-10145.12502,20300.25004,20334.33134
Estimate,0.534330016,0.882113214,0.283428226,1.462292672,2.150222532,-10029.91185,20069.8237,20103.905
Estimate,0.653094652,0.956466531,0.137082483,1.322248921,1.980514857,-10011.06753,20032.13505,20066.21635
Estimate,0.846340137,0.968847046,0.112348503,1.111716358,2.006654053,-10096.20579,20202.41157,20236.49287
Estimate,0.750914425,0.921344418,0.175999973,1.252279487,2.017310901,-10027.87749,20065.75498,20099.83628
Estimate,0.84307636,0.920220718,0.207642712,1.188384464,1.887918913,-10074.56331,20159.12662,20193.20792
Estimate,0.803336562,0.906942852,0.32679618,1.350921953,1.876181409,-10080.73025,20171.46051,20205.54181
Estimate,0.79940648,0.951736708,0.160063507,1.283202837,1.881962162,-10026.78619,20063.57238,20097.65368
Estimate,0.637584199,0.95852789,0.191267113,1.361876388,1.876850432,-10018.12915,20046.25831,20080.33961
Estimate,0.710163752,0.860569556,0.24129242,1.166630851,1.889681159,-10082.06248,20174.12496,20208.20626
Estimate,0.45617781,0.926886293,0.123940638,1.298630655,2.042703275,-10014.88428,20039.76856,20073.84986
Estimate,0.611869285,0.901436811,0.262133295,1.259132072,1.899194373,-10020.28733,20050.57467,20084.65597
Estimate,0.674174528,0.897323747,0.256642565,1.267743477,1.933722566,-10021.5083,20053.01661,20087.09791
Estimate,0.455495929,0.900011832,0.251001649,1.094884467,2.013515578,-10131.94178,20273.88356,20307.96486
Estimate,0.52550958,0.816787329,0.390547432,1.362296153,1.911774374,-10031.55258,20073.10516,20107.18646
Estimate,0.78806979,0.900014348,0.259922687,1.3771356,2.028610257,-10047.11698,20104.23397,20138.31527
Estimate,0.608204144,0.899794428,0.167577111,1.242229551,1.956157702,-10012.04918,20034.09836,20068.17966
Estimate,0.784508705,0.918497418,0.293572241,1.382866365,1.865504968,-10058.0369,20126.0738,20160.1551
Estimate,0.841959091,0.962426987,0.174458948,1.31508737,1.900504004,-10034.63463,20079.26925,20113.35055
Estimate,0.86547889,0.869343132,0.350902275,1.304807376,1.864450021,-10113.03918,20236.07835,20270.15965
Estimate,0.733867755,0.900675357,0.193518988,1.090089907,1.914441383,-10130.08795,20270.1759,20304.2572
Estimate,0.59950854,0.920407803,0.195335909,1.273814763,2.055505379,-9990.180862,19990.36172,20024.44303
Estimate,1.221769614,0.949817933,0.245005946,1.295805881,1.930155812,-10115.99742,20241.99483,20276.07614
Estimate,0.373159952,0.826380872,0.271105885,1.20230974,1.819688355,-10077.92274,20165.84549,20199.92679
Estimate,0.115596616,0.899416229,0.286187043,1.486418278,2.492198419,-10082.75347,20175.50694,20209.58824
Estimate,0.694121706,0.901387101,0.24268635,1.186551731,1.885079215,-10061.61435,20133.2287,20167.31001
Estimate,0.818520729,0.967627019,0.142874184,1.301893183,1.841011821,-10034.8853,20079.77059,20113.85189
Estimate,0.658681819,0.87332125,0.363401108,1.436463927,1.883036232,-10061.2474,20132.4948,20166.5761
Estimate,0.847740551,0.890715188,0.299449879,1.406338712,1.958284195,-10084.35308,20178.70616,20212.78746
Estimate,0.839647307,0.958930553,0.171600357,1.114257368,2.493135355,-10071.30224,20152.60449,20186.68579
Estimate,0.70129485,0.900010636,0.099988182,1.24649166,1.87975183,-10139.28072,20288.56145,20322.64275
Estimate,0.609242675,0.875196629,0.249697432,1.390793186,1.969426802,-10008.68646,20027.37293,20061.45423
Estimate,1.040241702,0.904977158,0.272248609,1.193341047,1.914979311,-10159.70337,20329.40674,20363.48804
Estimate,0.708804649,0.894334141,0.220012051,1.22007089,1.876139277,-10032.6773,20075.35459,20109.4359
Estimate,0.620809556,0.777435935,0.375121401,1.408365759,2.176234668,-10052.30752,20114.61503,20148.69633
Estimate,0.48279352,0.839413738,0.257016903,1.285296188,2.207793953,-9989.34374,19988.68748,20022.76878
Estimate,0.596933287,0.906960298,0.251816827,1.281779815,2.111362659,-9999.108542,20008.21708,20042.29839
Estimate,0.693167995,0.970511478,0.14238789,1.371234314,1.901956927,-10038.78926,20087.57852,20121.65982
Estimate,1.09737344,0.949238611,0.290251558,1.163015837,2.260966665,-10164.7115,20339.423,20373.5043
Estimate,0.609383338,0.927989992,0.238449236,1.321258509,1.933678669,-10006.9717,20023.94341,20058.02471
Estimate,0.433261926,0.947133356,0.137298201,1.31777501,1.92128119,-9995.888866,20001.77773,20035.85903
Estimate,0.404118207,0.875639966,0.285637199,1.400606759,2.248295165,-9998.290894,20006.58179,20040.66309
Estimate,0.537506068,0.903624386,0.298539594,1.259784307,2.272051848,-10026.43572,20062.87145,20096.95275
Estimate,0.696993487,0.914276532,0.22048354,1.218731046,1.828471555,-10040.87193,20091.74386,20125.82516
Estimate,0.678684715,0.879277194,0.268665184,1.357821293,1.904805513,-10020.89699,20051.79399,20085.87529
Estimate,0.779063283,0.904303322,0.202749737,1.344195683,1.917826068,-10046.53967,20103.07935,20137.16065
Estimate,0.798850254,0.944677392,0.155284877,1.17204636,1.979665717,-10055.28143,20120.56287,20154.64417
Estimate,1.016377685,0.880200628,0.295175426,1.388532656,1.932770181,-10170.47842,20350.95684,20385.03815
Estimate,0.777524262,0.829063497,0.265154802,1.132844533,1.810864001,-10152.93426,20315.86852,20349.94982
Estimate,0.971469024,0.899969479,0.333690077,1.221839562,1.879691994,-10158.10383,20326.20766,20360.28896
Estimate,0.736005121,0.937012951,0.239947511,1.240791096,1.921218439,-10046.86948,20103.73896,20137.82027
Estimate,0.84246763,0.938232401,0.169485734,1.26220468,1.900503748,-10042.20257,20094.40514,20128.48644
Estimate,0.903100828,0.900020474,0.267677217,1.122329894,1.969037043,-10161.35964,20332.71929,20366.80059
Estimate,0.497859297,0.874167483,0.233683263,1.407186352,2.34870178,-10012.37751,20034.75501,20068.83631
Estimate,0.797925355,0.965982831,0.155016543,1.113825706,1.979045355,-10105.67742,20221.35483,20255.43614
Estimate,0.558006963,0.977423326,0.1482009,1.36932152,1.790459073,-10030.6373,20071.27461,20105.35591
Estimate,0.74659597,0.949119192,0.131306963,1.166780305,1.783662946,-10069.10635,20148.21271,20182.29401
Estimate,0.886087782,0.963282137,0.14341236,1.155617525,1.87768881,-10085.48516,20180.97032,20215.05162
Estimate,0.581247238,0.941097116,0.165799465,1.32340364,1.809123335,-9992.924995,19995.84999,20029.93129
Estimate,0.679600159,0.922679433,0.22413792,1.260407492,1.900638514,-10012.7473,20035.49461,20069.57591
Estimate,0.581967083,0.935454364,0.260185157,1.383247301,1.897193831,-10029.99837,20069.99674,20104.07804
Estimate,0.982454551,0.931516118,0.247846221,1.272926599,2.087624049,-10077.18249,20164.36499,20198.44629
Estimate,0.666749814,0.84333197,0.277420474,1.372025562,1.861532502,-10034.47369,20078.94738,20113.02868
Estimate,0.59244977,0.909711479,0.242933064,1.256471735,2.235110393,-9999.121878,20008.24376,20042.32506
Estimate,0.573132385,0.95913555,0.141494314,1.298353633,2.087480895,-10006.69367,20023.38734,20057.46864
Estimate,0.7363744,0.939321395,0.253650809,1.317483065,1.977747797,-10038.02662,20086.05324,20120.13454
Estimate,0.868737201,0.943845685,0.252415557,1.291370894,1.871604476,-10066.89319,20143.78637,20177.86767
Estimate,0.662852393,0.980305566,0.103429005,1.116581958,1.738031089,-10128.66224,20267.32449,20301.40579
Estimate,0.660092691,0.95859077,0.146142592,1.238863608,1.992204905,-10011.9382,20033.87639,20067.95769
Estimate,0.566979489,0.900129823,0.34534405,1.567970405,2.661530409,-10162.91153,20335.82307,20369.90437
Estimate,0.62669464,0.923565833,0.18720784,1.166016037,2.018491533,-10038.63317,20087.26634,20121.34764
Estimate,0.698686456,0.900561565,0.328848403,1.283699323,1.935140465,-10072.02927,20154.05854,20188.13984
Estimate,0.603314499,0.89796783,0.218894256,1.342242734,2.004208273,-9994.10298,19998.20596,20032.28726
Estimate,1.016558346,0.924071224,0.342678962,1.239582361,2.125904644,-10157.9483,20325.89661,20359.97791
Estimate,0.637213407,0.895219203,0.286043215,1.217275937,1.883625578,-10056.03203,20122.06405,20156.14535
Estimate,0.686503498,0.901843834,0.248809546,1.387141466,1.913070367,-10019.82363,20049.64726,20083.72856
Estimate,0.663813661,0.954295195,0.136824153,1.208284874,1.974964224,-10017.50871,20045.01741,20079.09871
Estimate,0.768556805,0.961982424,0.178377568,1.151750079,1.921826207,-10085.56248,20181.12495,20215.20625
Estimate,0.669630312,0.895845714,0.199041526,1.291355032,1.987069978,-10015.76442,20041.52884,20075.61015
Estimate,0.622780734,0.891366029,0.227843243,1.321866228,1.903468047,-10000.41212,20010.82425,20044.90555
Estimate,0.578188724,0.887116306,0.220915534,1.309139804,2.047715567,-9991.051329,19992.10266,20026.18396
Estimate,0.693764825,0.937272801,0.186094603,1.386117166,2.790807874,-10064.34884,20138.69768,20172.77898
Estimate,0.404753142,0.916109469,0.185327063,1.31471249,1.982130865,-9982.592917,19975.18583,20009.26713
Estimate,0.722547988,0.930316832,0.234615156,1.212333045,1.877220127,-10055.14414,20120.28829,20154.36959
Estimate,0.520306272,0.922945086,0.304582184,1.316189757,2.03418817,-10043.6847,20097.36941,20131.45071
Estimate,0.653936721,0.9421398,0.176504453,1.298985141,1.786771091,-10001.23493,20012.46985,20046.55115
Estimate,0.518032048,0.893991432,0.239948432,1.505549411,1.86523511,-10036.61113,20083.22226,20117.30356
Estimate,1.239706887,0.983804725,0.139863009,1.374485516,2.042367538,-10079.56204,20169.12408,20203.20538
Estimate,0.57847379,0.951599459,0.158920802,1.316634483,2.059795833,-9993.864883,19997.72977,20031.81107
Estimate,0.628283875,0.896794435,0.178486548,1.194285105,1.86769515,-10036.66688,20083.33377,20117.41507
Estimate,0.714793166,0.913865934,0.224357645,1.254815751,2.065746543,-10015.42928,20040.85857,20074.93987
Estimate,0.684545333,0.941060944,0.155147875,1.231453407,1.997110468,-10011.77903,20033.55806,20067.63936
Estimate,0.722663245,0.963440655,0.157287622,1.076652281,1.926218382,-10145.83052,20301.66104,20335.74234
Estimate,0.592230915,0.912848174,0.198840608,1.360802593,1.98359965,-9995.786464,20001.57293,20035.65423
Estimate,0.669586873,0.899978777,0.214072328,1.258907158,1.903259623,-10011.04055,20032.08111,20066.16241
Estimate,0.528511442,0.909086855,0.215483978,1.391597247,1.833595071,-9988.033364,19986.06673,20020.14803
Estimate,0.714615824,0.900012766,0.293281753,1.322154084,2.164303109,-10033.7922,20077.58441,20111.66571
Estimate,0.532486489,0.861032141,0.25665706,1.409498358,1.85840144,-9999.975587,20009.95117,20044.03248
Estimate,0.51850967,0.90939688,0.25035701,1.45593043,2.208662669,-10030.46293,20070.92586,20105.00716
Estimate,1.15272677,0.97650333,0.175515373,1.30538552,1.870137524,-10072.34955,20154.6991,20188.7804
Estimate,0.620768847,0.971685744,0.153309802,1.263292555,2.107046882,-10016.39246,20042.78493,20076.86623
Estimate,0.51713575,0.899412807,0.21752262,1.409868417,1.879261274,-9995.03529,20000.07058,20034.15188
Estimate,0.624374872,0.927399427,0.207249318,1.154844886,1.965793299,-10056.12625,20122.25251,20156.33381
Estimate,-0.065580113,0.900051235,0.338625037,1.592727365,1.955094987,-10166.91572,20343.83144,20377.91274
Estimate,0.324327656,0.88125435,0.32681162,1.467623045,2.296720933,-10037.31352,20084.62705,20118.70835
Estimate,0.593371559,0.923258274,0.184218641,1.302349034,1.786205222,-9994.803189,19999.60638,20033.68768
Estimate,0.850180759,0.90001539,0.270459183,1.214855834,1.879640895,-10091.5352,20193.0704,20227.1517
Estimate,0.687958984,0.821832544,0.279468951,1.239471949,2.183734523,-10052.91538,20115.83076,20149.91206
Estimate,0.748409168,0.898681671,0.243199577,1.193033626,1.857910459,-10065.50749,20141.01499,20175.09629
Estimate,0.897355961,0.966335537,0.19970609,1.325672952,1.863554045,-10044.88457,20099.76914,20133.85044
Estimate,0.705715588,0.965641524,0.154745109,1.520108479,1.940818917,-10124.14956,20258.29912,20292.38042
Estimate,0.585097581,0.873595549,0.254372398,1.167388945,1.907168552,-10062.12936,20134.25871,20168.34001
Estimate,0.991797358,0.955904535,0.221831723,1.271498155,1.896618466,-10072.50086,20155.00173,20189.08303
Estimate,0.518487297,0.908736997,0.213615139,1.40427007,2.119115309,-10003.20062,20016.40123,20050.48253
Estimate,0.76905267,0.879157515,0.226708902,1.194460923,1.996294631,-10071.82997,20153.65993,20187.74123
Estimate,0.701482435,0.908522204,0.221927269,1.321632923,1.893473566,-10010.25837,20030.51675,20064.59805
Estimate,0.668662058,0.900006784,0.199321422,1.167972622,1.87984171,-10054.02573,20118.05146,20152.13276
Estimate,0.801821449,0.900048205,0.169042273,1.452524562,1.922451601,-10173.15411,20356.30822,20390.38952
Estimate,0.368857538,0.867685844,0.282624149,1.232616378,1.808880238,-10048.64629,20107.29258,20141.37388
Estimate,0.361183543,0.944809431,0.120730247,1.366969105,2.253029956,-10042.9982,20095.99641,20130.07771
Estimate,0.680881232,0.899957458,0.279972067,1.141212537,1.880974377,-10121.73582,20253.47164,20287.55295
Estimate,0.702830587,0.905578692,0.203794685,1.122710421,1.988473711,-10085.08693,20180.17386,20214.25516
Estimate,0.743835149,0.894955728,0.194235091,1.089590767,1.890717107,-10136.70144,20283.40287,20317.48417
Estimate,0.680492966,0.898634984,0.243301968,1.445050904,1.950691644,-10037.4323,20084.8646,20118.9459
Estimate,0.700070783,0.942920039,0.229200942,1.350776454,2.011902145,-10018.86027,20047.72054,20081.80184
Estimate,0.743041192,0.942934633,0.197334692,1.370964715,2.047717074,-10023.73026,20057.46052,20091.54182
Estimate,0.77090246,0.899931767,0.201904746,1.359625316,1.879573794,-10052.0581,20114.11621,20148.19751
Estimate,0.588831192,0.907726089,0.164841215,1.049762324,1.912696778,-10166.27161,20342.54322,20376.62452
Estimate,0.522040836,0.94221448,0.174499383,1.458963291,1.891193465,-10028.0389,20066.07779,20100.15909
Estimate,0.834352206,0.956180045,0.18334925,1.300981942,2.078324527,-10030.45825,20070.9165,20104.9978
Estimate,1.004782298,0.939923437,0.244846198,1.363583771,1.7825978,-10082.96156,20175.92313,20210.00443
Estimate,0.761380647,0.917887204,0.119375373,1.124881061,1.872596888,-10129.19027,20268.38055,20302.46185
Estimate,0.91351997,0.92972166,0.169117747,1.168680585,1.848442948,-10105.69877,20221.39753,20255.47883
Estimate,0.852301412,0.861843921,0.379417126,1.304636056,1.917768465,-10120.28405,20250.56811,20284.64941
