"miu1","miu2","be1","be2","sig1","sig2","lam1","lam2","del1","del2","w1","w2","LogL","AIC","BIC"
0.173725854,1.171434499,0.792763427,0.97754315,0.233160931,0.224962383,0.220429402,-2.142347417,1.17246725,0.386822907,0.501511884,2.267274982,-9665.06712,19354.13424,19435.92936
0.225203235,1.032539115,0.823954609,0.98970055,0.276258326,0.089039893,-0.028201457,-2.153290261,1.083114069,0.380030022,0.626581446,2.2134064,-9680.13342,19384.26684,19466.06196
0.324453432,1.007922224,0.792857792,0.928346256,0.263804107,0.109609926,0.403875559,-2.190844619,1.15016839,0.300484533,0.376759604,2.244558102,-9681.53189,19387.06378,19468.8589
0.397207848,0.859999429,0.794797496,0.975428971,0.158488704,0.237647669,0.209825006,-2.168712619,1.131616623,0.485274242,0.519051603,2.18432763,-9688.06675,19400.1335,19481.92862
0.244002346,0.851959015,0.800175101,0.98037909,0.201380267,0.166297815,0.145292009,-2.322770282,1.20580009,0.500393647,0.412557633,2.29990756,-9692.11113,19408.22226,19490.01738
0.323310845,1.359478602,0.874551925,0.985008114,0.218995787,0.140723098,0.354913042,-2.371919433,1.243676462,0.553133421,0.296370938,2.218056925,-9697.87098,19419.74196,19501.53708
0.342908074,1.327354465,0.879891729,0.981396161,0.157213076,0.193116938,0.224367963,-2.340194818,1.094361933,0.501259247,0.51518851,2.283403259,-9700.30975,19424.6195,19506.41462
0.128926456,0.920632172,0.795813368,0.970095134,0.358220873,0.16413228,0.225880258,-2.202204028,1.209842593,0.506340945,0.356711391,2.207910694,-9703.44585,19430.8917,19512.68682
0.33348971,1.208807304,0.900441505,0.979053987,0.199627789,0.099010798,0.137046746,-2.228790126,1.17633545,0.498510667,0.474603394,2.200664564,-9704.86983,19433.73966,19515.53478
0.201604936,1.09913411,0.773853652,0.989032535,0.218580392,0.226955508,0.037201204,-2.242265826,1.212033809,0.492028441,0.370866085,2.247655054,-9708.45727,19440.91454,19522.70966
0.26899766,1.044612937,0.911272705,0.969474153,0.163030824,0.187110558,0.059809035,-2.214160753,1.261423561,0.499073485,0.40080262,2.224742355,-9708.69974,19441.39948,19523.1946
0.324825527,1.005917115,0.798666067,0.978186572,0.330747087,0.102118288,0.067735676,-2.24755027,1.304703008,0.500353328,0.299195735,2.24105068,-9708.77262,19441.54524,19523.34036
0.215755211,1.122770394,0.778548007,0.956347878,0.202304899,0.167981781,0.103105692,-2.377163174,1.213629722,0.51639446,0.338517355,2.251533436,-9712.96225,19449.9245,19531.71962
0.344868459,0.909518634,0.852203733,0.978478281,0.243187169,0.136497644,0.087312287,-2.445570993,1.217345901,0.422569175,0.40436588,2.26642154,-9714.73194,19453.46388,19535.259
0.212598702,1.023825498,0.789219815,0.963619587,0.25864936,0.229485572,0.174602135,-2.365842941,1.303385975,0.6525138,0.294397804,2.22420714,-9715.15247,19454.30494,19536.10006
0.199876087,1.023353692,0.899941408,0.979938928,0.262250819,0.185669252,0.192102676,-2.328959291,1.169455764,0.567530718,0.498096034,2.219117776,-9716.6706,19457.3412,19539.13632
0.305689798,1.093942228,0.81731231,0.983010873,0.301849496,0.15867668,0.038330013,-2.401547154,1.309295603,0.527568702,0.343148099,2.22959232,-9716.75217,19457.50434,19539.29946
0.11607191,0.979567831,0.76432262,0.892537648,0.154975588,0.23892077,0.215274462,-2.403985617,1.211733448,0.561204456,0.375453211,2.253814978,-9719.031,19462.062,19543.85712
0.36912021,1.186064518,0.906446148,0.97680331,0.178281549,0.167390086,0.124025374,-2.326711744,1.222668053,0.561562085,0.35975938,2.204477995,-9720.14663,19464.29326,19546.08838
0.223658844,1.061990837,0.805845601,0.982025198,0.197965706,0.100086312,-0.019053432,-2.199854513,1.12720215,0.582663796,0.475542083,2.184395399,-9720.32249,19464.64498,19546.4401
0.32863598,1.004483995,0.763869245,0.952231285,0.286231224,0.139297089,0.018330289,-2.426284677,1.197676148,0.533001711,0.416158541,2.228125197,-9720.70773,19465.41546,19547.21058
0.374884295,0.809103649,0.888395458,0.98863319,0.15795341,0.126805265,0.192352926,-2.403505199,1.280710352,0.538843181,0.330430552,2.257853467,-9723.00535,19470.0107,19551.80582
0.316012933,1.048100554,0.80403223,0.984208081,0.169294625,0.269059312,0.109803103,-2.348098024,1.291482597,0.502946263,0.28556376,2.295062691,-9725.26324,19474.52648,19556.3216
0.419395456,1.116361578,0.892766804,0.98305377,0.239222573,0.081279779,0.150779405,-2.428071941,1.254119349,0.465331147,0.322329757,2.261357941,-9727.64385,19479.2877,19561.08282
0.226085517,1.02762941,0.777557864,0.977079206,0.214806938,0.14878982,-0.029834294,-2.433825907,1.210772307,0.551327712,0.431044202,2.229011522,-9727.86078,19479.72156,19561.51668
0.298393405,0.995359607,0.802368796,0.98020755,0.16353584,0.157291511,0.135350447,-2.388166496,1.312409037,0.521091018,0.309928078,2.292137557,-9728.31532,19480.63064,19562.42576
0.075670508,1.210489319,0.898532086,0.979973359,0.327325006,0.099162531,0.185784165,-2.18220106,1.357957039,0.499538492,0.331188232,2.202276513,-9729.06543,19482.13086,19563.92598
0.253435511,0.873911905,0.795117989,0.967069734,0.397276701,0.049108239,0.003256652,-2.211329867,1.430393419,0.492530181,0.28150537,2.185602746,-9729.92817,19483.85634,19565.65146
0.147296226,1.418558574,0.823195143,0.953304312,0.247707598,0.234540416,0.266221492,-2.553300503,1.257865632,0.548118392,0.381987312,2.266218448,-9730.11826,19484.23652,19566.03164
0.568278067,0.957731639,0.83646611,0.988790203,0.239865129,0.192815099,0.465003623,-2.45006498,1.233132826,0.412366878,0.279150712,2.25846956,-9730.18023,19484.36046,19566.15558
0.37962354,1.210224849,0.89772353,0.988475124,0.170496245,0.127156625,0.207939935,-2.405740743,1.168509947,0.500223678,0.353397047,2.284109371,-9732.64328,19489.28656,19571.08168
0.540093662,1.536345766,0.890184478,0.979694409,0.209679782,0.255100652,0.346602261,-2.311430842,1.387802615,0.506379737,0.286874061,2.213429172,-9732.72654,19489.45308,19571.2482
0.135902679,1.238086054,0.799923169,0.975890902,0.204373652,0.263166922,0.142205022,-2.405594952,1.156546069,0.511609561,0.414583483,2.268564918,-9732.74098,19489.48196,19571.27708
0.488883169,1.039802967,0.866075119,0.983001509,0.184522725,0.108895189,0.076939022,-2.366205874,1.114568276,0.499854146,0.589827684,2.256839141,-9733.24365,19490.4873,19572.28242
0.184976239,0.892219698,0.846677556,0.989939137,0.34350008,0.126989545,0.059881118,-2.417435484,1.363124875,0.497902461,0.363151285,2.252275313,-9733.26308,19490.52616,19572.32128
0.076725429,0.934632217,0.799846555,0.979950836,0.280885885,0.196963018,0.302438406,-2.494520249,1.149898977,0.651511487,0.461094983,2.230666607,-9733.65649,19491.31298,19573.1081
0.273906726,1.091782354,0.785091987,0.9651219,0.186364866,0.187358397,0.039776978,-2.343915568,1.208088427,0.511961873,0.314925403,2.247282147,-9735.15241,19494.30482,19576.09994
0.047647916,0.658802885,0.898891087,0.979783115,0.158363575,0.178667159,0.874119171,-2.059655251,1.149876743,0.500532306,0.314257122,2.29057696,-9735.2625,19494.525,19576.32012
0.107619388,1.007799872,0.80446651,0.962124798,0.215108134,0.145237149,0.202794146,-2.447624555,1.113015554,0.607182304,0.464987739,2.191250269,-9735.4425,19494.885,19576.68012
0.320802737,1.235710027,0.899942452,0.970000609,0.159995128,0.188562934,0.273359796,-2.414358647,1.194040454,0.571475305,0.299990865,2.20374959,-9736.49263,19496.98526,19578.78038
0.397016888,0.966020586,0.865410191,0.925286819,0.270736467,0.334193063,0.037229905,-2.326168769,1.428883066,0.402559201,0.293893307,2.361106992,-9737.04084,19498.08168,19579.8768
0.243237657,1.378663359,0.790018266,0.98074122,0.344566842,0.072084571,0.187406816,-2.390587196,1.211540261,0.498677481,0.444490755,2.309161453,-9737.12031,19498.24062,19580.03574
0.14313308,0.883654201,0.90001763,0.980025438,0.18275333,0.072950627,0.161256271,-2.383592728,1.14987473,0.500009128,0.409873795,2.244884455,-9737.74897,19499.49794,19581.29306
0.232030345,1.280756449,0.905944117,0.981656818,0.196741604,0.109776926,0.097459809,-2.458024902,1.165192669,0.48255308,0.442881402,2.282126134,-9737.85816,19499.71632,19581.51144
-0.089904752,0.973644027,0.898366418,0.981248104,0.350570822,0.069393888,0.830948879,-1.932581421,1.141289302,0.495578359,0.504262723,2.198629055,-9738.48497,19500.96994,19582.76506
0.212831311,0.929435125,0.793782666,0.982478403,0.19891437,0.14960303,0.107600156,-2.484438387,1.180787746,0.60039763,0.428026171,2.252355397,-9738.83777,19501.67554,19583.47066
0.230236942,0.903417151,0.912992024,0.967362311,0.16612615,0.110170075,0.16560236,-2.397905294,1.224720847,0.588008923,0.367002306,2.203153674,-9739.93763,19503.87526,19585.67038
0.266975518,1.096248489,0.806148394,0.970413026,0.203558307,0.116050935,0.087312497,-2.411519157,1.272973315,0.516096072,0.283424706,2.287197178,-9739.9494,19503.8988,19585.69392
0.209851795,0.983735851,0.799955574,0.979948026,0.253178465,0.119232005,0.026256919,-2.502949172,1.227030496,0.502864678,0.408175435,2.311591315,-9740.16231,19504.32462,19586.11974
0.09734928,1.356650253,0.800280864,0.949909755,0.202113783,0.083537401,0.143919298,-2.093038967,1.097877568,0.604619215,0.640158868,2.144948032,-9740.38405,19504.7681,19586.56322
0.187708253,1.185372667,0.791409933,0.95891113,0.222593626,0.083171095,0.265617245,-2.532479574,1.330139245,0.482866307,0.297749487,2.256738464,-9740.42777,19504.85554,19586.65066
0.16887209,0.887080364,0.80092647,0.977039657,0.329829729,0.237639035,0.393516334,-2.466107681,1.220212236,0.620577461,0.310789494,2.213452342,-9740.83842,19505.67684,19587.47196
0.073252699,1.157869786,0.799444565,0.979186517,0.200406666,0.101049747,0.20414073,-2.086612247,1.148375677,0.576305244,0.433650339,2.20011449,-9741.25615,19506.5123,19588.30742
0.29685448,1.37036816,0.893334667,0.975227926,0.191441388,0.142132879,0.07839762,-2.492910605,1.262288732,0.493314349,0.361037503,2.279218222,-9741.29984,19506.59968,19588.3948
0.180493539,1.029105587,0.843027339,0.959620061,0.145036002,0.194101399,0.126913102,-2.524349363,1.211925445,0.524137889,0.350476737,2.277251642,-9741.57479,19507.14958,19588.9447
0.193362501,1.097173376,0.823929198,0.978704345,0.169666009,0.117197721,0.126808737,-2.528937855,1.206327819,0.476138856,0.389786531,2.284173792,-9741.71863,19507.43726,19589.23238
0.063062608,0.77477149,0.926605671,0.952914828,0.223254092,0.292011276,0.631681588,-1.752874885,1.135100009,0.476968208,0.323183187,2.193680843,-9742.1847,19508.3694,19590.16452
0.204203729,0.966612147,0.800699019,0.97584365,0.2421662,0.080122806,0.141483966,-2.470739083,1.1841587,0.533765625,0.490943744,2.206320674,-9742.18768,19508.37536,19590.17048
0.204203729,0.966612147,0.800699019,0.97584365,0.2421662,0.080122806,0.141483966,-2.470739083,1.1841587,0.533765625,0.490943744,2.206320674,-9742.18768,19508.37536,19590.17048
0.35156827,0.783947988,0.900273766,0.979140078,0.292756739,0.100441091,0.1294805,-2.371823769,1.16981074,0.499519997,0.496364104,2.200960263,-9742.86108,19509.72216,19591.51728
0.208800309,1.180558349,0.908560811,0.979898123,0.242524917,0.198669296,-0.049045742,-2.261728793,1.143617436,0.485327445,0.482867079,2.20571627,-9742.93073,19509.86146,19591.65658
0.206092424,1.07645266,0.768473416,0.965049758,0.191021387,0.293056587,0.316227235,-2.459016441,1.292655628,0.464373096,0.421581962,2.276165033,-9743.77844,19511.55688,19593.352
0.15283474,1.092720832,0.81507306,0.935720489,0.246396348,0.209244469,0.04224534,-2.478859111,1.167652827,0.462064302,0.394175546,2.286233882,-9743.78236,19511.56472,19593.35984
0.355031698,1.108436855,0.900015597,0.979903478,0.199672329,0.129250421,0.051788578,-2.443771187,1.254831361,0.587735878,0.356716277,2.200064843,-9743.86834,19511.73668,19593.5318
0.394090563,0.999359555,0.761590323,0.927025891,0.329778005,0.281149084,0.022909473,-2.398534871,1.349529193,0.485301238,0.322236742,2.314587454,-9744.14821,19512.29642,19594.09154
0.26298639,1.076218643,0.884127213,0.963001955,0.222601262,0.233638505,0.299157892,-2.413922089,1.31003008,0.64114777,0.418679579,2.200356447,-9746.15549,19516.31098,19598.1061
0.371549401,1.400235414,0.898685504,0.983721493,0.206614473,0.098032114,0.065336214,-2.44370049,1.269346828,0.501500415,0.333114175,2.267184101,-9746.23713,19516.47426,19598.26938
0.104003188,0.865955388,0.81695159,0.944687064,0.21522505,0.205784574,0.079886102,-2.430802607,1.282048938,0.543289154,0.274980582,2.222275971,-9746.3952,19516.7904,19598.58552
0.285211764,1.081911916,0.800001833,0.987727504,0.196810021,0.117603125,-0.016250096,-2.474123731,1.312457204,0.567962402,0.31818875,2.223031251,-9746.49829,19516.99658,19598.7917
0.285211764,1.081911916,0.800001833,0.987727504,0.196810021,0.117603125,-0.016250096,-2.474123731,1.312457204,0.567962402,0.31818875,2.223031251,-9746.49829,19516.99658,19598.7917
0.285211764,1.081911916,0.800001833,0.987727504,0.196810021,0.117603125,-0.016250096,-2.474123731,1.312457204,0.567962402,0.31818875,2.223031251,-9746.49829,19516.99658,19598.7917
0.407894117,0.968086467,0.805718546,0.974135722,0.192036062,0.063889821,0.059221365,-2.364175163,1.158357677,0.507237752,0.451086817,2.21903062,-9746.7832,19517.5664,19599.36152
0.219975576,1.046528466,0.802572374,0.978488317,0.238294703,0.066288491,0.115821017,-2.517220468,1.345047359,0.529339157,0.290937119,2.236690453,-9746.80151,19517.60302,19599.39814
0.222403004,1.014764008,0.804871128,0.984998843,0.207083342,0.152070222,0.137966156,-2.511329003,1.248656239,0.575268487,0.316633114,2.20656595,-9747.48111,19518.96222,19600.75734
0.207590181,0.972218039,0.827356094,0.985538943,0.211942594,0.137003686,0.057105165,-2.375380893,1.202411965,0.528822917,0.387245761,2.313255655,-9747.74173,19519.48346,19601.27858
0.278368991,0.920791793,0.800117324,0.979882494,0.201421548,0.100090512,0.079872454,-2.492995539,1.251133223,0.50010532,0.331756976,2.291238483,-9748.26202,19520.52404,19602.31916
0.330854423,1.208625246,0.902056583,0.967421162,0.161048396,0.155049235,0.118571495,-2.531358737,1.150704171,0.513011251,0.45413746,2.252511549,-9748.47999,19520.95998,19602.7551
0.345598252,1.210610163,0.897858431,0.9791689,0.195772691,0.09942588,0.059124536,-2.401420885,1.292298784,0.502576085,0.298706807,2.201736412,-9748.89878,19521.79756,19603.59268
0.19684694,0.945885068,0.94329549,0.948374637,0.209387638,0.183958733,0.064257405,-2.396087655,1.263675613,0.45490184,0.34786885,2.252920367,-9749.14201,19522.28402,19604.07914
0.165446638,1.02409051,0.816967073,0.989470333,0.259607702,0.112083637,0.179606877,-2.483084052,1.167256014,0.518762099,0.349645531,2.253016169,-9750.33202,19524.66404,19606.45916
0.247950295,1.25937127,0.895542193,0.986396178,0.215035053,0.143140605,0.160638712,-2.430366696,1.138712128,0.469208636,0.511972711,2.203858121,-9751.74865,19527.4973,19609.29242
0.221801403,0.986511732,0.897477126,0.980935282,0.291488236,0.091426952,0.191075253,-2.440563297,1.260858817,0.505548218,0.451864846,2.224878972,-9752.15577,19528.31154,19610.10666
0.170599112,1.157779967,0.821938666,0.923491896,0.178088601,0.234751438,0.035074412,-2.586755049,1.253883285,0.497018345,0.354990345,2.276524773,-9752.32034,19528.64068,19610.4358
0.28711049,1.210701425,0.813408458,0.965178414,0.232028702,0.064533832,0.168909295,-2.462317342,1.261868944,0.643243345,0.309036956,2.196625735,-9752.46355,19528.9271,19610.72222
0.261292189,1.162140236,0.892676195,0.962130519,0.239550145,0.091040773,0.097801068,-2.483397614,1.259697882,0.502210721,0.337317817,2.252573545,-9753.06795,19530.1359,19611.93102
0.214299772,1.079536977,0.912738391,0.976966962,0.169808232,0.137083092,0.074813297,-2.47755225,1.321113101,0.527119978,0.292018039,2.242999923,-9753.17983,19530.35966,19612.15478
0.179562024,0.991253527,0.780584959,0.948015613,0.216090672,0.249073588,0.036303979,-2.467947881,1.211115726,0.483359015,0.335157759,2.264352098,-9753.69894,19531.39788,19613.193
0.388100571,1.238007864,0.90323842,0.97884406,0.228162098,0.111516004,0.184151511,-2.490596275,1.269515747,0.501228079,0.30064095,2.245638832,-9754.17215,19532.3443,19614.13942
0.247063265,1.186653263,0.899917689,0.979595773,0.20000521,0.100163799,0.169341494,-2.475691985,1.149907264,0.499949752,0.512670314,2.312566614,-9754.2853,19532.5706,19614.36572
0.37538996,1.038270614,0.818288572,0.953419772,0.223086792,0.100748937,0.22548696,-2.552834634,1.205151427,0.542585712,0.418022587,2.230896114,-9754.31082,19532.62164,19614.41676
0.213005853,1.174734174,0.753033926,0.950537663,0.136567264,0.166725891,0.180742066,-2.435608291,1.132949501,0.480192057,0.396098149,2.310351363,-9754.43057,19532.86114,19614.65626
0.284923139,0.753531561,0.765846051,0.989743664,0.376853876,0.040509873,-0.011256883,-2.392683991,1.379826035,0.474567122,0.396537183,2.211240784,-9754.53526,19533.07052,19614.86564
0.297625354,1.313304473,0.894897055,0.981895231,0.195043728,0.223137222,0.127568282,-2.540261693,1.235585599,0.505669832,0.439639087,2.279765596,-9754.93986,19533.87972,19615.67484
0.262154667,0.947791262,0.80001772,0.979967238,0.216904617,0.059859356,0.331934848,-2.46683212,1.319861583,0.67011498,0.300277171,2.19998499,-9754.96096,19533.92192,19615.71704
0.282293726,0.96189318,0.868024084,0.986479801,0.20839284,0.086103462,0.188122047,-2.492194549,1.198847305,0.5731402,0.49400814,2.271679823,-9755.32568,19534.65136,19616.44648
0.282293726,0.96189318,0.868024084,0.986479801,0.20839284,0.086103462,0.188122047,-2.492194549,1.198847305,0.5731402,0.49400814,2.271679823,-9755.32568,19534.65136,19616.44648
0.372440835,1.384714731,0.858724092,0.989416188,0.225145729,0.186286672,-0.010098017,-2.539387531,1.20471664,0.513328465,0.382103341,2.273614485,-9755.69254,19535.38508,19617.1802
0.191507056,0.995836154,0.798417353,0.983378302,0.161352067,0.107426734,0.166902462,-2.377384148,1.2111323,0.498491835,0.358782534,2.3004886,-9755.85436,19535.70872,19617.50384
0.134658921,1.095099063,0.899716041,0.967077638,0.218969703,0.08860211,0.118883237,-2.46460298,1.173304355,0.551178347,0.448899603,2.259102349,-9756.18633,19536.37266,19618.16778
0.259436905,0.929409027,0.898047542,0.979577906,0.158736862,0.084200367,0.094541207,-2.405097174,1.285447157,0.563743745,0.330139897,2.195402076,-9756.28042,19536.56084,19618.35596
0.28905903,1.157343563,0.899457159,0.969687905,0.281765325,0.234686517,0.169774881,-2.402231194,1.248948223,0.631995762,0.362405905,2.201835231,-9757.1133,19538.2266,19620.02172
0.24805145,1.070586366,0.89681932,0.980246524,0.207820403,0.173245374,0.034109084,-2.504644853,1.231485924,0.582329535,0.398766511,2.215217011,-9757.37918,19538.75836,19620.55348
0.352015161,1.380307455,0.902163856,0.971430296,0.174401955,0.142006308,0.087844296,-2.334772876,1.147998692,0.507277009,0.382017691,2.268833409,-9757.49287,19538.98574,19620.78086
0.26375067,1.196189822,0.897564858,0.983710665,0.174266472,0.092254168,0.197798121,-2.490284585,1.205781719,0.60568988,0.376362755,2.192410766,-9757.79531,19539.59062,19621.38574
0.335331762,1.057968864,0.804091223,0.947048825,0.236570551,0.139291821,0.003914956,-2.505310614,1.188557814,0.512129462,0.376790749,2.266217873,-9758.06494,19540.12988,19621.925
0.280253996,1.475762688,0.89989098,0.978261505,0.200443271,0.100793295,0.063742718,-2.442334206,1.19983708,0.518907356,0.369054137,2.254722443,-9758.16626,19540.33252,19622.12764
0.224681853,1.276168497,0.893785555,0.981899081,0.161017402,0.195447652,0.101150893,-2.560868225,1.170115476,0.497044529,0.405951996,2.272292628,-9758.20879,19540.41758,19622.2127
0.279305591,1.217737036,0.906956403,0.971957601,0.142553562,0.126696166,0.057499864,-2.331321258,1.279892481,0.493598128,0.372668618,2.236172231,-9758.6901,19541.3802,19623.17532
0.125165101,0.988157437,0.79959548,0.979555179,0.272915739,0.061111469,-0.063437931,-2.262494406,1.276873026,0.596196391,0.444804226,2.223780016,-9759.11703,19542.23406,19624.02918
0.031168805,1.11828022,0.909287586,0.946166155,0.161851503,0.134945326,0.298792431,-2.516171307,1.156866862,0.517379483,0.384943111,2.208893348,-9759.32597,19542.65194,19624.44706
0.169503384,1.400800175,0.900866539,0.978316912,0.200138571,0.098735989,0.022231252,-2.444248302,1.198770579,0.520814787,0.377791917,2.227120187,-9759.91482,19543.82964,19625.62476
0.245702786,1.251882583,0.883890228,0.989880802,0.235407405,0.030645278,0.032037205,-2.425527137,1.245114909,0.545933446,0.362106305,2.233495605,-9760.08017,19544.16034,19625.95546
0.095156481,1.19168851,0.902440716,0.971877671,0.184719612,0.218925232,-0.014537051,-2.409129571,1.201022523,0.56741602,0.521392389,2.230805044,-9760.50106,19545.00212,19626.79724
0.120687918,0.976564518,0.793137784,0.96736074,0.250351371,0.086637344,0.111543459,-2.369160148,1.230430088,0.615131143,0.303581478,2.214032928,-9760.539,19545.078,19626.87312
0.21555532,0.83676896,0.762388122,0.922015253,0.173019927,0.240587063,0.210021843,-2.519078443,1.227943627,0.38856359,0.312871673,2.265606212,-9760.71836,19545.43672,19627.23184
0.29553665,1.383648742,0.900107292,0.979879818,0.276974929,0.099473785,0.10717854,-2.469244089,1.297679199,0.499841192,0.3568037,2.261730733,-9762.17409,19548.34818,19630.1433
0.357267887,1.224839073,0.901493667,0.970099862,0.34739365,0.220879366,0.102904744,-2.196768242,1.307833262,0.496972527,0.437691653,2.214399879,-9762.30079,19548.60158,19630.3967
0.279749849,1.182183497,0.896706023,0.969943257,0.263328757,0.095687083,0.042360082,-2.433819766,1.305416485,0.496137546,0.384227346,2.231046004,-9762.78766,19549.57532,19631.37044
0.094991386,0.930086311,0.799915154,0.979903577,0.391126239,0.060022093,0.032215537,-2.494552132,1.294310074,0.499977989,0.377205003,2.255651263,-9762.97706,19549.95412,19631.74924
0.3187606,1.080451704,0.877867336,0.953018467,0.225463258,0.086250959,0.031320636,-2.466936696,1.32208679,0.408123146,0.282916845,2.27200685,-9763.37914,19550.75828,19632.5534
0.116571606,0.853416407,0.800018265,0.979955953,0.314055979,0.060735191,0.165469235,-2.150127687,1.418726711,0.499928384,0.299491855,2.321996751,-9763.48088,19550.96176,19632.75688
0.320315549,1.054750773,0.793552086,0.973586124,0.209774788,0.169520485,0.232477826,-2.49526107,1.164723432,0.548710413,0.294064843,2.280069753,-9763.51974,19551.03948,19632.8346
0.264219344,1.213114975,0.900075986,0.980037854,0.159876707,0.137197853,0.11022615,-2.458574621,1.149952469,0.499915465,0.49293741,2.20001393,-9763.91892,19551.83784,19633.63296
0.492885221,1.192638218,0.898008633,0.978800086,0.276007139,0.061824083,0.110719694,-2.296695482,1.298848213,0.587420039,0.299520704,2.197992371,-9764.10324,19552.20648,19634.0016
0.199307036,1.015197015,0.77861404,0.933298163,0.178749506,0.151417717,0.067737215,-2.511060826,1.213356018,0.501598437,0.326660844,2.2464693,-9764.17263,19552.34526,19634.14038
0.134796588,1.033532313,0.813067871,0.971258747,0.184060815,0.133897778,0.11974916,-2.497413058,1.269243387,0.565136356,0.307307756,2.266220287,-9765.00209,19554.00418,19635.7993
0.149947937,0.9486586,0.808025607,0.967784926,0.218630998,0.063813969,0.29334879,-2.491465046,1.186937946,0.508065891,0.307118044,2.27883164,-9765.64407,19555.28814,19637.08326
0.446219275,1.069856847,0.899656709,0.978328441,0.158450646,0.254682147,0.225188442,-2.556317426,1.187231657,0.701121154,0.430039174,2.200060145,-9766.02198,19556.04396,19637.83908
0.248755055,1.025617396,0.799313687,0.979697479,0.38342834,0.059677789,0.043497382,-2.446605025,1.149685875,0.503835846,0.531979771,2.199886679,-9766.21235,19556.4247,19638.21982
0.248755055,1.025617396,0.799313687,0.979697479,0.38342834,0.059677789,0.043497382,-2.446605025,1.149685875,0.503835846,0.531979771,2.199886679,-9766.21235,19556.4247,19638.21982
0.197976756,0.915339939,0.86174383,0.977520525,0.197851474,0.099527907,0.053334974,-2.447066879,1.179449417,0.497001829,0.329276276,2.248582229,-9766.22178,19556.44356,19638.23868
0.419491533,0.959884056,0.801115271,0.982478784,0.40474353,0.023031578,0.024004987,-2.360294887,1.397346904,0.495139533,0.322512514,2.196553008,-9766.25293,19556.50586,19638.30098
0.153377938,0.511249989,0.899265002,0.980003889,0.36355154,0.099961111,0.65148777,-1.792066833,1.199572223,0.499494446,0.498769873,2.199961111,-9766.26676,19556.53352,19638.32864
0.214095986,1.020240487,0.785776573,0.971839666,0.180265454,0.093040773,0.078239308,-2.485210174,1.237434444,0.486672448,0.328708038,2.267087406,-9766.27651,19556.55302,19638.34814
0.283788204,0.890472599,0.823112127,0.948910052,0.297809146,0.116226477,0.045022759,-2.507120636,1.204600966,0.541713563,0.362019491,2.260106375,-9766.38874,19556.77748,19638.5726
0.343255257,1.127710298,0.907118955,0.963389802,0.235898475,0.080116777,0.040182397,-2.445412547,1.183997531,0.561254849,0.449241481,2.224158606,-9766.4738,19556.9476,19638.74272
0.354589072,1.095077663,0.893042997,0.980522876,0.19947014,0.142957726,0.101269372,-2.537851323,1.372281905,0.559474854,0.306391978,2.245459082,-9766.86087,19557.72174,19639.51686
0.236148556,1.295755095,0.899783838,0.979774841,0.200288548,0.16247325,-0.025645672,-2.4592361,1.250741925,0.500583515,0.356874472,2.223247529,-9766.94925,19557.8985,19639.69362
0.230934787,1.314798166,0.908349551,0.983953082,0.298578973,0.06209899,0.174908396,-2.377713278,1.243375244,0.479283499,0.333888309,2.226750824,-9767.62258,19559.24516,19641.04028
0.279867326,1.202597862,0.885349773,0.987472194,0.174350277,0.100862539,0.088494013,-2.548892462,1.195612106,0.505457124,0.343400647,2.278612146,-9767.78129,19559.56258,19641.3577
0.278892472,0.917069674,0.799980446,0.97992121,0.216115673,0.21202334,0.180174104,-2.62448986,1.171892054,0.533202828,0.347760322,2.312920573,-9767.86212,19559.72424,19641.51936
0.338479232,1.061884993,0.899495847,0.980060886,0.15985899,0.059619253,0.118194289,-2.387091361,1.149791999,0.499680565,0.368351785,2.200057284,-9768.47307,19560.94614,19642.74126
0.323943934,1.246726148,0.901306763,0.970945948,0.164404329,0.114253151,0.07526015,-2.480745567,1.170995113,0.516126099,0.367585248,2.257188667,-9769.20418,19562.40836,19644.20348
0.385122197,1.030782614,0.799485828,0.980325475,0.192126767,0.10827673,0.056169031,-2.514405823,1.259090538,0.49928537,0.329294926,2.313645154,-9769.21551,19562.43102,19644.22614
0.183656566,1.371926237,0.901461321,0.980920897,0.198659395,0.099735655,-0.113880271,-2.377624645,1.149904863,0.602893687,0.530986421,2.199856648,-9769.26531,19562.53062,19644.32574
0.191618885,0.971154257,0.929922286,0.97000081,0.159993524,0.222794236,0.017824861,-2.409490477,1.1499575,0.499947381,0.459199885,2.213503833,-9769.56269,19563.12538,19644.9205
0.13012199,1.057213598,0.923625945,0.96456692,0.223764448,0.116486963,-0.074547846,-2.291985806,1.268887963,0.523991263,0.432460692,2.217568436,-9770.27052,19564.54104,19646.33616
0.421488148,1.28830509,0.902558479,0.970215544,0.161410736,0.136399874,0.278234894,-2.329998305,1.1498136,0.498946793,0.299739455,2.283969865,-9770.60408,19565.20816,19647.00328
0.11945854,0.794340721,0.906232478,0.978399909,0.175036328,0.108215751,0.023823761,-2.514154911,1.157572412,0.612255586,0.5065635,2.214354416,-9770.63744,19565.27488,19647.07
0.090476308,1.064298343,0.899457292,0.983372928,0.17080504,0.087652965,0.086622157,-2.520180357,1.223190214,0.500632495,0.358894901,2.291194002,-9770.74721,19565.49442,19647.28954
0.297746882,0.890855614,0.795297854,0.978493883,0.145162874,0.14799511,0.052577978,-2.467540917,1.229770375,0.535498545,0.423736117,2.215774587,-9771.37848,19566.75696,19648.55208
0.297746882,0.890855614,0.795297854,0.978493883,0.145162874,0.14799511,0.052577978,-2.467540917,1.229770375,0.535498545,0.423736117,2.215774587,-9771.37848,19566.75696,19648.55208
0.350291866,0.953193949,0.891199912,0.976416227,0.14056256,0.165922732,-0.053375635,-2.430505607,1.203710038,0.527794486,0.342040222,2.276234579,-9771.51981,19567.03962,19648.83474
0.305600569,1.38187521,0.903265577,0.989489841,0.239172643,0.139486973,0.112730589,-2.455948995,1.234120329,0.51791671,0.322331398,2.282380578,-9771.61246,19567.22492,19649.02004
0.297451532,1.115359399,0.889841602,0.983338994,0.176044373,0.122983738,0.106604588,-2.480880462,1.221111779,0.56577726,0.2934603,2.241349512,-9771.83011,19567.66022,19649.45534
0.361184646,1.221793361,0.904312502,0.985584346,0.221008537,0.088613217,0.165264097,-2.470847227,1.227078856,0.512546522,0.298349584,2.283360183,-9771.83038,19567.66076,19649.45588
0.285534049,1.846762064,0.716461557,0.970172494,0.395200876,0.230901505,0.41980228,-2.573915793,1.389094341,0.699106222,0.287015983,2.201892813,-9772.12895,19568.2579,19650.05302
0.285534049,1.846762064,0.716461557,0.970172494,0.395200876,0.230901505,0.41980228,-2.573915793,1.389094341,0.699106222,0.287015983,2.201892813,-9772.12895,19568.2579,19650.05302
0.419882921,1.273260197,0.900053656,0.980016333,0.234331677,0.09981704,0.141657688,-2.42157967,1.222908239,0.499887311,0.300087481,2.289485846,-9772.1851,19568.3702,19650.16532
0.31694888,0.844645689,0.809137213,0.974801761,0.255678506,0.084612918,-0.274254066,-2.26534004,1.263869925,0.490219982,0.329174405,2.280838803,-9772.2298,19568.4596,19650.25472
0.448667669,1.032025098,0.800528037,0.979631054,0.361286142,0.139041813,-0.039578384,-2.548827738,1.27828108,0.539743642,0.456764499,2.286369714,-9772.3941,19568.7882,19650.58332
0.426999167,0.986715879,0.802256622,0.962515849,0.176745211,0.095388625,0.323195388,-2.413643391,1.147572411,0.489705034,0.318378842,2.194551545,-9772.73333,19569.46666,19651.26178
0.114573349,1.069717889,0.714991924,0.953879745,0.254915518,0.091255498,0.145126088,-2.421535692,1.287410775,0.594559261,0.279018349,2.229726355,-9772.84703,19569.69406,19651.48918
0.324608044,1.461891619,0.899954219,0.979959912,0.20001389,0.099990045,0.13062131,-2.438283344,1.199962652,0.499960226,0.308774642,2.281926935,-9772.88219,19569.76438,19651.5595
0.097225554,1.229014255,0.913342288,0.9311936,0.179046061,0.196703606,-0.055927307,-2.468353507,1.152117751,0.491157798,0.456403367,2.29824685,-9772.9086,19569.8172,19651.61232
0.195577303,1.057342605,0.905977724,0.979705458,0.164011897,0.059396803,0.044170061,-2.328115215,1.228706388,0.572647926,0.376133853,2.210537053,-9773.07543,19570.15086,19651.94598
0.243851446,1.172338511,0.900150032,0.969423992,0.208037099,0.2324259,0.115433158,-2.427614608,1.254886045,0.610539366,0.299446431,2.200150305,-9773.10612,19570.21224,19652.00736
0.119315178,1.008259337,0.845752513,0.926010312,0.191757101,0.123853105,-0.062941539,-2.449905424,1.06913216,0.600949503,0.694811669,2.228150399,-9773.19096,19570.38192,19652.17704
0.242448991,1.003608815,0.908770128,0.981449797,0.166858966,0.056001693,0.066784053,-2.461901126,1.226995199,0.503279961,0.352535038,2.265786863,-9774.23754,19572.47508,19654.2702
0.313653952,1.134814079,0.928108648,0.974928063,0.153193949,0.09883608,-0.015785776,-2.351221039,1.154797412,0.498331041,0.424374893,2.271431159,-9774.24809,19572.49618,19654.2913
0.251825849,1.57178713,0.899763209,0.970816068,0.163835545,0.239739463,0.152993603,-2.416380031,1.385505469,0.57640403,0.299523073,2.197318601,-9774.7702,19573.5404,19655.33552
0.181602666,0.976789202,0.805311404,0.978769968,0.170708415,0.190190018,0.116358078,-2.597969842,1.252227209,0.507768364,0.368399494,2.335712857,-9774.81617,19573.63234,19655.42746
0.309738526,1.290117969,0.901914269,0.974469565,0.160770628,0.093256957,0.125052799,-2.500970736,1.19462034,0.499146264,0.307167478,2.258282675,-9774.97719,19573.95438,19655.7495
0.234504051,1.207881147,0.899869031,0.979774134,0.219706061,0.166607563,0.131289531,-2.508842855,1.240447601,0.500282811,0.299723102,2.238071504,-9775.01733,19574.03466,19655.82978
0.251770162,1.133943204,0.83979007,0.981876893,0.167232557,0.141267213,0.029947612,-2.48427722,1.337929963,0.510495354,0.335371411,2.223349841,-9775.04663,19574.09326,19655.88838
0.296720926,1.313867423,0.892301893,0.970052658,0.202795622,0.095385201,-0.003091963,-2.429360623,1.168338023,0.500448612,0.368922754,2.266103851,-9775.18532,19574.37064,19656.16576
0.695232765,1.379706283,0.922325968,0.989946023,0.219997642,0.126972588,0.380106515,-2.494522226,1.14514834,0.519836166,0.415403593,2.214121016,-9775.33727,19574.67454,19656.46966
0.262623642,0.953106871,0.799966313,0.979962926,0.217261404,0.12854388,0.088241997,-2.515715612,1.14998024,0.524655956,0.334408505,2.269258613,-9775.3754,19574.7508,19656.54592
0.262623642,0.953106871,0.799966313,0.979962926,0.217261404,0.12854388,0.088241997,-2.515715612,1.14998024,0.524655956,0.334408505,2.269258613,-9775.3754,19574.7508,19656.54592
0.259215629,1.017817264,0.799964094,0.979960483,0.159996791,0.161037377,0.14695314,-2.547290302,1.149978938,0.499973923,0.33630081,2.310500167,-9775.84917,19575.69834,19657.49346
0.295355104,1.095988662,0.9116454,0.980434858,0.14264951,0.204957107,0.018929332,-2.307756573,1.235997703,0.581020273,0.319475102,2.264741624,-9776.20476,19576.40952,19658.20464
0.247986144,1.113502837,0.894757703,0.96186368,0.208183855,0.118849436,0.024106144,-2.482952515,1.223009904,0.51977251,0.317845119,2.26210227,-9776.35774,19576.71548,19658.5106
0.271311328,1.235517549,0.897961999,0.987043225,0.261372156,0.233210267,0.490080805,-2.478301166,1.193102598,0.500723567,0.306736607,2.220592848,-9776.89311,19577.78622,19659.58134
0.104810685,1.038100142,0.787662776,0.980516324,0.302399695,0.061038719,-0.059228435,-2.52342528,1.207457715,0.492353797,0.504552942,2.323523914,-9777.90565,19579.8113,19661.60642
0.482504873,1.335834008,0.809208108,0.982858607,0.194833773,0.060342591,0.190505482,-2.47886998,1.11694079,0.525874284,0.414925776,2.20837523,-9778.13831,19580.27662,19662.07174
0.041685259,1.434837517,0.901026926,0.968707454,0.218320758,0.120720216,0.386936883,-2.563511725,1.198991975,0.544532988,0.341036656,2.214722412,-9778.70524,19581.41048,19663.2056
0.22719822,1.247473106,0.900010337,0.979917169,0.304127057,0.177210957,0.080900607,-2.471428926,1.238013575,0.499928302,0.531310546,2.277276084,-9778.95323,19581.90646,19663.70158
0.288125397,0.938297067,0.784619429,0.977396869,0.16797732,0.239244902,0.059235549,-2.50267954,1.205658548,0.491154982,0.355869036,2.217297689,-9779.42534,19582.85068,19664.6458
0.288125397,0.938297067,0.784619429,0.977396869,0.16797732,0.239244902,0.059235549,-2.50267954,1.205658548,0.491154982,0.355869036,2.217297689,-9779.42534,19582.85068,19664.6458
0.235695017,1.22664515,0.897620945,0.978151346,0.201070131,0.102255972,0.127687786,-2.447915387,1.206248274,0.50061459,0.303055914,2.293335814,-9779.64971,19583.29942,19665.09454
0.100784272,1.079547501,0.867600476,0.983548165,0.220267485,0.089341853,0.106501683,-2.52492435,1.393005593,0.470632143,0.306241075,2.239500526,-9779.92852,19583.85704,19665.65216
0.153856541,0.923469803,0.800482725,0.983587961,0.312555046,0.057762105,0.097840448,-2.477671887,1.243599941,0.553142693,0.310961431,2.200549881,-9779.94236,19583.88472,19665.67984
0.05413992,1.165345541,0.887968903,0.984136868,0.203370241,0.228031175,0.127808591,-2.509283807,1.284172295,0.619066106,0.302597245,2.238599593,-9780.00992,19584.01984,19665.81496
0.389445532,1.380821277,0.900275096,0.982352141,0.204374462,0.100697829,0.035847117,-2.480024142,1.248638103,0.516172445,0.347574308,2.208636266,-9780.29885,19584.5977,19666.39282
0.340027122,1.081900222,0.899910386,0.970000948,0.159992414,0.283188703,0.188867526,-2.325818947,1.249075987,0.499938361,0.388300218,2.374749358,-9780.99142,19585.98284,19667.77796
0.017228181,1.187415734,0.921436936,0.944108488,0.265625664,0.118194789,0.060414805,-2.401063331,1.203500916,0.482970152,0.419215589,2.276666115,-9781.26327,19586.52654,19668.32166
0.295992984,1.382414304,0.902672743,0.981183252,0.200281335,0.115080822,0.091374833,-2.494080757,1.223992685,0.501887394,0.404424484,2.199810335,-9781.29101,19586.58202,19668.37714
0.253967511,1.25705526,0.875298393,0.97507806,0.198921287,0.074142965,0.01759349,-2.491320825,1.17987648,0.522978432,0.364188416,2.22262275,-9781.58035,19587.1607,19668.95582
0.298924011,1.176337456,0.921287489,0.968324602,0.149481262,0.091434681,0.070623578,-2.407518341,1.227529833,0.553803185,0.294964557,2.232849795,-9782.19157,19588.38314,19670.17826
0.278839543,1.031459104,0.803135073,0.980492672,0.197455125,0.075000654,0.097398643,-2.546647014,1.347802265,0.52952572,0.298192064,2.219971677,-9782.32819,19588.65638,19670.4515
0.238955634,1.285538617,0.887306472,0.973754812,0.198991838,0.102965292,0.124735995,-2.505432059,1.186848945,0.510542375,0.309553313,2.244592026,-9782.5024,19589.0048,19670.79992
0.199829049,1.072410138,0.799979227,0.980022478,0.159942705,0.076213698,0.096112465,-2.468642809,1.235575561,0.4999596,0.357729077,2.270389975,-9782.63158,19589.26316,19671.05828
0.098169245,0.890285438,0.839124099,0.845363763,0.234216289,0.166609226,0.205530298,-2.646285678,1.195092267,0.463167559,0.472947644,2.267415257,-9782.66348,19589.32696,19671.12208
0.219107142,0.962127358,0.799671679,0.979849714,0.159979741,0.35638491,0.042719888,-2.312870686,1.150120574,0.500067055,0.560071924,2.351042033,-9782.87661,19589.75322,19671.54834
0.219107142,0.962127358,0.799671679,0.979849714,0.159979741,0.35638491,0.042719888,-2.312870686,1.150120574,0.500067055,0.560071924,2.351042033,-9782.87661,19589.75322,19671.54834
0.393079053,1.221249392,0.900148247,0.979978851,0.159888337,0.285963154,-0.00477301,-2.323486207,1.149794767,0.499894051,0.456200219,2.200241488,-9783.27405,19590.5481,19672.34322
0.300704303,1.22536973,0.899704263,0.980129616,0.178537443,0.059851668,0.065217432,-2.444955545,1.149706092,0.500361795,0.350052031,2.253276914,-9783.47732,19590.95464,19672.74976
0.383508589,1.398485244,0.867148024,0.972028402,0.309599425,0.154799914,0.116037521,-2.432565781,1.309292194,0.525591148,0.318726408,2.194968498,-9783.4804,19590.9608,19672.75592
0.292676473,1.197590591,0.898634368,0.975623073,0.157232728,0.111427334,-0.007230606,-2.4357062,1.153397732,0.611279196,0.367767696,2.201748444,-9783.63802,19591.27604,19673.07116
0.029622743,0.882496634,0.810495805,0.844908375,0.306657691,0.161321366,0.065322737,-2.550151329,1.242708992,0.551069265,0.410688314,2.2364219,-9784.12189,19592.24378,19674.0389
0.209030138,0.977197649,0.798296287,0.960481414,0.188437538,0.095424041,0.391868314,-2.384136174,1.268042783,0.498266923,0.316360779,2.353279533,-9784.25598,19592.51196,19674.30708
0.209030138,0.977197649,0.798296287,0.960481414,0.188437538,0.095424041,0.391868314,-2.384136174,1.268042783,0.498266923,0.316360779,2.353279533,-9784.25598,19592.51196,19674.30708
0.107322346,0.918236255,0.808466027,0.950545399,0.296296703,0.158930946,0.134072849,-2.279535348,1.167273933,0.663383827,0.308333121,2.176963838,-9784.29174,19592.58348,19674.3786
0.208167758,0.943214334,0.82471516,0.989991521,0.204815047,0.166436758,0.031457796,-2.528641609,1.234073994,0.505533041,0.309128527,2.320242805,-9784.65204,19593.30408,19675.0992
0.245460892,0.898539823,0.79464648,0.980585539,0.184347657,0.081203766,0.010694968,-2.522504849,1.199291213,0.44976649,0.439641513,2.341141889,-9784.80082,19593.60164,19675.39676
0.245460892,0.898539823,0.79464648,0.980585539,0.184347657,0.081203766,0.010694968,-2.522504849,1.199291213,0.44976649,0.439641513,2.341141889,-9784.80082,19593.60164,19675.39676
0.245460892,0.898539823,0.79464648,0.980585539,0.184347657,0.081203766,0.010694968,-2.522504849,1.199291213,0.44976649,0.439641513,2.341141889,-9784.80082,19593.60164,19675.39676
0.313526232,1.253596954,0.907080543,0.977512049,0.154506734,0.066349947,0.041300492,-2.469928381,1.224765238,0.461821658,0.320031646,2.263688696,-9784.86211,19593.72422,19675.51934
0.02371898,0.999242465,0.834160836,0.93923115,0.168385958,0.361606464,0.252333479,-2.210040004,1.197504921,0.477933136,0.319924864,2.193438596,-9785.19046,19594.38092,19676.17604
0.176623123,0.970068884,0.808980356,0.979692268,0.278718499,0.0677907,-0.018118331,-2.402980723,1.20582325,0.522818054,0.328189647,2.27134393,-9785.3568,19594.7136,19676.50872
0.112777172,1.146109933,0.930025871,0.970009999,0.181109845,0.082259266,0.206006804,-2.457867679,1.3106458,0.506530325,0.300008355,2.248966751,-9785.98347,19595.96694,19677.76206
0.306635558,1.194868954,0.852926215,0.956949099,0.12463833,0.295731539,0.110230399,-2.504700268,1.200194998,0.676226837,0.34661901,2.240812251,-9786.00811,19596.01622,19677.81134
0.253409781,1.017104611,0.809154833,0.96146765,0.178137052,0.075161373,0.075866673,-2.452791681,1.252332454,0.504820523,0.36159581,2.21361916,-9786.01498,19596.02996,19677.82508
0.311208366,1.237088383,0.898027992,0.978265019,0.201726769,0.230818396,-0.11858611,-2.384735184,1.365275643,0.500240742,0.374053036,2.255505453,-9786.0299,19596.0598,19677.85492
0.276408637,1.247357319,0.896477009,0.976952971,0.19736237,0.097029262,0.102124032,-2.471340262,1.148780376,0.508470222,0.345035445,2.287663713,-9786.12825,19596.2565,19678.05162
0.066861795,1.091982833,0.89187986,0.975400715,0.158955152,0.084421158,0.184691485,-2.464214406,1.154233969,0.578463154,0.53051201,2.194707688,-9786.26879,19596.53758,19678.3327
0.190356102,1.037363854,0.90000113,0.979975275,0.159997992,0.059999247,0.062238464,-2.462193583,1.227421473,0.499983684,0.403307057,2.226423062,-9786.49418,19596.98836,19678.78348
0.136506057,1.279556268,0.900893755,0.979605637,0.161664088,0.059996895,0.15001948,-2.457270789,1.199655366,0.499066938,0.302637151,2.271632137,-9787.51667,19599.03334,19680.82846
0.259650346,1.319746869,0.900802559,0.974008414,0.237480376,0.112941494,0.116793933,-2.497863592,1.19499315,0.537957886,0.323266524,2.217718593,-9787.81107,19599.62214,19681.41726
0.237821003,1.180049718,0.930524575,0.970393675,0.150054921,0.102817167,0.068604877,-2.485534991,1.169952909,0.515342061,0.37298841,2.270614172,-9787.8563,19599.7126,19681.50772
0.349302383,1.203061017,0.902095582,0.972867224,0.198532301,0.095943228,0.018568833,-2.449453352,1.152999508,0.50558406,0.365421787,2.277673774,-9788.60549,19601.21098,19683.0061
0.27603713,1.407539168,0.899950124,0.970030844,0.159976966,0.060016784,0.201760726,-2.511538802,1.16435796,0.554567007,0.355344365,2.199958938,-9788.65734,19601.31468,19683.1098
0.134500765,0.908850751,0.849805394,0.987296123,0.165745702,0.134812484,0.089679376,-2.443991034,1.173221564,0.60108926,0.377106612,2.256691025,-9788.67767,19601.35534,19683.15046
0.245110915,1.16793837,0.902376071,0.969051937,0.19410827,0.077162758,0.024285731,-2.490684691,1.243984782,0.507242469,0.299679905,2.27256821,-9788.96161,19601.92322,19683.71834
0.554425959,0.761547389,0.798126038,0.981823275,0.341404007,0.075288398,-0.035460165,-2.284604736,1.2674235,0.677955301,0.310414508,2.202093831,-9789.50159,19603.00318,19684.7983
0.312435614,1.171879594,0.901244811,0.984919573,0.299494179,0.108601591,0.188087406,-2.491248933,1.177001774,0.494019427,0.363978209,2.298063704,-9789.51216,19603.02432,19684.81944
0.121796265,1.134698705,0.80001914,0.979886761,0.343803904,0.116532886,0.38740571,-2.705352766,1.150139571,0.703756488,0.495154225,2.199905011,-9789.61129,19603.22258,19685.0177
0.240717262,0.976284853,0.955629127,0.983184915,0.133409964,0.110764998,0.069703336,-2.424935573,1.320706011,0.454869151,0.254527343,2.2679837,-9790.03062,19604.06124,19685.85636
0.203712514,1.33751262,0.900002586,0.970000997,0.224861151,0.059997918,0.187898175,-2.393068978,1.188269011,0.596065726,0.321209711,2.232388287,-9790.06829,19604.13658,19685.9317
0.304167088,0.964048179,0.799814673,0.977623204,0.15972511,0.059802224,0.08907717,-2.406711135,1.200286033,0.496847526,0.388243167,2.199481436,-9790.77712,19605.55424,19687.34936
0.246768261,2.135424991,0.873972524,0.976317738,0.251358339,0.254824864,-0.193915247,-2.098555669,1.268139673,0.522169498,0.518503315,2.215281828,-9791.07213,19606.14426,19687.93938
0.281122112,1.327656592,0.930074883,0.970003315,0.246488288,0.133819639,0.05395698,-2.385983076,1.299451447,0.499979498,0.354921197,2.293440544,-9791.36781,19606.73562,19688.53074
0.280357929,0.987373234,0.800003499,0.979961574,0.204265207,0.088437777,0.033542924,-2.471030678,1.149979728,0.49997471,0.342365903,2.285898106,-9791.4247,19606.8494,19688.64452
0.284565587,1.121436732,0.900594482,0.980839171,0.160343764,0.061432844,-0.020773966,-2.463419872,1.190185133,0.591130323,0.423740053,2.213535091,-9791.47172,19606.94344,19688.73856
0.180666541,1.030861336,0.799964629,0.98107994,0.298199656,0.056507023,0.146769153,-2.455028461,1.182739923,0.500792883,0.301257674,2.258748299,-9791.5052,19607.0104,19688.80552
0.519983524,1.064408239,0.898142238,0.980326714,0.198515298,0.206983706,-0.066078012,-2.458454009,1.26940614,0.622334999,0.298759103,2.197218344,-9791.97649,19607.95298,19689.7481
-7.06e-05,1.236260907,0.927543468,0.973716824,0.147119572,0.056308649,0.385461306,-2.185546855,1.148137471,0.589933596,0.293460909,2.196709678,-9792.51067,19609.02134,19690.81646
0.249390831,1.265449952,0.893344517,0.960166643,0.173050597,0.066802681,0.122447543,-2.50997662,1.245245552,0.489517806,0.33243878,2.225406066,-9792.68529,19609.37058,19691.1657
0.231122327,0.997483015,0.799963739,0.979960093,0.241046065,0.070065293,0.04380412,-2.496922064,1.14997873,0.499973665,0.347422597,2.276998577,-9793.12663,19610.25326,19692.04838
0.316048402,0.894598565,0.799019804,0.980288755,0.237049119,0.059035226,0.119072556,-2.504456823,1.148754868,0.500160566,0.317393761,2.264435631,-9793.17329,19610.34658,19692.1417
0.003472021,1.065845536,0.90025599,0.958505919,0.17788493,0.119865971,0.03389383,-2.546078708,1.260824677,0.509428606,0.310314188,2.290532708,-9793.45632,19610.91264,19692.70776
0.26916209,1.304274932,0.899972186,0.979971008,0.199997057,0.099998528,0.114919568,-2.479195451,1.149984548,0.499980869,0.317050824,2.26509749,-9793.49475,19610.9895,19692.78462
0.201881213,1.013429311,0.809979537,0.989335402,0.200444996,0.027246448,0.128980556,-2.56289419,1.196364479,0.504005004,0.424066743,2.278903404,-9793.56641,19611.13282,19692.92794
0.04543602,0.969660565,0.801277466,0.979224296,0.171449607,0.177304091,-0.015201235,-2.364992848,1.254426471,0.578672827,0.33829899,2.244092791,-9793.65068,19611.30136,19693.09648
0.094085314,0.926652467,0.791265107,0.963020906,0.181568648,0.11415426,0.127196666,-2.497828244,1.240368827,0.5112012,0.315990863,2.272812126,-9793.84672,19611.69344,19693.48856
0.257341111,0.957297233,0.800166987,0.979329414,0.21781484,0.088115582,0.068545952,-2.54485817,1.217111583,0.499588002,0.299299295,2.233625004,-9794.08387,19612.16774,19693.96286
0.276640037,1.133563045,0.799595442,0.94603048,0.166928307,0.117894134,0.0637365,-2.576673997,1.195103516,0.543776507,0.366828035,2.216504389,-9794.27185,19612.5437,19694.33882
0.41781579,1.260617312,0.87421765,0.980210464,0.238391407,0.139015164,0.111950152,-2.499194351,1.184433906,0.492940953,0.305580584,2.275469663,-9794.28848,19612.57696,19694.37208
0.323266301,1.298353779,0.915353256,0.982944951,0.176819826,0.066367575,0.109526684,-2.562569559,1.154626015,0.545186312,0.393678074,2.245241451,-9794.45017,19612.90034,19694.69546
0.116890861,1.015226983,0.850130134,0.929669845,0.185966715,0.158533056,0.035187543,-2.561042847,1.273756968,0.512056435,0.262501533,2.235357634,-9794.50796,19613.01592,19694.81104
0.117607572,1.048968251,0.899682549,0.980077234,0.160749172,0.130484306,0.067254389,-2.391358206,1.149840771,0.500272396,0.352811872,2.19946647,-9794.70758,19613.41516,19695.21028
0.213611077,1.300011369,0.899955764,0.979953891,0.259617272,0.156744475,0.064958292,-2.480882416,1.211716724,0.499969573,0.334947796,2.308183703,-9794.7825,19613.565,19695.36012
0.221432473,1.004597595,0.799759182,0.980972037,0.15989531,0.059353066,0.022896951,-2.422212702,1.178280187,0.498535302,0.402507922,2.262848679,-9794.88832,19613.77664,19695.57176
0.221432473,1.004597595,0.799759182,0.980972037,0.15989531,0.059353066,0.022896951,-2.422212702,1.178280187,0.498535302,0.402507922,2.262848679,-9794.88832,19613.77664,19695.57176
0.284317718,1.23933037,0.899479482,0.981573569,0.157051813,0.069386205,-0.011873708,-2.43305397,1.245337941,0.499906166,0.301722762,2.267469221,-9794.96987,19613.93974,19695.73486
0.238300628,0.864984652,0.806867525,0.889145012,0.124037224,0.262006943,0.087867675,-2.7485798,1.142386976,0.514189247,0.432944202,2.284500044,-9795.36022,19614.72044,19696.51556
0.209512489,0.892219559,0.821709027,0.98556967,0.276236773,0.077485898,0.020455427,-2.663372015,1.386908968,0.571434189,0.263768337,2.230685854,-9795.448,19614.896,19696.69112
0.234566679,0.903077762,0.900003863,0.979915452,0.31256151,0.172639156,0.139546598,-2.553040619,1.28497279,0.499944207,0.299987125,2.29887044,-9795.59683,19615.19366,19696.98878
0.336966344,1.18747027,0.900746903,0.975938271,0.195402233,0.056729247,0.093687509,-2.485957556,1.164392023,0.494993462,0.340613998,2.259313828,-9795.62742,19615.25484,19697.04996
0.217277503,1.265113278,0.908761473,0.973104865,0.15267236,0.176899211,0.174005662,-2.62148622,1.133841531,0.497275998,0.392421511,2.238696336,-9795.85162,19615.70324,19697.49836
0.373795204,1.316860681,0.888646426,0.97082822,0.24836527,0.117978658,0.064493086,-2.536848706,1.24677298,0.495985275,0.416528634,2.213209796,-9795.90759,19615.81518,19697.6103
0.244837327,1.092990158,0.814663944,0.956899297,0.213766312,0.106757279,0.153837116,-2.548719357,1.188863044,0.479613768,0.269704411,2.276046416,-9796.51223,19617.02446,19698.81958
0.393938731,1.236642186,0.90432163,0.976980324,0.159042734,0.092346068,0.059718202,-2.527073581,1.157421637,0.483601372,0.343278113,2.287202068,-9796.53306,19617.06612,19698.86124
0.206194406,0.953325065,0.801029144,0.979525135,0.310113226,0.06121484,0.032624719,-2.545353257,1.253015669,0.503409278,0.396389602,2.200253273,-9796.64675,19617.2935,19699.08862
0.181924257,0.998569425,0.805942316,0.982030513,0.237278716,0.131793436,0.0277655,-2.517927245,1.137581708,0.515094959,0.36447077,2.254564855,-9796.93115,19617.8623,19699.65742
0.237598542,0.996134147,0.800053041,0.980109851,0.210418924,0.101641125,0.099247917,-2.480216438,1.170520962,0.501146677,0.300191295,2.291917928,-9796.96109,19617.92218,19699.7173
0.336498657,1.111516319,0.856238462,0.98317982,0.203437701,0.065530484,0.153203757,-1.992062238,1.247778636,0.600287862,0.27523909,2.227670854,-9797.17974,19618.35948,19700.1546
0.169392605,0.837817882,0.764956255,0.944122423,0.175609399,0.216420211,0.00530712,-2.545481437,1.134334788,0.554019628,0.40081425,2.285279141,-9797.64074,19619.28148,19701.0766
0.171645391,1.016448202,0.889551599,0.973262549,0.141630611,0.066362342,0.076643116,-2.473762329,1.195720508,0.507486471,0.423747925,2.206732871,-9798.20218,19620.40436,19702.19948
0.309163881,0.97266629,0.812978419,0.967558657,0.160497197,0.047532591,0.202033002,-2.495284924,1.176346312,0.560050027,0.354919358,2.226868828,-9798.44235,19620.8847,19702.67982
0.174364721,1.046556697,0.900497903,0.980474273,0.274735991,0.076085039,0.153657044,-2.510980026,1.248840675,0.526549807,0.347473477,2.306457809,-9798.7013,19621.4026,19703.19772
0.460117182,1.169530069,0.894975191,0.989094494,0.319149191,0.230967213,0.093347236,-2.437828299,1.174067851,0.502432639,0.418780477,2.234782141,-9798.72529,19621.45058,19703.2457
0.25161565,1.014422871,0.799959738,0.979955804,0.159997336,0.059998266,0.1090154,-2.364790803,1.14997598,0.532340806,0.34179743,2.210860911,-9799.06248,19622.12496,19703.92008
0.098577575,1.35678996,0.800025205,0.979738665,0.159978775,0.270785009,0.71200509,-1.883859928,1.14986071,0.658525314,0.299960203,2.232474703,-9799.27734,19622.55468,19704.3498
0.059801946,1.304059901,0.89990085,0.979896653,0.199989508,0.281599968,0.001946627,-2.433625212,1.370015604,0.499931802,0.299984262,2.256228722,-9799.39066,19622.78132,19704.57644
0.321532184,1.187103493,0.900485414,0.970612136,0.186570659,0.061741143,-0.024465679,-2.541621865,1.244655987,0.501621233,0.383418863,2.24851029,-9799.63054,19623.26108,19705.0562
0.42290085,1.424033876,0.893795827,0.976074243,0.224905186,0.11372244,0.13657274,-2.565536566,1.205380338,0.500468839,0.305204447,2.253680309,-9799.65771,19623.31542,19705.11054
0.234565388,1.177874419,0.901987082,0.979038338,0.161603165,0.12083952,0.116203287,-2.404208071,1.15053356,0.494230024,0.301119864,2.291690388,-9800.04206,19624.08412,19705.87924
0.233019393,0.967196673,0.802708964,0.985805477,0.152948167,0.193125293,-0.026686338,-2.474654051,1.162982047,0.500571023,0.345681375,2.321211775,-9800.16636,19624.33272,19706.12784
0.09001504,1.084796406,0.899971175,0.979972688,0.192961561,0.068734072,0.156481819,-2.592254884,1.169571285,0.499972638,0.362983715,2.268379828,-9800.18631,19624.37262,19706.16774
0.325925774,1.19369283,0.899294724,0.979631228,0.160125791,0.158088801,0.077903107,-2.526567163,1.149037276,0.500194759,0.433648565,2.19944451,-9800.426,19624.852,19706.64712
0.292078486,1.205905401,0.899929123,0.980712009,0.220041761,0.10036241,0.060368633,-2.432758029,1.192216193,0.504714245,0.299948482,2.281900486,-9800.94581,19625.89162,19707.68674
0.245405903,0.941085536,0.800328582,0.970600875,0.130058568,0.141024939,0.026934258,-2.542562283,1.202490692,0.518369924,0.314093517,2.25225708,-9802.34873,19628.69746,19710.49258
0.299513541,1.189527125,0.895443461,0.98185914,0.198066154,0.223416487,0.204101695,-2.527058081,1.259576086,0.506382311,0.376574036,2.203220156,-9802.62696,19629.25392,19711.04904
0.310114731,1.15879335,0.83673534,0.944157677,0.131117815,0.144322735,-0.058578465,-2.342414633,1.156443562,0.491755767,0.412543923,2.321517325,-9802.90478,19629.80956,19711.60468
0.111190352,0.929958232,0.89052268,0.982801591,0.216297601,0.080917488,0.061863005,-2.534131305,1.28407269,0.498978782,0.314503223,2.210793764,-9802.90771,19629.81542,19711.61054
0.265618476,1.364793893,0.907857978,0.979146887,0.204889789,0.102729112,0.092843024,-2.540864074,1.197321297,0.510284339,0.303988869,2.247310551,-9803.50616,19631.01232,19712.80744
0.339810748,1.133330401,0.929285227,0.969422576,0.160518295,0.058164126,0.080667805,-2.397656016,1.183222432,0.500245701,0.327644168,2.268055661,-9803.674,19631.348,19713.14312
0.204252415,1.064228301,0.8590608,0.981870622,0.238200911,0.07322995,0.122733625,-2.59999298,1.240510671,0.516512619,0.303612356,2.223309278,-9803.71386,19631.42772,19713.22284
0.204252415,1.064228301,0.8590608,0.981870622,0.238200911,0.07322995,0.122733625,-2.59999298,1.240510671,0.516512619,0.303612356,2.223309278,-9803.71386,19631.42772,19713.22284
0.204252415,1.064228301,0.8590608,0.981870622,0.238200911,0.07322995,0.122733625,-2.59999298,1.240510671,0.516512619,0.303612356,2.223309278,-9803.71386,19631.42772,19713.22284
0.185812097,1.367841574,0.900378613,0.980453114,0.255877769,0.061902028,0.226766646,-2.418353445,1.149687319,0.499553823,0.305350018,2.224584545,-9803.84675,19631.6935,19713.48862
0.313574484,1.206237753,0.897239646,0.965934495,0.203321173,0.050271759,0.088374392,-2.522891283,1.253549395,0.502391035,0.325166133,2.225500912,-9803.88803,19631.77606,19713.57118
0.321476785,1.15807699,0.899155772,0.979602835,0.188248008,0.061493187,0.080426599,-2.473907711,1.150243152,0.50069166,0.323220285,2.26609301,-9804.23854,19632.47708,19714.2722
0.354951401,1.150467281,0.886411851,0.979145201,0.221765254,0.043252805,-0.052137716,-2.473725701,1.152181804,0.500731151,0.393253172,2.286266369,-9804.38754,19632.77508,19714.5702
0.178426743,1.128644653,0.826293652,0.965650811,0.20153951,0.07919645,0.079593676,-2.462271576,1.292094132,0.5055861,0.411572135,2.192158941,-9804.4676,19632.9352,19714.73032
0.115291668,1.235350737,0.822613168,0.988570813,0.184813208,0.194567705,-0.143854456,-2.333423585,1.203935342,0.504317275,0.353560623,2.308696613,-9804.66743,19633.33486,19715.12998
0.264844079,0.953133725,0.894659505,0.985334074,0.169539108,0.157683766,0.24090149,-2.53250157,1.170956861,0.501949244,0.292225033,2.349016542,-9804.72709,19633.45418,19715.2493
0.064757393,1.199799143,0.899970806,0.980095154,0.24144351,0.058962089,-0.004110462,-2.446637884,1.301828453,0.530199432,0.374480416,2.19937365,-9804.81393,19633.62786,19715.42298
0.364665553,1.498657546,0.910813038,0.961043021,0.20384939,0.100548545,0.066407653,-2.468581529,1.19187953,0.496290222,0.418523781,2.22096959,-9805.0674,19634.1348,19715.92992
0.246576124,1.15137202,0.799925086,0.979917553,0.254810888,0.129595628,0.064528966,-2.547113147,1.149956056,0.499945593,0.322308432,2.275225867,-9805.2607,19634.5214,19716.31652
0.02336174,0.902583181,0.87757572,0.977136304,0.177788074,0.079097674,0.130818804,-2.481484829,1.253965214,0.478184107,0.294321033,2.2703327,-9805.60615,19635.2123,19717.00742
0.056787079,1.049565917,0.899892778,0.980242221,0.160488613,0.094524719,0.016904549,-2.554979129,1.150378735,0.526999923,0.437822761,2.23436075,-9805.66831,19635.33662,19717.13174
0.189416095,1.125063468,0.800705133,0.973908527,0.265248045,0.109090326,0.093046183,-2.510835899,1.149901991,0.476955082,0.314520429,2.270962383,-9805.81471,19635.62942,19717.42454
0.189416095,1.125063468,0.800705133,0.973908527,0.265248045,0.109090326,0.093046183,-2.510835899,1.149901991,0.476955082,0.314520429,2.270962383,-9805.81471,19635.62942,19717.42454
0.325499567,1.168581338,0.903465682,0.983368241,0.220472756,0.052026127,0.106431433,-2.475826055,1.163398388,0.503288126,0.32774155,2.281988168,-9806.09742,19636.19484,19717.98996
0.192646244,1.113112702,0.802170191,0.971528293,0.175176086,0.077286548,0.038310379,-2.447881803,1.145971818,0.50594283,0.368761462,2.290676675,-9806.53877,19637.07754,19718.87266
0.07221517,1.103783221,0.871730281,0.854226001,0.172105607,0.253516876,0.301120369,-2.578228375,1.218236887,0.520615246,0.254429299,2.290678771,-9806.73425,19637.4685,19719.26362
0.265728433,1.2136761,0.917991164,0.971194083,0.187161329,0.170795882,0.067294817,-2.463753103,1.258045945,0.555067299,0.309940238,2.179765917,-9806.79672,19637.59344,19719.38856
0.225814265,1.253935651,0.890371297,0.976308637,0.166056609,0.082443614,-0.00426571,-2.518910913,1.283952444,0.492821912,0.293239852,2.21225577,-9808.04837,19640.09674,19721.89186
0.167803949,1.06358135,0.799424667,0.974387363,0.209531976,0.101813775,0.017657988,-2.528947317,1.232680444,0.499671974,0.302084895,2.322437011,-9808.27106,19640.54212,19722.33724
0.261608731,1.289734086,0.904133034,0.981178653,0.274297598,0.097748745,0.071453797,-2.519161485,1.305581683,0.550338243,0.300386181,2.198876876,-9808.42555,19640.8511,19722.64622
0.04018522,1.159454505,0.900299315,0.98029544,0.159960573,0.120815577,0.056595867,-2.55605266,1.19848355,0.499974252,0.391446252,2.217976577,-9808.65225,19641.3045,19723.09962
0.21662446,1.2197694,0.908857709,0.974886546,0.328217433,0.124372785,0.238413708,-2.448059942,1.286813408,0.503664435,0.302772497,2.19726954,-9808.95009,19641.90018,19723.6953
0.459560728,1.278381191,0.899936625,0.979933933,0.159994634,0.170105174,0.006016525,-2.480519465,1.198785579,0.499956409,0.365166769,2.199996636,-9809.03235,19642.0647,19723.85982
0.192324529,1.004736145,0.898650363,0.977993934,0.177834272,0.057489676,0.094491077,-2.459923961,1.197972173,0.493589999,0.300699862,2.201517107,-9809.20388,19642.40776,19724.20288
0.194617541,1.132946193,0.879863411,0.954328168,0.191484453,0.054136821,0.055343165,-2.494857008,1.210018984,0.44872116,0.290191202,2.266031355,-9809.4815,19642.963,19724.75812
0.40088668,1.256717151,0.911221119,0.968898147,0.222640375,0.052432058,0.089533912,-2.495232071,1.290321197,0.512475925,0.279961363,2.221776632,-9809.49994,19642.99988,19724.795
0.0195134,1.207602546,0.831267134,0.962325796,0.219211156,0.268687206,0.346729968,-2.507253209,1.210720128,0.525836762,0.295478452,2.353894385,-9809.62091,19643.24182,19725.03694
0.381065272,1.089484477,0.86558105,0.980351588,0.245026749,0.259812253,-0.008801943,-2.517514976,1.209594887,0.50724376,0.336121452,2.329892974,-9810.09075,19644.1815,19725.97662
0.288831104,1.224577805,0.897712259,0.986878162,0.16095132,0.063210974,0.087979854,-2.555391627,1.189084405,0.540264932,0.342353612,2.204161291,-9810.30945,19644.6189,19726.41402
0.347829184,1.260546017,0.900042442,0.967996185,0.156420761,0.074384741,0.090448364,-2.49284698,1.177890234,0.500693424,0.380725521,2.201120908,-9810.33987,19644.67974,19726.47486
0.536950809,1.153360705,0.799988053,0.979882419,0.232841115,0.174099304,0.320681201,-2.659591994,1.149959704,0.499970762,0.300046455,2.260068502,-9810.50736,19645.01472,19726.80984
0.213398549,1.018316108,0.800135376,0.980005544,0.200387627,0.059858429,0.058111399,-2.497936299,1.201051824,0.523887253,0.333285748,2.203838062,-9810.69255,19645.3851,19727.18022
0.190311448,1.33092952,0.915014727,0.983014857,0.156005719,0.072323902,0.126326648,-2.567036803,1.187541961,0.521751381,0.42898698,2.216016288,-9811.40081,19646.80162,19728.59674
0.269753444,1.174395058,0.946351063,0.976905011,0.180040326,0.091874104,0.099630346,-2.395465573,1.244845119,0.611321469,0.261150342,2.215546702,-9811.52014,19647.04028,19728.8354
0.352449739,1.064706096,0.811133914,0.951947549,0.116194924,0.318833148,0.056226347,-2.424549389,1.174169831,0.45110022,0.444915824,2.208563086,-9811.88591,19647.77182,19729.56694
0.204476563,1.056310733,0.798183142,0.980187568,0.160249082,0.163773094,-0.082530899,-2.372327666,1.233785362,0.57176964,0.524096772,2.197930153,-9811.91667,19647.83334,19729.62846
0.175819845,1.065471871,0.812802844,0.98002455,0.174497609,0.061432242,0.076748955,-2.453563071,1.180185022,0.509048836,0.327920414,2.241930917,-9812.06846,19648.13692,19729.93204
0.241023985,1.235460455,0.931611859,0.976221007,0.119159474,0.119501842,0.0090847,-2.472203769,1.251036172,0.507830992,0.259117491,2.251788494,-9812.31761,19648.63522,19730.43034
0.37162036,1.389613469,0.900060549,0.980019871,0.222661927,0.198206264,0.086744978,-2.548636609,1.289685981,0.500217186,0.426744762,2.216410822,-9812.46507,19648.93014,19730.72526
0.262992832,1.200301366,0.900179379,0.964204701,0.196589433,0.083115774,0.092287948,-2.574629725,1.195666923,0.498791908,0.317337885,2.287719153,-9812.79675,19649.5935,19731.38862
0.216105268,1.054481143,0.805460558,0.981785311,0.151389885,0.257232713,0.060929467,-2.525041829,1.179901189,0.493752743,0.300716847,2.287299985,-9812.81969,19649.63938,19731.4345
0.142382767,0.832277591,0.809193416,0.986408603,0.267990031,0.205457287,-0.013477956,-2.524918239,1.303429672,0.504637921,0.335190242,2.19807247,-9812.8841,19649.7682,19731.56332
0.140869541,1.035785815,0.886341649,0.975777863,0.172386836,0.188511668,0.099651496,-2.56822252,1.155283389,0.566162197,0.328302052,2.248147663,-9813.56116,19651.12232,19732.91744
0.322667639,1.320834998,0.900862923,0.982186591,0.201903772,0.260540792,0.150006526,-2.492886737,1.197784384,0.500347508,0.404991956,2.2043345,-9813.8147,19651.6294,19733.42452
0.281227229,1.383125215,0.899986667,0.980020478,0.238987364,0.100006103,0.031132278,-2.498003718,1.19998794,0.499962156,0.306138486,2.253239718,-9813.86206,19651.72412,19733.51924
0.1731127,0.917363655,0.871691668,0.95291882,0.247649836,0.096847093,0.047049092,-2.453930498,1.150568661,0.498297888,0.33547554,2.217958347,-9814.4125,19652.825,19734.62012
0.112166848,1.119749179,0.806820019,0.959871285,0.196993614,0.117029132,0.011376934,-2.555140918,1.272389436,0.489112517,0.35032912,2.210536721,-9814.55506,19653.11012,19734.90524
0.336532506,0.937498857,0.800319687,0.980208563,0.159535724,0.059018556,0.162618507,-2.515948753,1.224695095,0.498493001,0.349440313,2.199682795,-9814.71985,19653.4397,19735.23482
0.516626562,1.204076364,0.802248064,0.978323267,0.19146407,0.060560663,0.084395115,-2.427431854,1.172792206,0.487768168,0.503033665,2.219211638,-9815.29735,19654.5947,19736.38982
0.435147377,1.118545121,0.898385762,0.970848094,0.359605966,0.189034701,0.325841828,-2.471294115,1.151574494,0.501085852,0.522131105,2.20657681,-9815.45968,19654.91936,19736.71448
0.24298186,1.274612856,0.879743404,0.980043621,0.369000892,0.086214901,0.047539201,-2.436564852,1.181355193,0.640385189,0.408447227,2.181521492,-9815.77096,19655.54192,19737.33704
0.299809973,1.393378407,0.895551522,0.983885241,0.238529546,0.096495973,0.056652002,-2.517344447,1.203747275,0.498069338,0.298205127,2.228576189,-9815.9505,19655.901,19737.69612
0.33628437,1.165599049,0.904040537,0.9821651,0.203892877,0.098324566,-0.042416234,-2.502272772,1.213181982,0.494629079,0.356922456,2.206522454,-9816.5352,19657.0704,19738.86552
0.394138361,1.252271587,0.914392827,0.980492942,0.144813611,0.050194638,0.092273691,-2.443690663,1.243189611,0.570462547,0.281919462,2.188511659,-9816.81281,19657.62562,19739.42074
0.479704754,1.384320974,0.911462619,0.96047062,0.386839423,0.157590939,0.377202517,-2.347778982,1.198225777,0.532217935,0.36286031,2.213039942,-9817.53712,19659.07424,19740.86936
0.139956727,1.022300581,0.800008344,0.979913486,0.159992973,0.059997365,0.162858463,-2.415187865,1.226522786,0.499942909,0.299986825,2.245141834,-9817.63907,19659.27814,19741.07326
0.391739302,1.179841124,0.89996013,0.969958653,0.282269249,0.059998734,0.104560471,-2.52462531,1.208972493,0.513161881,0.323347616,2.236938695,-9818.00918,19660.01836,19741.81348
0.234780838,1.026389877,0.800002394,0.979975183,0.199997481,0.09999874,0.105795908,-2.51710926,1.149986773,0.499983624,0.316084975,2.226271052,-9818.04752,19660.09504,19741.89016
0.07944941,1.10733326,0.900003015,0.979934012,0.327834776,0.189184984,0.128319127,-2.495082252,1.149964829,0.499956455,0.465235689,2.226554569,-9818.27998,19660.55996,19742.35508
0.095441302,1.003948461,0.800040479,0.983100965,0.367886194,0.115427531,0.184865584,-2.532999911,1.151802007,0.561293292,0.379681963,2.206930999,-9818.64401,19661.28802,19743.08314
0.516066966,1.234430802,0.953951858,0.98224648,0.153023535,0.136301441,0.167884973,-2.402718212,1.18721718,0.605290377,0.297131351,2.233502697,-9818.83577,19661.67154,19743.46666
0.351792442,1.403655208,0.896189245,0.989416846,0.266878585,0.115919468,0.044261991,-2.508320897,1.201858245,0.509202506,0.351660903,2.207318791,-9819.40823,19662.81646,19744.61158
0.101259773,0.988679875,0.788400153,0.983617247,0.347681469,0.053437631,0.085140083,-2.314832934,1.121421791,0.464641415,0.359013481,2.268528139,-9819.53966,19663.07932,19744.87444
0.273127735,1.221691091,0.903400946,0.981184423,0.164113943,0.057631439,0.039514608,-2.447724573,1.19055925,0.498485993,0.299268991,2.284425618,-9819.58742,19663.17484,19744.96996
0.311622312,1.37191901,0.898830403,0.981044108,0.215110424,0.170609628,0.071506817,-2.558424005,1.231993048,0.500393649,0.299800181,2.224330586,-9819.89776,19663.79552,19745.59064
0.217132003,0.865708639,0.798875418,0.980906246,0.185772845,0.058138173,0.104186223,-2.366983554,1.150473857,0.535944179,0.324756022,2.23568738,-9819.97404,19663.94808,19745.7432
0.322399888,1.218781415,0.900008712,0.980123817,0.166334089,0.060183995,0.073963444,-2.430430612,1.161076514,0.500194582,0.300471408,2.280861547,-9820.00471,19664.00942,19745.80454
0.351903348,1.20687524,0.877688838,0.968661914,0.149824259,0.177789922,0.053556856,-2.550339875,1.200677812,0.531692409,0.295196494,2.214641166,-9820.05681,19664.11362,19745.90874
0.287007896,1.118741122,0.799685833,0.974932875,0.157294347,0.065373885,0.17747607,-2.600239223,1.144263945,0.623438223,0.410696852,2.193890618,-9821.61006,19667.22012,19749.01524
0.068762073,0.924219633,0.900064577,0.979785631,0.263199952,0.204341018,-0.184120426,-2.388149677,1.149795382,0.499748787,0.469637071,2.338703041,-9821.80032,19667.60064,19749.39576
0.43650597,1.327639963,0.903887105,0.975072588,0.322683458,0.200133799,-0.042108524,-2.321752844,1.206778161,0.505119091,0.400048214,2.19595434,-9821.98901,19667.97802,19749.77314
0.436889245,1.087530969,0.902763559,0.968292257,0.327529171,0.176950837,0.19523357,-2.398489071,1.171352555,0.515643101,0.328322599,2.247057335,-9822.04558,19668.09116,19749.88628
0.265528081,0.892060068,0.800629625,0.980449361,0.197820917,0.060275629,0.086251288,-2.458266238,1.14864549,0.498758602,0.319181457,2.295847725,-9822.06948,19668.13896,19749.93408
0.246717991,1.099188505,0.912682995,0.973377694,0.208054003,0.2901407,0.043906923,-2.599070891,1.332161927,0.52727921,0.301433646,2.250345141,-9822.85647,19669.71294,19751.50806
0.27475982,1.228578189,0.8796614,0.980019353,0.167030871,0.059734969,0.085987985,-2.486991638,1.151403449,0.48953173,0.300563814,2.276667139,-9823.02692,19670.05384,19751.84896
0.220032513,1.051369875,0.795017025,0.971516442,0.162588111,0.062795677,0.175266472,-2.512988813,1.214613261,0.507642372,0.333544776,2.205423743,-9823.21372,19670.42744,19752.22256
0.265882427,1.225882256,0.897465296,0.96741705,0.158379502,0.065255949,0.074949714,-2.501227561,1.157416199,0.499940823,0.310712043,2.260664413,-9823.36323,19670.72646,19752.52158
0.306119712,1.317822503,0.885551205,0.968777633,0.190925463,0.14052743,0.073285579,-2.416342794,1.148054385,0.502023437,0.311359721,2.200038484,-9823.37688,19670.75376,19752.54888
-0.133478613,0.960753607,0.951239494,0.903579932,0.228025243,0.087964641,0.132758044,-2.403737221,1.211993014,0.467745994,0.339133273,2.292591134,-9823.41633,19670.83266,19752.62778
0.089627622,1.025722609,0.82705872,0.969113163,0.201147466,0.060303078,0.002115112,-2.452486032,1.159723746,0.488335925,0.428817961,2.332124259,-9823.58484,19671.16968,19752.9648
0.188244466,0.984325015,0.806514983,0.973236777,0.238091314,0.07593208,0.090584193,-2.48438563,1.159162078,0.498986792,0.293699963,2.253393431,-9824.17316,19672.34632,19754.14144
0.358080637,1.225781666,0.890014128,0.989875779,0.165542711,0.131146656,0.040420926,-2.539431895,1.193720113,0.513467069,0.325129462,2.202595795,-9824.22495,19672.4499,19754.24502
0.131419503,1.000607763,0.901120112,0.979479883,0.199878735,0.099988881,0.178032578,-2.513051095,1.150133205,0.499143481,0.628991488,2.199177215,-9824.73327,19673.46654,19755.26166
0.357676567,1.19203381,0.901007082,0.979151455,0.158698483,0.06747515,0.092022382,-2.470853268,1.150947526,0.498088556,0.308468048,2.271641075,-9824.87605,19673.7521,19755.54722
0.249916843,1.190008847,0.921790083,0.969757919,0.15369851,0.164784637,0.07874011,-2.494766123,1.168218607,0.49311375,0.297117964,2.235512688,-9824.90123,19673.80246,19755.59758
0.259264733,1.269479514,0.898820992,0.979800201,0.252215674,0.088608874,1.018329239,-2.432273981,1.302785983,0.498760375,0.331223212,2.19901097,-9825.28124,19674.56248,19756.3576
0.128301859,0.825917648,0.799831221,0.979249059,0.310382442,0.05857614,0.047960833,-2.525904709,1.223940395,0.500207964,0.300349512,2.234902339,-9826.19169,19676.38338,19758.1785
0.308216187,0.857250527,0.85180884,0.927759487,0.185465373,0.105171524,0.103198857,-2.56278991,1.178417958,0.584367935,0.309242668,2.247917454,-9826.33231,19676.66462,19758.45974
0.645171369,1.10351837,0.796457842,0.977832875,0.443028467,0.484398635,0.540363928,-1.946868413,1.186362374,0.495238015,0.433294777,2.255118759,-9826.42698,19676.85396,19758.64908
0.07711396,0.928092666,0.814305962,0.982334218,0.20747412,0.045642187,-0.077433558,-2.38405951,1.153116866,0.470039397,0.536540469,2.20131139,-9826.48997,19676.97994,19758.77506
0.255807985,1.358708158,0.897335549,0.987460201,0.241757497,0.166490631,0.173370277,-2.602170207,1.156607316,0.553867721,0.32254745,2.247670088,-9826.60909,19677.21818,19759.0133
0.352570793,1.08986011,0.895023439,0.972516683,0.267331421,0.137760969,0.083978801,-2.344125724,1.177886756,0.504673279,0.287355899,2.283259189,-9826.66992,19677.33984,19759.13496
0.188316492,1.095980788,0.900847809,0.975644544,0.161061955,0.061512727,0.297700729,-2.577178484,1.150779204,0.550197017,0.299443261,2.202913879,-9826.77741,19677.55482,19759.34994
0.265598145,1.012204558,0.909797033,0.975075464,0.259527761,0.06138313,0.038224858,-2.606961161,1.312339626,0.428141109,0.308554975,2.251963012,-9826.88476,19677.76952,19759.56464
0.358226178,1.261147911,0.899853621,0.979543159,0.199897843,0.112392629,-0.026027271,-2.440531409,1.150931494,0.499503433,0.467106768,2.354347271,-9827.16708,19678.33416,19760.12928
0.335214537,1.182477851,0.899688994,0.978903021,0.200575604,0.097059635,0.090040555,-2.499826475,1.14851541,0.501947294,0.302319571,2.273066278,-9828.14303,19680.28606,19762.08118
0.127241565,0.989005151,0.846045307,0.926764618,0.208705183,0.099129881,0.042845839,-2.502073091,1.15219049,0.513097288,0.341773953,2.213508852,-9828.64985,19681.2997,19763.09482
-0.138755552,1.364148276,0.899694091,0.979883591,0.215807183,0.061228105,0.252447729,-2.602305703,1.256394009,0.632887008,0.299135725,2.200758749,-9828.66265,19681.3253,19763.12042
0.254296113,1.04074617,0.806358799,0.974853922,0.158242394,0.067083134,0.084467638,-2.536647195,1.160831681,0.503847745,0.368748484,2.30994228,-9829.18944,19682.37888,19764.174
0.216180464,1.172934972,0.900034255,0.980046921,0.228440105,0.059995764,0.171855812,-2.560357867,1.149925973,0.500235513,0.299857571,2.269278085,-9829.54326,19683.08652,19764.88164
0.2596542,1.008510317,0.899142985,0.981160388,0.157206162,0.058671729,0.031138729,-2.487458148,1.159997236,0.500004694,0.356611828,2.199696308,-9829.97275,19683.9455,19765.74062
0.190048985,0.99991488,0.899898209,0.980048508,0.217307611,0.108585201,0.089104021,-2.476212062,1.150248676,0.499671416,0.300029872,2.271955906,-9830.20319,19684.40638,19766.2015
0.298498664,1.399273761,0.899926328,0.980032709,0.202190253,0.099982515,0.069409973,-2.499979019,1.200130874,0.500765969,0.300196081,2.200027914,-9830.25051,19684.50102,19766.29614
0.301138886,0.999833391,0.902805201,0.980680385,0.159644567,0.059755945,0.018127006,-2.475753047,1.200652571,0.529441006,0.299101674,2.200830886,-9830.26685,19684.5337,19766.32882
0.223784074,1.248807509,0.911520686,0.967280216,0.163820016,0.135237375,-0.01395488,-2.499368008,1.164166364,0.552050572,0.336664153,2.284048549,-9830.51056,19685.02112,19766.81624
0.254551272,1.245646878,0.89996371,0.969962366,0.180910995,0.059998848,0.01635477,-2.410155659,1.149979839,0.499975039,0.34787044,2.291210326,-9830.55637,19685.11274,19766.90786
0.09521426,1.23246083,0.900462517,0.964635107,0.237995476,0.120665947,-0.220772191,-2.58276312,1.369200321,0.581548411,0.298470924,2.219944589,-9830.77846,19685.55692,19767.35204
0.235221847,1.070322518,0.919056752,0.971536018,0.210888451,0.177013159,0.063478608,-2.459349803,1.156869886,0.567304797,0.315429684,2.219009159,-9830.90568,19685.81136,19767.60648
0.315213652,1.015297961,0.900001508,0.979966986,0.207370072,0.117230766,0.084231268,-2.489071796,1.149982404,0.499978214,0.299994972,2.274391328,-9830.96184,19685.92368,19767.7188
0.294725453,0.934422493,0.896337217,0.970542692,0.157656394,0.068054942,0.187710662,-2.616324037,1.257313283,0.505924057,0.308774875,2.208073463,-9831.06766,19686.13532,19767.93044
0.012944764,1.098016437,0.80004484,0.98000236,0.421541205,0.0999764,0.73966669,-1.897314375,1.313364125,0.616317753,0.533284191,2.1999764,-9831.1574,19686.3148,19768.10992
0.353537219,1.159673519,0.897500773,0.976381404,0.162157312,0.094493703,0.111142507,-2.489632659,1.148407009,0.581038706,0.298439893,2.19696784,-9831.20115,19686.4023,19768.19742
-0.25479664,1.746464306,0.904070086,0.980543879,0.346886834,0.210806001,0.659118712,-2.506634583,1.143066474,0.496401406,0.491949392,2.224410159,-9831.89216,19687.78432,19769.57944
0.239104514,1.248251473,0.908307493,0.983798363,0.172717607,0.08538209,0.139849013,-2.516717223,1.15526621,0.508025163,0.303458742,2.311367651,-9832.4433,19688.8866,19770.68172
0.151256115,0.984103253,0.800109482,0.979855889,0.159970392,0.059985691,0.082991511,-2.512694416,1.149646708,0.522290755,0.442188582,2.278378736,-9833.01315,19690.0263,19771.82142
0.394615962,1.297614471,0.900111536,0.979521887,0.161516844,0.185683133,-0.04886329,-2.524617804,1.201974332,0.585666376,0.300223391,2.257253365,-9833.36522,19690.73044,19772.52556
0.241549781,1.538140187,0.900001636,0.979964197,0.246907369,0.195679666,0.122814,-2.497037049,1.348243447,0.499976374,0.388615941,2.199998183,-9833.60961,19691.21922,19773.01434
0.277301925,0.66742861,0.899872781,0.980000673,0.15998923,0.059995961,0.32746168,-2.56911498,1.249043458,0.499912495,0.343835252,2.354497707,-9833.87052,19691.74104,19773.53616
0.191547522,1.108604171,0.900474162,0.979359695,0.159481977,0.059972481,0.004533321,-2.449181058,1.203525529,0.49976561,0.300475473,2.199066413,-9834.29718,19692.59436,19774.38948
0.312881089,1.12951875,0.816838426,0.96791374,0.161650025,0.191846297,0.003860838,-2.477555863,1.202571845,0.512688065,0.572126998,2.342327459,-9834.95427,19693.90854,19775.70366
0.384006679,1.473842961,0.906111333,0.959526551,0.120660721,0.265990518,-0.003741228,-2.53808112,1.144509527,0.856751466,0.444081154,2.174174478,-9835.78482,19695.56964,19777.36476
0.337303637,1.22224311,0.897985161,0.977858455,0.211081671,0.10322404,0.054164561,-2.499441523,1.148868368,0.517878569,0.315079599,2.226863092,-9835.90522,19695.81044,19777.60556
0.26326711,1.12026198,0.929311454,0.97333388,0.170134606,0.044861138,0.098483312,-2.617592107,1.153185954,0.492688406,0.422746026,2.222698454,-9836.02723,19696.05446,19777.84958
0.215160781,1.197482608,0.900001373,0.979973143,0.260286805,0.069079269,0.035259065,-2.437730294,1.149990074,0.525422067,0.330494012,2.252947038,-9836.12101,19696.24202,19778.03714
0.573406583,0.582059007,0.831586054,0.944733871,0.488759264,0.055829514,0.781288646,-2.448336134,1.454561029,0.522603276,0.294372023,2.201266563,-9836.39656,19696.79312,19778.58824
0.424360114,1.317619435,0.902331662,0.978809433,0.242968319,0.137664673,0.081869127,-2.34300565,1.14819705,0.499694484,0.3085073,2.201776036,-9836.55149,19697.10298,19778.8981
0.283874411,1.362479791,0.900302431,0.980540982,0.21198435,0.099523106,0.091612926,-2.495563176,1.149848431,0.500338819,0.300308396,2.27592425,-9836.80849,19697.61698,19779.4121
0.311275233,1.04042785,0.892778628,0.980981141,0.227392145,0.070869657,0.058571979,-2.489246704,1.160547025,0.507095722,0.290600374,2.240343315,-9837.03671,19698.07342,19779.86854
0.161871462,1.100426202,0.799950676,0.979945721,0.197564611,0.110032009,0.164758215,-2.547020705,1.177378368,0.501144825,0.36610388,2.381129244,-9837.18951,19698.37902,19780.17414
0.332016014,1.263465615,0.895976364,0.976718659,0.272708652,0.103830185,0.016316077,-2.426604662,1.202960473,0.526672818,0.298554366,2.201036242,-9837.44694,19698.89388,19780.689
0.250019906,1.16441116,0.89949229,0.969888595,0.166217546,0.148034945,0.028869233,-2.484564826,1.16009876,0.533046152,0.31556959,2.194210116,-9838.64716,19701.29432,19783.08944
0.33610643,1.22859133,0.900318324,0.978926461,0.22980418,0.069470872,0.053626968,-2.532439346,1.198782186,0.499562507,0.339710548,2.198390684,-9839.31202,19702.62404,19784.41916
0.315970186,1.343437363,0.908513865,0.97132954,0.263743511,0.323232446,0.1769009,-2.089374282,1.184390874,0.683762786,0.329090079,2.194807427,-9839.37101,19702.74202,19784.53714
0.058233638,1.067777955,0.88944238,0.974753507,0.194208401,0.067086151,0.10971329,-2.505138398,1.156099269,0.498413957,0.302001786,2.256156171,-9839.49108,19702.98216,19784.77728
0.100522295,0.806392485,0.811175285,0.982867842,0.15057891,0.376826515,0.174095151,-2.422181513,1.131410842,0.50360331,0.459369446,2.215669647,-9839.67928,19703.35856,19785.15368
0.252638584,1.151962493,0.899517405,0.978397258,0.199782855,0.100425186,0.011946507,-2.452174855,1.151461166,0.50014159,0.300943215,2.225225428,-9839.69533,19703.39066,19785.18578
0.463780437,1.38336348,0.899571458,0.98689633,0.185450613,0.130959489,0.051357658,-2.527464121,1.149830172,0.504221877,0.302519263,2.282159781,-9839.78021,19703.56042,19785.35554
0.425437901,1.227990222,0.89995125,0.979973317,0.194028493,0.112054734,-0.015400796,-2.420194688,1.155900168,0.499987742,0.300032372,2.266565453,-9840.00434,19704.00868,19785.8038
0.328254625,1.243358949,0.899802452,0.969780098,0.159917933,0.116624865,0.085330138,-2.456125302,1.150204837,0.500307037,0.300205342,2.30974241,-9841.31703,19706.63406,19788.42918
0.245443227,1.103595943,0.902155182,0.981110849,0.326656865,0.051877905,-0.079324448,-2.338329108,1.284056157,0.523441398,0.35412111,2.312266163,-9842.67155,19709.3431,19791.13822
0.218346056,0.966621715,0.799944876,0.979939332,0.177936076,0.059998152,-0.148310255,-2.514757097,1.306432302,0.499959966,0.299990761,2.232582492,-9843.01778,19710.03556,19791.83068
0.220587223,1.477907695,0.903195366,0.982998436,0.198354532,0.087349093,0.287326685,-2.253434661,1.191728084,0.754057204,0.30661655,2.213611869,-9843.19311,19710.38622,19792.18134
0.178759646,0.975969922,0.832556777,0.967628147,0.157327181,0.086876518,0.075545614,-2.529272492,1.14781653,0.492769471,0.318134209,2.244741621,-9843.9786,19711.9572,19793.75232
0.037403027,1.155700223,0.947848077,0.972155034,0.166847607,0.044614343,0.080849036,-2.572872539,1.197042775,0.488679831,0.340712107,2.29504274,-9844.8345,19713.669,19795.46412
0.271554148,1.156912102,0.900118817,0.979667417,0.182990489,0.059770603,0.022955983,-2.696367476,1.322364125,0.500053426,0.326578047,2.301611819,-9844.90662,19713.81324,19795.60836
0.343041541,1.107235615,0.89534089,0.964624798,0.207390485,0.133447334,0.161612966,-2.655221097,1.151340906,0.492936872,0.316622277,2.241535355,-9845.20268,19714.40536,19796.20048
0.535572478,0.978144472,0.88559212,0.971467703,0.26508886,0.054696978,0.329984341,-2.562375577,1.168433544,0.506033448,0.278180509,2.20581302,-9845.95861,19715.91722,19797.71234
0.217357703,1.431729665,0.907227109,0.950478888,0.188739341,0.302503114,0.176576368,-2.700871598,1.119313196,0.670703829,0.462676519,2.20877263,-9846.30986,19716.61972,19798.41484
0.226016046,1.093684312,0.80000757,0.979835662,0.354333757,0.207623218,0.104715318,-2.585122744,1.292249771,0.49987717,0.336785772,2.199617345,-9847.17099,19718.34198,19800.1371
0.223127824,1.04406651,0.901256579,0.980330984,0.243127387,0.081769155,0.002932915,-2.427623563,1.146843652,0.493240673,0.361508554,2.335153971,-9847.22613,19718.45226,19800.24738
0.429777357,1.217855128,0.897173362,0.984391699,0.173815986,0.045920358,0.019914675,-2.520174693,1.149225885,0.571554795,0.333196574,2.213981475,-9847.72539,19719.45078,19801.2459
0.397613217,1.150052522,0.899949283,0.979947136,0.159995706,0.084595777,0.080687674,-2.448437841,1.199562056,0.512008228,0.41607879,2.349620529,-9847.78262,19719.56524,19801.36036
0.031052513,0.800897045,0.902131924,0.97566299,0.257151478,0.053886729,0.112696809,-2.333910213,1.14082947,0.500754305,0.300221503,2.248649402,-9848.58562,19721.17124,19802.96636
0.469631922,1.186854657,0.899532368,0.979957961,0.200175593,0.145231531,-0.001229872,-2.469002289,1.149484382,0.500123424,0.300731709,2.25826234,-9850.33901,19724.67802,19806.47314
0.398206979,1.358301283,0.902063291,0.951927568,0.174715577,0.159097044,0.119870854,-2.645551909,1.180477489,0.534302604,0.303235428,2.271040019,-9850.74751,19725.49502,19807.29014
0.17891874,1.170034119,0.938567218,0.978511496,0.149418358,0.119814268,0.007546678,-2.481663038,1.187131455,0.506933288,0.26847108,2.249433169,-9851.14755,19726.2951,19808.09022
0.207020652,0.974357805,0.799952877,0.979998616,0.278530424,0.128693404,0.023989159,-2.615383748,1.18181499,0.509905256,0.300027422,2.304984479,-9851.2533,19726.5066,19808.30172
0.207020652,0.974357805,0.799952877,0.979998616,0.278530424,0.128693404,0.023989159,-2.615383748,1.18181499,0.509905256,0.300027422,2.304984479,-9851.2533,19726.5066,19808.30172
0.207020652,0.974357805,0.799952877,0.979998616,0.278530424,0.128693404,0.023989159,-2.615383748,1.18181499,0.509905256,0.300027422,2.304984479,-9851.2533,19726.5066,19808.30172
0.302208914,0.961075784,0.899833832,0.979826798,0.159985933,0.164791386,-0.228579851,-2.4422991,1.149907684,0.499885704,0.663163312,2.199991208,-9852.24441,19728.48882,19810.28394
0.218557426,0.934108351,0.900634218,0.978867384,0.160707965,0.060412645,0.006091987,-2.424144755,1.149524242,0.500346081,0.301112462,2.251590818,-9852.67428,19729.34856,19811.14368
0.324225792,1.16132417,0.896698103,0.966376023,0.184540507,0.062287053,0.051560241,-2.544321435,1.164761213,0.49426831,0.296212368,2.277824969,-9853.02156,19730.04312,19811.83824
0.306956857,1.168216313,0.906247887,0.963479524,0.151835184,0.114456192,0.016913647,-2.554412743,1.162847228,0.507318593,0.291471936,2.237138975,-9853.04879,19730.09758,19811.8927
0.061380707,1.20452237,0.957494375,0.984469211,0.174981872,0.074998427,0.307044019,-2.512329108,1.070708831,0.40421898,0.380446053,2.414657792,-9854.16503,19732.33006,19814.12518
0.422747353,1.236750816,0.909186854,0.972332909,0.291008387,0.062138562,0.046507112,-2.266093143,1.153665156,0.491280831,0.326356463,2.282733664,-9856.17537,19736.35074,19818.14586
0.077301844,1.012907313,0.800028415,0.979913525,0.230402201,0.060012901,0.108049475,-2.589362209,1.149974309,0.514842155,0.451190283,2.199959355,-9856.41967,19736.83934,19818.63446
0.077301844,1.012907313,0.800028415,0.979913525,0.230402201,0.060012901,0.108049475,-2.589362209,1.149974309,0.514842155,0.451190283,2.199959355,-9856.41967,19736.83934,19818.63446
0.331945818,1.24636964,0.898964545,0.968564854,0.218231219,0.060440848,0.118683364,-2.525782954,1.151057326,0.500447778,0.30093397,2.227213278,-9856.74442,19737.48884,19819.28396
0.086841424,1.104209596,0.907499176,0.972168873,0.189988675,0.079549823,0.070595768,-2.460947733,1.155388447,0.501356392,0.305971536,2.199790749,-9856.79423,19737.58846,19819.38358
0.284990104,0.952984285,0.901013403,0.979107053,0.166056013,0.059556757,-0.056762855,-2.415240736,1.149532055,0.504662386,0.300713466,2.231781121,-9857.67919,19739.35838,19821.1535
0.32631669,1.262485215,0.899973704,0.979972591,0.159997774,0.180166684,0.06017505,-2.573828004,1.149985391,0.527050286,0.299995826,2.231856317,-9858.00692,19740.01384,19821.80896
0.205071595,1.219782851,0.899575345,0.979617088,0.245071916,0.100702099,0.014125455,-2.429678947,1.15009435,0.500165353,0.30001245,2.235398954,-9858.78171,19741.56342,19823.35854
0.295552348,1.189834526,0.90279625,0.978429133,0.161804994,0.05936332,0.077562754,-2.504872351,1.15180475,0.499447551,0.299929957,2.201903967,-9858.85465,19741.7093,19823.50442
0.501804332,1.312043781,0.909470301,0.979808599,0.201814794,0.110569142,0.347073331,-2.767714196,1.162670903,0.481821708,0.286725689,2.26699604,-9858.97403,19741.94806,19823.74318
0.16989384,0.9600615,0.82062635,0.940594433,0.15476672,0.076174487,0.022512518,-2.533967834,1.186365968,0.503321227,0.339799396,2.212154527,-9859.24947,19742.49894,19824.29406
0.204939277,1.205277717,0.899644645,0.979591193,0.388356327,0.183235322,0.086739373,-2.404458485,1.238716846,0.500954908,0.361416766,2.317546514,-9859.82524,19743.65048,19825.4456
-0.002618224,1.0205436,0.89944175,0.979847264,0.199945184,0.100547053,0.285470791,-2.568417474,1.236874987,0.652908794,0.511266106,2.251582049,-9860.86182,19745.72364,19827.51876
0.31706642,1.177442427,0.89889593,0.980639832,0.174616461,0.065733531,0.076524416,-2.510224349,1.149808282,0.497107906,0.298731317,2.201838895,-9861.50826,19747.01652,19828.81164
0.224547403,1.054760745,0.801386134,0.981294431,0.163791422,0.061847807,0.024549314,-2.399507691,1.149655106,0.501666273,0.297012721,2.241397205,-9861.8941,19747.7882,19829.58332
0.359141739,1.294788937,0.900039002,0.970167772,0.211155218,0.059962449,-0.174285144,-2.510007872,1.353931049,0.524247755,0.299364535,2.20003656,-9862.59631,19749.19262,19830.98774
0.29988217,1.200725424,0.90008055,0.980039145,0.164426273,0.059946225,0.070543566,-2.500407523,1.149827108,0.499976911,0.299843263,2.200041974,-9862.67839,19749.35678,19831.1519
0.30144137,1.183421972,0.900082706,0.980193606,0.210746644,0.117502703,0.069875596,-2.5082694,1.149671326,0.51495151,0.30012229,2.20398021,-9863.37768,19750.75536,19832.55048
0.237445239,1.123994333,0.799197514,0.980177543,0.429749652,0.137663311,0.103176935,-2.390630143,1.222289826,0.498604658,0.336076327,2.349826402,-9864.12917,19752.25834,19834.05346
0.102025373,0.930704484,0.80591437,0.972271829,0.207710016,0.199898415,0.238156169,-2.511473659,1.143094455,0.493915726,0.30717519,2.195745244,-9864.36717,19752.73434,19834.52946
0.080467633,1.102590116,0.90176148,0.97321756,0.195737192,0.064140147,0.061222985,-2.499014959,1.152405275,0.499718459,0.304990457,2.219035562,-9864.40746,19752.81492,19834.61004
0.308009808,1.202457053,0.899343504,0.97934009,0.15983807,0.059594609,0.072309764,-2.505648191,1.149646166,0.49985623,0.300397093,2.20016979,-9864.43953,19752.87906,19834.67418
0.278681551,1.206990597,0.900433654,0.979541494,0.160257027,0.066573837,0.066774627,-2.511330562,1.154255121,0.50206034,0.29977776,2.199632823,-9864.44507,19752.89014,19834.68526
-0.150023485,0.851872697,0.902400674,0.978704403,0.213802729,0.102204491,-0.240643223,-2.396309908,1.350670005,0.497329196,0.353049985,2.19899145,-9865.1936,19754.3872,19836.18232
0.466758553,1.244505699,0.899912458,0.979908752,0.24476044,0.31160849,0.17609524,-2.426960336,1.211288258,0.499939786,0.299986104,2.199995368,-9865.68771,19755.37542,19837.17054
0.31546,1.217460878,0.90041246,0.970252462,0.160002965,0.060237287,0.028502668,-2.445916358,1.149815045,0.500014332,0.300213855,2.291877632,-9865.87891,19755.75782,19837.55294
0.24439594,1.416663518,0.93000158,0.970000527,0.159995787,0.05999842,0.068709719,-2.45678077,1.229159041,0.499965767,0.476789503,2.199997367,-9865.9911,19755.9822,19837.77732
0.442223387,0.970278779,0.900007043,0.979845839,0.219966023,0.165490803,-0.097176068,-2.670957244,1.149917833,0.560157757,0.451190003,2.199992175,-9866.41259,19756.82518,19838.6203
0.267517876,1.149603061,0.929743546,0.970930691,0.159667196,0.059792191,0.047882621,-2.477963747,1.150213373,0.499453267,0.300237805,2.262129178,-9867.55649,19759.11298,19840.9081
0.221619487,1.197697449,0.899190885,0.980328678,0.1635751,0.061080631,0.017360706,-2.479219834,1.15071288,0.520207787,0.300383647,2.200173154,-9867.58957,19759.17914,19840.97426
0.295005562,1.20308109,0.899443621,0.970196616,0.168004796,0.061337724,0.058015015,-2.498109628,1.150234934,0.504958435,0.30088941,2.200499836,-9868.38538,19760.77076,19842.56588
0.236838017,1.013126478,0.800249996,0.979805349,0.16009054,0.060464273,0.082105228,-2.462467054,1.156478596,0.500330403,0.299892251,2.301865756,-9869.2407,19762.4814,19844.27652
0.298247106,1.298544964,0.900007968,0.980000939,0.200348765,0.100048178,0.068999369,-2.501260469,1.149998587,0.500001421,0.300004282,2.200011573,-9870.34054,19764.68108,19846.4762
0.149592215,0.978495453,0.801265293,0.981326603,0.239175118,0.078701646,0.072007535,-2.519327891,1.148843324,0.524955768,0.304824787,2.211405085,-9870.37716,19764.75432,19846.54944
